sample_id,split,label,score_mean,score_t0.3,score_t0.5,score_t0.7,score_t0.9
PfJ2CudpCgE_000663_nonood,calib,normal,0.11785882711410522,0.2194773107767105,0.12049094587564468,0.07554566860198975,0.05592138320207596
PfJ2CudpCgE_000663_ood,ood,anomaly,0.17972387373447418,0.30760329961776733,0.18604032695293427,0.12595677375793457,0.09929507225751877
Eq7_uD2yN5Y_000377_nonood,calib,normal,0.40040433406829834,0.5798422694206238,0.4475178122520447,0.3318682909011841,0.2423890382051468
Eq7_uD2yN5Y_000377_ood,ood,anomaly,0.5097123384475708,0.5923803448677063,0.47961416840553284,0.40271687507629395,0.5641379952430725
sUbP4j8rAic_002733_nonood,calib,normal,0.3910459876060486,0.5530356764793396,0.4333506226539612,0.33613935112953186,0.2416583150625229
sUbP4j8rAic_002733_ood,ood,anomaly,0.2928028106689453,0.4485856294631958,0.31197062134742737,0.21660859882831573,0.19404636323451996
r6_ZhT7rmhM_000200_nonood,calib,normal,0.14700937271118164,0.2682880759239197,0.15521244704723358,0.09591203182935715,0.06862490624189377
r6_ZhT7rmhM_000200_ood,ood,anomaly,0.123347207903862,0.2251308262348175,0.1257573813199997,0.079532191157341,0.06296846270561218
HzVbo46kkBA_005648_nonood,calib,normal,0.2331499308347702,0.39687034487724304,0.23060369491577148,0.1553788185119629,0.1497468501329422
HzVbo46kkBA_005648_ood,ood,anomaly,0.4160531163215637,0.6172143220901489,0.46580785512924194,0.33720430731773376,0.24398602545261383
88LcRU7uEFE_000370_nonood,calib,normal,0.3076743483543396,0.37597227096557617,0.2853794991970062,0.24054935574531555,0.32879629731178284
88LcRU7uEFE_000370_ood,ood,anomaly,0.30530253052711487,0.42613282799720764,0.32094693183898926,0.23885822296142578,0.23527216911315918
9Q0FCoNxL8I_000927_nonood,calib,normal,0.057597726583480835,0.1186734288930893,0.057957105338573456,0.03298000991344452,0.020780373364686966
9Q0FCoNxL8I_000927_ood,ood,anomaly,0.04088946804404259,0.08202280849218369,0.04101959243416786,0.0246437881141901,0.0158716831356287
3tEZvtQZ18Q_005180_nonood,calib,normal,0.21329262852668762,0.37783682346343994,0.22743071615695953,0.1437557488679886,0.10414720326662064
3tEZvtQZ18Q_005180_ood,ood,anomaly,0.12365730106830597,0.24652740359306335,0.12685929238796234,0.07324133068323135,0.04800117388367653
3tEZvtQZ18Q_001364_nonood,calib,normal,0.24220022559165955,0.4008524715900421,0.26977887749671936,0.17688022553920746,0.12128933519124985
3tEZvtQZ18Q_001364_ood,ood,anomaly,0.329681396484375,0.45606184005737305,0.3348631262779236,0.2655600607395172,0.26224061846733093
pQdl0apLT70_002510_nonood,calib,normal,0.19345976412296295,0.33081093430519104,0.2028084546327591,0.13568724691867828,0.104532390832901
pQdl0apLT70_002510_ood,ood,anomaly,0.1869659572839737,0.30543047189712524,0.19065308570861816,0.13457852602005005,0.11720175296068192
Hkui6PJboFg_001217_nonood,calib,normal,0.2091326266527176,0.32433539628982544,0.21939478814601898,0.16328617930412292,0.12951414287090302
Hkui6PJboFg_001217_ood,ood,anomaly,0.14621815085411072,0.25166383385658264,0.15694448351860046,0.1040014997124672,0.07226277887821198
krPRThe7R4g_003203_nonood,heldout,normal,0.23677578568458557,0.3914147913455963,0.2580176293849945,0.17866499722003937,0.11900576204061508
krPRThe7R4g_003203_ood,ood,anomaly,0.19979049265384674,0.3054247200489044,0.19829627871513367,0.15890337526798248,0.1365375816822052
4wKjxDXnmYs_005030_nonood,calib,normal,0.2892562448978424,0.436389684677124,0.3261258900165558,0.23544052243232727,0.15906888246536255
4wKjxDXnmYs_005030_ood,ood,anomaly,0.31516802310943604,0.4689216613769531,0.35519078373908997,0.24882742762565613,0.18773217499256134
a_VxrUq9PmA_005252_nonood,calib,normal,0.05762973427772522,0.10889587551355362,0.06071365624666214,0.036864619702100754,0.02404477819800377
a_VxrUq9PmA_005252_ood,ood,anomaly,0.0728655532002449,0.13174712657928467,0.077241450548172,0.04980309680104256,0.03267054632306099
fWJbp43k644_005053_nonood,calib,normal,0.1919059455394745,0.34293004870414734,0.2006470412015915,0.13219565153121948,0.09185107797384262
fWJbp43k644_005053_ood,ood,anomaly,0.1894722580909729,0.3123261630535126,0.19522257149219513,0.1330939531326294,0.11724633723497391
fb5i7JlmJdg_004952_nonood,calib,normal,0.2132297307252884,0.35168057680130005,0.23427200317382812,0.16063615679740906,0.10633019357919693
fb5i7JlmJdg_004952_ood,ood,anomaly,0.36636966466903687,0.5031726956367493,0.3842690587043762,0.31405359506607056,0.2639833092689514
zRZ9PJguIfE_004095_nonood,calib,normal,0.13014034926891327,0.24398942291736603,0.13557708263397217,0.08583053201436996,0.05516437068581581
zRZ9PJguIfE_004095_ood,ood,anomaly,0.18757778406143188,0.3112751245498657,0.19221778213977814,0.1284841150045395,0.1183340921998024
gZbGLa253Ak_004311_nonood,calib,normal,0.19350820779800415,0.31990426778793335,0.19949936866760254,0.13723474740982056,0.11739444732666016
gZbGLa253Ak_004311_ood,ood,anomaly,0.35357552766799927,0.4862556457519531,0.38066035509109497,0.2989450693130493,0.24844108521938324
GLZENQ5lzGA_000148_nonood,calib,normal,0.17499588429927826,0.2822698652744293,0.18632182478904724,0.13704660534858704,0.09434523433446884
GLZENQ5lzGA_000148_ood,ood,anomaly,0.5590049028396606,0.5848560333251953,0.5329543352127075,0.5471744537353516,0.5710346102714539
88LcRU7uEFE_005516_nonood,calib,normal,0.34911859035491943,0.4796154797077179,0.3718792498111725,0.31648072600364685,0.2284989058971405
88LcRU7uEFE_005516_ood,ood,anomaly,0.2883323132991791,0.4099014699459076,0.2939094007015228,0.23647795617580414,0.21304041147232056
qzMjfBx1KI0_003899_nonood,heldout,normal,0.2321755588054657,0.35833168029785156,0.2494848519563675,0.18556605279445648,0.13531965017318726
qzMjfBx1KI0_003899_ood,ood,anomaly,0.303277850151062,0.41697806119918823,0.3371369540691376,0.2653408646583557,0.1936555653810501
LfKfK4I5RPE_001779_nonood,calib,normal,0.21662017703056335,0.36096319556236267,0.2424219399690628,0.15866872668266296,0.10442681610584259
LfKfK4I5RPE_001779_ood,ood,anomaly,0.20099467039108276,0.3379054069519043,0.2210465669631958,0.14167886972427368,0.10334784537553787
bFGmOp9H3MA_000686_nonood,calib,normal,0.21260911226272583,0.36232447624206543,0.22781440615653992,0.1539650708436966,0.1063324511051178
bFGmOp9H3MA_000686_ood,ood,anomaly,0.5397012829780579,0.5842485427856445,0.5087960362434387,0.4873742163181305,0.5783863663673401
7uTMZ5-aWKA_004187_nonood,calib,normal,0.2409028559923172,0.39151012897491455,0.263041228055954,0.17843681573867798,0.1306232362985611
7uTMZ5-aWKA_004187_ood,ood,anomaly,0.2871595025062561,0.43951067328453064,0.3160705864429474,0.21828049421310425,0.17477624118328094
Zpo0kwg1XEQ_001299_nonood,heldout,normal,0.2029445320367813,0.32539716362953186,0.21793146431446075,0.14567627012729645,0.12277320772409439
Zpo0kwg1XEQ_001299_ood,ood,anomaly,0.1846233308315277,0.3164929449558258,0.19214075803756714,0.12889130413532257,0.10096825659275055
6E2N9ld0eHg_001813_nonood,calib,normal,0.06893552094697952,0.1367068588733673,0.0704023614525795,0.04213373363018036,0.026499131694436073
6E2N9ld0eHg_001813_ood,ood,anomaly,0.2854849100112915,0.3548682630062103,0.2839767336845398,0.23740726709365845,0.2656874656677246
bI9JzQSrEGo_005086_nonood,calib,normal,0.32647255063056946,0.47068554162979126,0.3349226713180542,0.2603949308395386,0.239887073636055
bI9JzQSrEGo_005086_ood,ood,anomaly,0.23006370663642883,0.3476913273334503,0.2312442511320114,0.17489951848983765,0.16641977429389954
p-fBcE77G4c_004034_nonood,calib,normal,0.24934181571006775,0.3822753131389618,0.2518027722835541,0.16830600798130035,0.19498313963413239
p-fBcE77G4c_004034_ood,ood,anomaly,0.2736353576183319,0.3922403156757355,0.27212944626808167,0.21544453501701355,0.21472713351249695
Nc9SDBksPPA_004924_nonood,calib,normal,0.030519448220729828,0.06268742680549622,0.02949942834675312,0.018061259761452675,0.011829683557152748
Nc9SDBksPPA_004924_ood,ood,anomaly,0.20926719903945923,0.297627329826355,0.19522911310195923,0.16532646119594574,0.17888592183589935
3tEZvtQZ18Q_001687_nonood,calib,normal,0.08510094881057739,0.1631719022989273,0.0874914899468422,0.054505039006471634,0.03523536026477814
3tEZvtQZ18Q_001687_ood,ood,anomaly,0.1470189243555069,0.26803353428840637,0.15275444090366364,0.10016053169965744,0.06712716072797775
3sGShQb_HwU_000905_nonood,heldout,normal,0.18636181950569153,0.29671773314476013,0.19137367606163025,0.14345569908618927,0.11390014737844467
3sGShQb_HwU_000905_ood,ood,anomaly,0.07223518192768097,0.1299000084400177,0.06998268514871597,0.047543950378894806,0.04151410236954689
Nc9SDBksPPA_000531_nonood,calib,normal,0.1292949765920639,0.23569035530090332,0.1341453194618225,0.08541988581418991,0.06192436441779137
Nc9SDBksPPA_000531_ood,ood,anomaly,0.09604153782129288,0.15215542912483215,0.09570957720279694,0.077127605676651,0.05917353928089142
kN-2mc561GY_003223_nonood,calib,normal,0.1280432641506195,0.22222791612148285,0.13181042671203613,0.08850996941328049,0.06962470710277557
kN-2mc561GY_003223_ood,ood,anomaly,0.2399730384349823,0.3520449101924896,0.22480838000774384,0.1726280003786087,0.21041087806224823
P5MjgFmqouA_001596_nonood,heldout,normal,0.27307236194610596,0.4367692470550537,0.29577305912971497,0.2067529410123825,0.15299415588378906
P5MjgFmqouA_001596_ood,ood,anomaly,0.2779462933540344,0.43905317783355713,0.29824844002723694,0.20538480579853058,0.16909882426261902
fb5i7JlmJdg_005653_nonood,calib,normal,0.21991437673568726,0.3413757085800171,0.23112313449382782,0.1749294102191925,0.13222922384738922
fb5i7JlmJdg_005653_ood,ood,anomaly,0.1793283373117447,0.3110446035861969,0.1872853934764862,0.12716205418109894,0.09182129800319672
2SAby_5t94M_000905_nonood,heldout,normal,0.1281101405620575,0.23008309304714203,0.13195493817329407,0.08867263048887253,0.06172989681363106
2SAby_5t94M_000905_ood,ood,anomaly,0.2507841885089874,0.3773351311683655,0.2607317268848419,0.20335084199905396,0.16171903908252716
JV0D-YkWHD8_004477_nonood,calib,normal,0.21301542222499847,0.3402087986469269,0.2299073487520218,0.15911799669265747,0.12282752990722656
JV0D-YkWHD8_004477_ood,ood,anomaly,0.33318471908569336,0.5032216310501099,0.37047895789146423,0.2623703181743622,0.19666790962219238
Hx8FMhmdOQU_004650_nonood,calib,normal,0.15090948343276978,0.290102481842041,0.1574544608592987,0.09519582241773605,0.060885149985551834
Hx8FMhmdOQU_004650_ood,ood,anomaly,0.31152111291885376,0.4337102174758911,0.31832996010780334,0.2674061059951782,0.22663821280002594
oZaUkhs_H-s_005205_nonood,calib,normal,0.4209290146827698,0.5749846696853638,0.46167653799057007,0.3573007881641388,0.28975412249565125
oZaUkhs_H-s_005205_ood,ood,anomaly,0.5435208082199097,0.6599767804145813,0.5626216530799866,0.4662347435951233,0.48524993658065796
Hx8FMhmdOQU_001889_nonood,heldout,normal,0.21847571432590485,0.36491018533706665,0.2367001324892044,0.15448369085788727,0.11780884861946106
Hx8FMhmdOQU_001889_ood,ood,anomaly,0.35397639870643616,0.47518837451934814,0.371185839176178,0.2997439205646515,0.269787460565567
4wKjxDXnmYs_001491_nonood,calib,normal,0.1628059446811676,0.2767598330974579,0.17131617665290833,0.1191856861114502,0.08396212011575699
4wKjxDXnmYs_001491_ood,ood,anomaly,0.1104031354188919,0.20753887295722961,0.11279296875,0.07223725318908691,0.049043457955121994
kN-2mc561GY_003565_nonood,heldout,normal,0.2073109745979309,0.36524060368537903,0.2201078236103058,0.14516514539718628,0.09873034060001373
kN-2mc561GY_003565_ood,ood,anomaly,0.16289758682250977,0.2965404689311981,0.17014189064502716,0.10636374354362488,0.0785442441701889
Izf9l3VWQuo_000191_nonood,calib,normal,0.19739152491092682,0.34638479351997375,0.2142503261566162,0.13724462687969208,0.09168638288974762
Izf9l3VWQuo_000191_ood,ood,anomaly,0.18787607550621033,0.3193223774433136,0.1937553435564041,0.12522907555103302,0.11319747567176819
r6_ZhT7rmhM_004807_nonood,calib,normal,0.07043551653623581,0.13209128379821777,0.07227613031864166,0.045903611928224564,0.031471047550439835
r6_ZhT7rmhM_004807_ood,ood,anomaly,0.10681875795125961,0.1658996194601059,0.10912887752056122,0.08647734671831131,0.06576918065547943
D_pyFV4nKd4_000776_nonood,heldout,normal,0.191670760512352,0.33970847725868225,0.19692887365818024,0.12613265216350555,0.10391300916671753
D_pyFV4nKd4_000776_ood,ood,anomaly,0.033085741102695465,0.06581415235996246,0.03263283520936966,0.019291387870907784,0.014604581519961357
88LcRU7uEFE_000732_nonood,calib,normal,0.22266113758087158,0.35851606726646423,0.24554474651813507,0.16993451118469238,0.11664924770593643
88LcRU7uEFE_000732_ood,ood,anomaly,0.1515863984823227,0.2804083228111267,0.14902205765247345,0.0996478945016861,0.07726732641458511
FqJ4IfRLKmA_001431_nonood,calib,normal,0.2733648717403412,0.44409528374671936,0.30127009749412537,0.19842812418937683,0.149665966629982
FqJ4IfRLKmA_001431_ood,ood,anomaly,0.3086562752723694,0.452367901802063,0.3084217607975006,0.24274903535842896,0.23108649253845215
T89zSiaMNgM_003762_nonood,heldout,normal,0.26781123876571655,0.42457619309425354,0.28656983375549316,0.19741535186767578,0.16268353164196014
T89zSiaMNgM_003762_ood,ood,anomaly,0.45353198051452637,0.5090838074684143,0.4268966615200043,0.4226435124874115,0.45550400018692017
a_VxrUq9PmA_004850_nonood,heldout,normal,0.20761775970458984,0.33162784576416016,0.22101208567619324,0.15583427250385284,0.12199681252241135
a_VxrUq9PmA_004850_ood,ood,anomaly,0.222680002450943,0.345975399017334,0.21968689560890198,0.15548177063465118,0.1695759892463684
sUbP4j8rAic_002839_nonood,calib,normal,0.22614559531211853,0.3715914785861969,0.23631075024604797,0.17091329395771027,0.1257668286561966
sUbP4j8rAic_002839_ood,ood,anomaly,0.20619699358940125,0.36319684982299805,0.2174023985862732,0.1444203108549118,0.09976843744516373
4wKjxDXnmYs_003798_nonood,calib,normal,0.22563107311725616,0.33778491616249084,0.23776693642139435,0.1796712428331375,0.14730116724967957
4wKjxDXnmYs_003798_ood,ood,anomaly,0.7325985431671143,0.7117297053337097,0.7061319351196289,0.7845032215118408,0.7280293703079224
9Q0FCoNxL8I_003545_nonood,calib,normal,0.04795052483677864,0.09776408225297928,0.04950087144970894,0.027378108352422714,0.017159031704068184
9Q0FCoNxL8I_003545_ood,ood,anomaly,0.04413214325904846,0.0907115712761879,0.04399101063609123,0.025625338777899742,0.016200657933950424
JkYzYrJpSoQ_004658_nonood,calib,normal,0.25801777839660645,0.4128594994544983,0.27992624044418335,0.1906231790781021,0.14866216480731964
JkYzYrJpSoQ_004658_ood,ood,anomaly,0.3645913004875183,0.5072768926620483,0.38656410574913025,0.3064005374908447,0.2581236660480499
1u69z-wsDIc_004094_nonood,heldout,normal,0.12356558442115784,0.21925541758537292,0.11706552654504776,0.07966934144496918,0.07827205210924149
1u69z-wsDIc_004094_ood,ood,anomaly,0.14385242760181427,0.2446957677602768,0.14832738041877747,0.10325438529253006,0.07913218438625336
HzVbo46kkBA_001118_nonood,heldout,normal,0.022217070683836937,0.04305082559585571,0.02366318553686142,0.0133304912596941,0.008823780342936516
HzVbo46kkBA_001118_ood,ood,anomaly,0.08315862715244293,0.1443740725517273,0.08005181699991226,0.05742963030934334,0.05077899992465973
IOvkPjLsybM_000609_nonood,calib,normal,0.17841389775276184,0.2902199327945709,0.19220831990242004,0.13509736955165863,0.09612999111413956
IOvkPjLsybM_000609_ood,ood,anomaly,0.2344701588153839,0.322602242231369,0.21706350147724152,0.17202337086200714,0.2261914759874344
TlBhM9Xbr2o_003366_nonood,calib,normal,0.26854103803634644,0.4175903797149658,0.2917853891849518,0.20249974727630615,0.1622886210680008
TlBhM9Xbr2o_003366_ood,ood,anomaly,0.12525701522827148,0.23129500448703766,0.12948182225227356,0.08165502548217773,0.05859621241688728
O9uvBFovKj8_004388_nonood,heldout,normal,0.3534499704837799,0.5110926032066345,0.37761661410331726,0.27711787819862366,0.24797280132770538
O9uvBFovKj8_004388_ood,ood,anomaly,0.5233992338180542,0.6068974733352661,0.5266550183296204,0.4896148145198822,0.4704294204711914
HzVbo46kkBA_000187_nonood,calib,normal,0.240775465965271,0.393142968416214,0.2557440400123596,0.172532320022583,0.14168253540992737
HzVbo46kkBA_000187_ood,ood,anomaly,0.5500999093055725,0.6157619953155518,0.5899550318717957,0.5406946539878845,0.45398786664009094
nHvTqyRntbY_005672_nonood,calib,normal,0.18386998772621155,0.3156905472278595,0.18766888976097107,0.12307912856340408,0.10904140770435333
nHvTqyRntbY_005672_ood,ood,anomaly,0.17547646164894104,0.3014230728149414,0.17873165011405945,0.12037346512079239,0.10137763619422913
eN6y6-4C1Rc_005400_nonood,calib,normal,0.24655157327651978,0.41181549429893494,0.2710512578487396,0.18029512465000153,0.12304440885782242
eN6y6-4C1Rc_005400_ood,ood,anomaly,0.24098816514015198,0.34697461128234863,0.24875886738300323,0.20516708493232727,0.16305208206176758
OWtbKblBOKI_000061_nonood,heldout,normal,0.3251219689846039,0.4699908494949341,0.35854965448379517,0.277080237865448,0.1948671042919159
OWtbKblBOKI_000061_ood,ood,anomaly,0.2808053493499756,0.44734373688697815,0.29888105392456055,0.2107485830783844,0.16624803841114044
Sihe6aeyLHg_000602_nonood,calib,normal,0.07150492072105408,0.133252814412117,0.07192406803369522,0.048423804342746735,0.032419007271528244
Sihe6aeyLHg_000602_ood,ood,anomaly,0.6022413372993469,0.5406435132026672,0.4985679090023041,0.5078656077384949,0.8618883490562439
O9uvBFovKj8_000211_nonood,calib,normal,0.24132278561592102,0.39103174209594727,0.2579202651977539,0.18072541058063507,0.13561375439167023
O9uvBFovKj8_000211_ood,ood,anomaly,0.09392456710338593,0.14903052151203156,0.09207931160926819,0.07589135318994522,0.05869709327816963
Sihe6aeyLHg_004041_nonood,calib,normal,0.19533368945121765,0.319654256105423,0.206990584731102,0.1455812007188797,0.10910874605178833
Sihe6aeyLHg_004041_ood,ood,anomaly,0.14288675785064697,0.2603043019771576,0.1528370976448059,0.0948680192232132,0.06353759765625
4wKjxDXnmYs_004457_nonood,calib,normal,0.31137993931770325,0.4526194632053375,0.34743374586105347,0.2619066834449768,0.1835598200559616
4wKjxDXnmYs_004457_ood,ood,anomaly,0.30353450775146484,0.4192636013031006,0.3176441788673401,0.26284128427505493,0.21438904106616974
xpOyD-qrQUw_001664_nonood,calib,normal,0.04531572386622429,0.09317705035209656,0.04400787129998207,0.026919009163975716,0.01715897023677826
xpOyD-qrQUw_001664_ood,ood,anomaly,0.023941703140735626,0.0424799807369709,0.021860923618078232,0.0178100373595953,0.013615868985652924
ecRog9N1Qf0_004091_nonood,calib,normal,0.21428735554218292,0.3337917923927307,0.2209077626466751,0.15662755072116852,0.14582234621047974
ecRog9N1Qf0_004091_ood,ood,anomaly,0.25341668725013733,0.3759283125400543,0.257765531539917,0.19541969895362854,0.18455322086811066
GdyJqgxlSxs_001912_nonood,calib,normal,0.18472184240818024,0.31422969698905945,0.1971690058708191,0.1322922259569168,0.09519647061824799
GdyJqgxlSxs_001912_ood,ood,anomaly,0.3044901192188263,0.42437654733657837,0.30073782801628113,0.22876770794391632,0.26407840847969055
D_pyFV4nKd4_000666_nonood,calib,normal,0.024790840223431587,0.055778611451387405,0.023032154887914658,0.012615340761840343,0.007737255655229092
D_pyFV4nKd4_000666_ood,ood,anomaly,0.16696415841579437,0.2923792600631714,0.1726958304643631,0.11485380679368973,0.08792776614427567
IQwS7BEjUxM_003203_nonood,calib,normal,0.20468464493751526,0.3350198268890381,0.2166876345872879,0.14564922451972961,0.12138187885284424
IQwS7BEjUxM_003203_ood,ood,anomaly,0.5639323592185974,0.6693077087402344,0.5883067846298218,0.5159137845039368,0.4822012186050415
Nc9SDBksPPA_000171_nonood,heldout,normal,0.25617843866348267,0.4203154742717743,0.2813180685043335,0.1914440244436264,0.13163623213768005
Nc9SDBksPPA_000171_ood,ood,anomaly,0.07943007349967957,0.14775557816028595,0.08229299634695053,0.05237459018826485,0.035297129303216934
W6YrlYyWguc_002233_nonood,calib,normal,0.2209811508655548,0.38111361861228943,0.2432592213153839,0.15616747736930847,0.10338428616523743
W6YrlYyWguc_002233_ood,ood,anomaly,0.19177256524562836,0.329988032579422,0.20679552853107452,0.13467475771903992,0.09563193470239639
jFFhYwgepmY_000251_nonood,calib,normal,0.21986685693264008,0.3620440661907196,0.239726260304451,0.1643131971359253,0.11338390409946442
jFFhYwgepmY_000251_ood,ood,anomaly,0.3590738773345947,0.4683581590652466,0.3351907730102539,0.302372545003891,0.33037397265434265
ieP36TLihGM_001859_nonood,heldout,normal,0.2691347897052765,0.40386655926704407,0.2923557758331299,0.21826224029064178,0.1620546281337738
ieP36TLihGM_001859_ood,ood,anomaly,0.2985871732234955,0.4284170866012573,0.31110990047454834,0.2439272105693817,0.21089449524879456
OWtbKblBOKI_004218_nonood,calib,normal,0.21752972900867462,0.34590432047843933,0.2292414754629135,0.17039987444877625,0.12457326799631119
OWtbKblBOKI_004218_ood,ood,anomaly,0.2733525335788727,0.394772469997406,0.2547980844974518,0.19812266528606415,0.2457168847322464
IOoVklIZLMw_000945_nonood,heldout,normal,0.3610761761665344,0.5282062292098999,0.3899630308151245,0.2803747355937958,0.2457607537508011
IOoVklIZLMw_000945_ood,ood,anomaly,0.36557626724243164,0.5069767832756042,0.37350040674209595,0.2841632664203644,0.297664612531662
uO2zGO5ydBc_000773_nonood,calib,normal,0.264678955078125,0.4363696873188019,0.28677600622177124,0.19700339436531067,0.13856662809848785
uO2zGO5ydBc_000773_ood,ood,anomaly,0.2953988015651703,0.4272502362728119,0.28664934635162354,0.2235620766878128,0.24413353204727173
0RJPQ_97dcs_002604_nonood,calib,normal,0.1171036884188652,0.22509697079658508,0.12075868993997574,0.07418380677700043,0.04837530106306076
0RJPQ_97dcs_002604_ood,ood,anomaly,0.12587577104568481,0.23173607885837555,0.13283278048038483,0.08204637467861176,0.05688782408833504
h55PiQMnlJY_002426_nonood,calib,normal,0.06039576232433319,0.11905498057603836,0.06162344664335251,0.037004757672548294,0.02389986254274845
h55PiQMnlJY_002426_ood,ood,anomaly,0.08995269984006882,0.17085716128349304,0.09191519767045975,0.053961362689733505,0.04307708144187927
ruiSuGHJf6Q_002761_nonood,calib,normal,0.18098631501197815,0.285368412733078,0.1935054063796997,0.14007462561130524,0.10499678552150726
ruiSuGHJf6Q_002761_ood,ood,anomaly,0.21925942599773407,0.3246913552284241,0.22872427105903625,0.18158265948295593,0.14203937351703644
t4Cvbdtebk0_000075_nonood,heldout,normal,0.2993055582046509,0.457550048828125,0.32113733887672424,0.24192142486572266,0.17661349475383759
t4Cvbdtebk0_000075_ood,ood,anomaly,0.5313938856124878,0.6376766562461853,0.5788996815681458,0.5161869525909424,0.3928123116493225
Izf9l3VWQuo_001889_nonood,heldout,normal,0.16610340774059296,0.27267321944236755,0.16417677700519562,0.11115573346614838,0.11640790104866028
Izf9l3VWQuo_001889_ood,ood,anomaly,0.17806792259216309,0.3208156228065491,0.18971286714076996,0.12099932134151459,0.08074384182691574
Hx8FMhmdOQU_000173_nonood,calib,normal,0.1955678015947342,0.3155217170715332,0.21253255009651184,0.14739948511123657,0.10681748390197754
Hx8FMhmdOQU_000173_ood,ood,anomaly,0.1843411922454834,0.2919028699398041,0.19471772015094757,0.14185097813606262,0.10889319330453873
bFGmOp9H3MA_005500_nonood,calib,normal,0.17642733454704285,0.3165179491043091,0.18183670938014984,0.1161075308918953,0.09124711900949478
bFGmOp9H3MA_005500_ood,ood,anomaly,0.166851207613945,0.2855615019798279,0.16764160990715027,0.11550218611955643,0.09869954735040665
Tsl84N96WM8_002572_nonood,heldout,normal,0.2326461672782898,0.3841148018836975,0.2498801052570343,0.17529179155826569,0.12129797041416168
Tsl84N96WM8_002572_ood,ood,anomaly,0.19849568605422974,0.3296701908111572,0.2043553739786148,0.1470593363046646,0.11289787292480469
DyzL2sahobA_004994_nonood,heldout,normal,0.287121444940567,0.4433123767375946,0.31686869263648987,0.22844712436199188,0.1598576158285141
DyzL2sahobA_004994_ood,ood,anomaly,0.5067354440689087,0.5767717957496643,0.5090208053588867,0.4552091956138611,0.4859398901462555
5vKPYV5w6pw_003644_nonood,calib,normal,0.05648800730705261,0.11334497481584549,0.056202784180641174,0.03453151136636734,0.021872757002711296
5vKPYV5w6pw_003644_ood,ood,anomaly,0.19699886441230774,0.28140515089035034,0.20430923998355865,0.16669632494449615,0.1355847418308258
xToi8YVZM8o_000690_nonood,calib,normal,0.0686827078461647,0.13509398698806763,0.06742504984140396,0.041851188987493515,0.030360622331500053
xToi8YVZM8o_000690_ood,ood,anomaly,0.06989181041717529,0.1236296221613884,0.07030516117811203,0.04794991761445999,0.03768254444003105
mrIFkGZbNjc_001556_nonood,calib,normal,0.2626347839832306,0.42596402764320374,0.28823259472846985,0.19527311623096466,0.1410694122314453
mrIFkGZbNjc_001556_ood,ood,anomaly,0.31766656041145325,0.4291114807128906,0.341092973947525,0.2718958854675293,0.22856590151786804
Sihe6aeyLHg_005096_nonood,calib,normal,0.20428797602653503,0.35172611474990845,0.21675975620746613,0.14135608077049255,0.10730995982885361
Sihe6aeyLHg_005096_ood,ood,anomaly,0.2192961424589157,0.3391072452068329,0.22399497032165527,0.1697917878627777,0.1442905217409134
lmykriTbncM_001467_nonood,calib,normal,0.20261108875274658,0.3228296637535095,0.21816889941692352,0.14995166659355164,0.11949414759874344
lmykriTbncM_001467_ood,ood,anomaly,0.12309771776199341,0.22592046856880188,0.12769417464733124,0.08359898626804352,0.055177267640829086
V3--0ubJkNE_005461_nonood,calib,normal,0.25620412826538086,0.4082905352115631,0.28020045161247253,0.19965334236621857,0.13667210936546326
V3--0ubJkNE_005461_ood,ood,anomaly,0.23347899317741394,0.3762480318546295,0.2306194007396698,0.15705573558807373,0.1699928194284439
0qfbmt4G8Rw_001417_nonood,calib,normal,0.1251358687877655,0.20741574466228485,0.12515190243721008,0.08608032763004303,0.08189552277326584
0qfbmt4G8Rw_001417_ood,ood,anomaly,0.24755559861660004,0.31656259298324585,0.23973356187343597,0.22844621539115906,0.20547999441623688
DSBGS6aRzgc_003585_nonood,heldout,normal,0.2791830897331238,0.4330718219280243,0.3034459352493286,0.218316912651062,0.16189758479595184
DSBGS6aRzgc_003585_ood,ood,anomaly,0.2588745951652527,0.40268373489379883,0.2754732370376587,0.1901664137840271,0.1671750247478485
gZbGLa253Ak_001801_nonood,calib,normal,0.2210325002670288,0.36572763323783875,0.23583544790744781,0.16652965545654297,0.11603722721338272
gZbGLa253Ak_001801_ood,ood,anomaly,0.3348744511604309,0.4968395233154297,0.35958078503608704,0.26333391666412354,0.21974356472492218
VxWJchENocA_000160_nonood,calib,normal,0.14671441912651062,0.2622559368610382,0.15473374724388123,0.10081242024898529,0.06905556470155716
VxWJchENocA_000160_ood,ood,anomaly,0.2892608046531677,0.3676728308200836,0.2655676305294037,0.23222680389881134,0.29157596826553345
FqJ4IfRLKmA_001771_nonood,calib,normal,0.15082994103431702,0.27686604857444763,0.15844793617725372,0.09778846800327301,0.07021727412939072
FqJ4IfRLKmA_001771_ood,ood,anomaly,0.1845499873161316,0.3021010458469391,0.18683645129203796,0.1370324343442917,0.11223001033067703
kN-2mc561GY_004496_nonood,calib,normal,0.009097754023969173,0.019660675898194313,0.008494165726006031,0.004807311575859785,0.003428861266002059
kN-2mc561GY_004496_ood,ood,anomaly,0.13710838556289673,0.22473573684692383,0.12428220361471176,0.08787175267934799,0.11154381185770035
hfwb3mZZ0fs_000243_nonood,calib,normal,0.34422385692596436,0.5099967122077942,0.3844830095767975,0.2772146463394165,0.20520108938217163
hfwb3mZZ0fs_000243_ood,ood,anomaly,0.2910412549972534,0.43879270553588867,0.29674938321113586,0.21810361742973328,0.21051931381225586
P5MjgFmqouA_004357_nonood,calib,normal,0.17986401915550232,0.2856041491031647,0.18719156086444855,0.14077799022197723,0.10588239133358002
P5MjgFmqouA_004357_ood,ood,anomaly,0.11005450040102005,0.1889801025390625,0.11400879919528961,0.07660748064517975,0.060621634125709534
Y4rb2_HaBdQ_004593_nonood,calib,normal,0.20458009839057922,0.3551448881626129,0.22055965662002563,0.14460216462612152,0.09801363199949265
Y4rb2_HaBdQ_004593_ood,ood,anomaly,0.26550570130348206,0.3835229277610779,0.24448533356189728,0.17423847317695618,0.2597760856151581
2TmFM9p1KF8_004066_nonood,calib,normal,0.1994139552116394,0.30796849727630615,0.1925644725561142,0.16251690685749054,0.13460594415664673
2TmFM9p1KF8_004066_ood,ood,anomaly,0.37299245595932007,0.48758363723754883,0.37897318601608276,0.31755533814430237,0.30785757303237915
T89zSiaMNgM_004415_nonood,calib,normal,0.23626908659934998,0.37642425298690796,0.24156615138053894,0.16888131201267242,0.15820464491844177
T89zSiaMNgM_004415_ood,ood,anomaly,0.06729841232299805,0.12114539742469788,0.06913676857948303,0.04800083860754967,0.030910631641745567
JV0D-YkWHD8_001531_nonood,heldout,normal,0.13852742314338684,0.2276647835969925,0.14217770099639893,0.10558420419692993,0.07868305593729019
JV0D-YkWHD8_001531_ood,ood,anomaly,0.22543790936470032,0.33239689469337463,0.19486509263515472,0.15821178257465363,0.21627791225910187
oZaUkhs_H-s_001806_nonood,calib,normal,0.24647164344787598,0.4174627661705017,0.2664394974708557,0.1801626980304718,0.12182158976793289
oZaUkhs_H-s_001806_ood,ood,anomaly,0.2596411108970642,0.41882768273353577,0.26283320784568787,0.18396364152431488,0.1729399412870407
lKMwX4nA64k_003105_nonood,calib,normal,0.14787861704826355,0.2725962996482849,0.15394726395606995,0.0961470752954483,0.06882381439208984
lKMwX4nA64k_003105_ood,ood,anomaly,0.268385648727417,0.41144636273384094,0.26533955335617065,0.19113431870937347,0.2056223452091217
ZIts2XH28SA_004522_nonood,calib,normal,0.4028252959251404,0.5291433334350586,0.4164879024028778,0.362833172082901,0.30283671617507935
ZIts2XH28SA_004522_ood,ood,anomaly,0.19885039329528809,0.2951050400733948,0.20868000388145447,0.16597731411457062,0.12563924491405487
nHvTqyRntbY_004602_nonood,calib,normal,0.04687202721834183,0.08149086683988571,0.051669299602508545,0.03200683370232582,0.022321108728647232
nHvTqyRntbY_004602_ood,ood,anomaly,0.04465928673744202,0.06671950966119766,0.04336145520210266,0.0363910086452961,0.03216516971588135
88LcRU7uEFE_002971_nonood,calib,normal,0.12078248709440231,0.22694288194179535,0.1156245619058609,0.0739448145031929,0.0666176825761795
88LcRU7uEFE_002971_ood,ood,anomaly,0.23158302903175354,0.36988767981529236,0.2332358956336975,0.16087396442890167,0.1623345911502838
UjkeNSr2dXQ_001217_nonood,calib,normal,0.2342519760131836,0.3751956522464752,0.25842005014419556,0.17935772240161896,0.12403448671102524
UjkeNSr2dXQ_001217_ood,ood,anomaly,0.3185794949531555,0.3610377311706543,0.23914748430252075,0.24456961452960968,0.4295631945133209
Z9K13eBUwJM_001167_nonood,calib,normal,0.12276631593704224,0.17635512351989746,0.1242990493774414,0.10210557281970978,0.0883055105805397
Z9K13eBUwJM_001167_ood,ood,anomaly,0.10881400853395462,0.16289091110229492,0.10926900058984756,0.08725849539041519,0.0758376270532608
Hd2IzHAfkCI_005013_nonood,calib,normal,0.29087117314338684,0.45903053879737854,0.31335824728012085,0.23454692959785461,0.15654896199703217
Hd2IzHAfkCI_005013_ood,ood,anomaly,0.13600587844848633,0.22726160287857056,0.1412012279033661,0.1047186553478241,0.07084200531244278
Rrcjy5t8b20_003743_nonood,calib,normal,0.23870283365249634,0.3725391924381256,0.24480077624320984,0.17579829692840576,0.16167306900024414
Rrcjy5t8b20_003743_ood,ood,anomaly,0.46087446808815,0.5252406001091003,0.4486435353755951,0.41623014211654663,0.4533836543560028
GDejMONyY4U_004751_nonood,calib,normal,0.2547948956489563,0.3826245367527008,0.28078359365463257,0.20564943552017212,0.1501220315694809
GDejMONyY4U_004751_ood,ood,anomaly,0.23790208995342255,0.3779872953891754,0.24902397394180298,0.18655657768249512,0.13804049789905548
fb5i7JlmJdg_000181_nonood,calib,normal,0.2793644368648529,0.45916953682899475,0.3130568563938141,0.20413054525852203,0.14110077917575836
fb5i7JlmJdg_000181_ood,ood,anomaly,0.2386271357536316,0.3864297866821289,0.23804037272930145,0.15913428366184235,0.17090407013893127
xjbbH74SwTg_000321_nonood,calib,normal,0.3250543773174286,0.4803394377231598,0.3548535704612732,0.26556435227394104,0.19946008920669556
xjbbH74SwTg_000321_ood,ood,anomaly,0.3321785032749176,0.47726038098335266,0.33991891145706177,0.2650126516819,0.24652200937271118
OWtbKblBOKI_003922_nonood,calib,normal,0.14490875601768494,0.2559535503387451,0.1523573249578476,0.09981729090213776,0.07150685787200928
OWtbKblBOKI_003922_ood,ood,anomaly,0.24219223856925964,0.3567647933959961,0.23216867446899414,0.188998281955719,0.19083717465400696
V3--0ubJkNE_005532_nonood,heldout,normal,0.2240189164876938,0.33837878704071045,0.2332151234149933,0.17652909457683563,0.14795269072055817
V3--0ubJkNE_005532_ood,ood,anomaly,0.18809816241264343,0.3188670575618744,0.19394725561141968,0.13746650516986847,0.1021118313074112
Pbw0A-RCjcw_001851_nonood,calib,normal,0.2719939351081848,0.43108633160591125,0.2934863865375519,0.2133185863494873,0.15008436143398285
Pbw0A-RCjcw_001851_ood,ood,anomaly,0.43026110529899597,0.5475861430168152,0.46468639373779297,0.3972223401069641,0.31154951453208923
p-fBcE77G4c_003392_nonood,calib,normal,0.22209009528160095,0.37292397022247314,0.23973089456558228,0.16408179700374603,0.11162369698286057
p-fBcE77G4c_003392_ood,ood,anomaly,0.2508622109889984,0.4035412073135376,0.2660426199436188,0.19275017082691193,0.14111484587192535
4K_6s1n6BpU_001530_nonood,calib,normal,0.3353350758552551,0.4756912589073181,0.3612504005432129,0.28863587975502014,0.21576274931430817
4K_6s1n6BpU_001530_ood,ood,anomaly,0.3779832720756531,0.39908531308174133,0.3665505051612854,0.36449575424194336,0.3818015158176422
QERvirE3S5s_003199_nonood,calib,normal,0.21626292169094086,0.35891541838645935,0.23128870129585266,0.15348336100578308,0.12136422097682953
QERvirE3S5s_003199_ood,ood,anomaly,0.192999005317688,0.32164478302001953,0.19602707028388977,0.13382302224636078,0.12050116062164307
xjbbH74SwTg_004146_nonood,heldout,normal,0.1458682268857956,0.25571656227111816,0.15044017136096954,0.09990664571523666,0.07740955799818039
xjbbH74SwTg_004146_ood,ood,anomaly,0.12501361966133118,0.21533648669719696,0.12553980946540833,0.08825361728668213,0.07092460989952087
HaC3LrJiTmQ_005454_nonood,calib,normal,0.27121615409851074,0.42461076378822327,0.3021392524242401,0.21046243607997894,0.14765208959579468
HaC3LrJiTmQ_005454_ood,ood,anomaly,0.3027772307395935,0.4642128348350525,0.3306228220462799,0.23999463021755219,0.17627854645252228
zRZ9PJguIfE_003564_nonood,calib,normal,0.1510775238275528,0.27014854550361633,0.1569712907075882,0.09877950698137283,0.07841072976589203
zRZ9PJguIfE_003564_ood,ood,anomaly,0.6974760890007019,0.7182254195213318,0.7007034420967102,0.7033863663673401,0.6675890684127808
vdLn-qswnRo_005373_nonood,heldout,normal,0.15062321722507477,0.2543826997280121,0.16338923573493958,0.11027834564447403,0.07444260269403458
vdLn-qswnRo_005373_ood,ood,anomaly,0.16728132963180542,0.285442590713501,0.17726574838161469,0.12085185945034027,0.08556513488292694
VxWJchENocA_002023_nonood,heldout,normal,0.19211271405220032,0.3200155198574066,0.20302630960941315,0.1416025012731552,0.10380648821592331
VxWJchENocA_002023_ood,ood,anomaly,0.2459491789340973,0.3567053973674774,0.23557300865650177,0.17908859252929688,0.2124297320842743
xpOyD-qrQUw_004160_nonood,calib,normal,0.2387906312942505,0.3678154945373535,0.2651677131652832,0.19071416556835175,0.1314651221036911
xpOyD-qrQUw_004160_ood,ood,anomaly,0.39601922035217285,0.5113881230354309,0.38115713000297546,0.30727970600128174,0.3842519521713257
vZSr9dhRxlE_000828_nonood,calib,normal,0.234828382730484,0.36301055550575256,0.23444202542304993,0.15946248173713684,0.1823984533548355
vZSr9dhRxlE_000828_ood,ood,anomaly,0.252628892660141,0.3991464674472809,0.26651641726493835,0.19191476702690125,0.15293793380260468
TNZv-NBcV5U_003414_nonood,calib,normal,0.23216986656188965,0.33301565051078796,0.2371474653482437,0.18745870888233185,0.17105761170387268
TNZv-NBcV5U_003414_ood,ood,anomaly,0.16408424079418182,0.24224859476089478,0.16124391555786133,0.1279151737689972,0.12492929399013519
t_bCDlNOhJc_004355_nonood,heldout,normal,0.1831289529800415,0.3077555298805237,0.19022615253925323,0.13457347452640533,0.09996069222688675
t_bCDlNOhJc_004355_ood,ood,anomaly,0.2676987648010254,0.3830508589744568,0.2709248661994934,0.2078322023153305,0.20898719131946564
fHUJcUaW2mE_001925_nonood,calib,normal,0.25106894969940186,0.4007702171802521,0.27031493186950684,0.1786985993385315,0.1544920951128006
fHUJcUaW2mE_001925_ood,ood,anomaly,0.2164701223373413,0.36805883049964905,0.23702436685562134,0.15580449998378754,0.10499279946088791
ujVRDgGVzlQ_005196_nonood,calib,normal,0.20756660401821136,0.3410147726535797,0.2193170040845871,0.1498618870973587,0.12007275223731995
ujVRDgGVzlQ_005196_ood,ood,anomaly,0.346846342086792,0.43159833550453186,0.3034878969192505,0.2604254186153412,0.39187368750572205
P5MjgFmqouA_004583_nonood,calib,normal,0.24574682116508484,0.419003963470459,0.269652783870697,0.17358121275901794,0.1207493394613266
P5MjgFmqouA_004583_ood,ood,anomaly,0.3151407241821289,0.47797054052352905,0.3480619490146637,0.2475750744342804,0.1869553178548813
FqJ4IfRLKmA_000441_nonood,calib,normal,0.17094194889068604,0.29007330536842346,0.18176111578941345,0.1229296550154686,0.08900368213653564
FqJ4IfRLKmA_000441_ood,ood,anomaly,0.30556565523147583,0.4615585505962372,0.2977217137813568,0.22525472939014435,0.2377275675535202
Z9K13eBUwJM_006062_nonood,calib,normal,0.18071508407592773,0.3168131411075592,0.19354724884033203,0.12579470872879028,0.08670523762702942
Z9K13eBUwJM_006062_ood,ood,anomaly,0.1744266003370285,0.3065989911556244,0.18559379875659943,0.12103894352912903,0.08447464555501938
QeuzUfHIWYU_000836_nonood,calib,normal,0.24914798140525818,0.4056908190250397,0.27205678820610046,0.18733353912830353,0.13151076436042786
QeuzUfHIWYU_000836_ood,ood,anomaly,0.3171742856502533,0.4412274956703186,0.31562232971191406,0.2558603286743164,0.2559869885444641
UjkeNSr2dXQ_000757_nonood,calib,normal,0.10087220370769501,0.1690625101327896,0.10712521523237228,0.07426945120096207,0.053031641989946365
UjkeNSr2dXQ_000757_ood,ood,anomaly,0.2750219702720642,0.3838602602481842,0.2900513708591461,0.23946338891983032,0.18671292066574097
kjVywUi1WK4_003175_nonood,heldout,normal,0.24949443340301514,0.3957725167274475,0.2685565948486328,0.19102902710437775,0.14261959493160248
kjVywUi1WK4_003175_ood,ood,anomaly,0.27598080039024353,0.43394404649734497,0.2909110486507416,0.20811772346496582,0.17095041275024414
CyeT8rEQOpQ_003695_nonood,calib,normal,0.22477363049983978,0.3706003427505493,0.24411851167678833,0.16805493831634521,0.11632074415683746
CyeT8rEQOpQ_003695_ood,ood,anomaly,0.2843163013458252,0.37636443972587585,0.24453987181186676,0.1960141360759735,0.3203466832637787
kEcbnTbgi4A_001700_nonood,heldout,normal,0.2391623705625534,0.3571440279483795,0.2551199197769165,0.19973386824131012,0.14465168118476868
kEcbnTbgi4A_001700_ood,ood,anomaly,0.47191426157951355,0.5701137781143188,0.4707154333591461,0.4162274897098541,0.4306004047393799
Eq7_uD2yN5Y_003719_nonood,heldout,normal,0.23786470293998718,0.40561050176620483,0.26237753033638,0.17183706164360046,0.11163368821144104
Eq7_uD2yN5Y_003719_ood,ood,anomaly,0.25515860319137573,0.38496553897857666,0.244471475481987,0.18093271553516388,0.21026471257209778
ujVRDgGVzlQ_004489_nonood,heldout,normal,0.22451630234718323,0.3528340458869934,0.23894943296909332,0.16783146560192108,0.1384502798318863
ujVRDgGVzlQ_004489_ood,ood,anomaly,0.3673226237297058,0.47969701886177063,0.40382227301597595,0.3297274112701416,0.25604385137557983
V3--0ubJkNE_003656_nonood,calib,normal,0.19445355236530304,0.32256752252578735,0.21476632356643677,0.14544494450092316,0.09503541141748428
V3--0ubJkNE_003656_ood,ood,anomaly,0.21907611191272736,0.3540751039981842,0.2298164963722229,0.15914499759674072,0.13326780498027802
zRZ9PJguIfE_005031_nonood,heldout,normal,0.3460034132003784,0.4982203543186188,0.37004777789115906,0.2810088098049164,0.23473671078681946
zRZ9PJguIfE_005031_ood,ood,anomaly,0.1818656027317047,0.3230031430721283,0.19304002821445465,0.1249937191605568,0.0864255279302597
nHvTqyRntbY_004787_nonood,calib,normal,0.16726574301719666,0.3046615421772003,0.17558452486991882,0.11196684837341309,0.0768500491976738
nHvTqyRntbY_004787_ood,ood,anomaly,0.32630491256713867,0.4396509528160095,0.3186824917793274,0.26588043570518494,0.28100571036338806
3u_CIo9IaWo_002793_nonood,calib,normal,0.23654389381408691,0.39312267303466797,0.257546067237854,0.1741897612810135,0.12131704390048981
3u_CIo9IaWo_002793_ood,ood,anomaly,0.10207942128181458,0.1787574291229248,0.10578334331512451,0.06814033538103104,0.055636558681726456
nvVk7L3GrJQ_003405_nonood,heldout,normal,0.15154433250427246,0.24573540687561035,0.16256996989250183,0.11488819122314453,0.08298378437757492
nvVk7L3GrJQ_003405_ood,ood,anomaly,0.16608616709709167,0.26373544335365295,0.18000279366970062,0.13145272433757782,0.0891536995768547
Z9K13eBUwJM_001587_nonood,calib,normal,0.16143810749053955,0.2791382968425751,0.1658918410539627,0.10964052379131317,0.09108173847198486
Z9K13eBUwJM_001587_ood,ood,anomaly,0.1975957602262497,0.3416469395160675,0.21483460068702698,0.14072628319263458,0.09317521005868912
0qfbmt4G8Rw_002376_nonood,calib,normal,0.28525257110595703,0.45203813910484314,0.3044082522392273,0.2078736573457718,0.1766902059316635
0qfbmt4G8Rw_002376_ood,ood,anomaly,0.3747658133506775,0.5171740651130676,0.38608404994010925,0.3110724687576294,0.28473272919654846
kld-iYpdjyo_001920_nonood,calib,normal,0.02100396901369095,0.04338774085044861,0.021062353625893593,0.011947005987167358,0.007618776056915522
kld-iYpdjyo_001920_ood,ood,anomaly,0.061593443155288696,0.12483928352594376,0.06243845447897911,0.03602437302470207,0.023071670904755592
X8VgGb1fJDU_003014_nonood,heldout,normal,0.2208583652973175,0.3495032489299774,0.24254624545574188,0.1690298318862915,0.1223541796207428
X8VgGb1fJDU_003014_ood,ood,anomaly,0.30775392055511475,0.4433194398880005,0.3103433847427368,0.24501176178455353,0.23234102129936218
W6YrlYyWguc_001536_nonood,calib,normal,0.27779972553253174,0.4329178035259247,0.28825804591178894,0.1929311752319336,0.19709184765815735
W6YrlYyWguc_001536_ood,ood,anomaly,0.27653926610946655,0.43346795439720154,0.2961166203022003,0.208882674574852,0.16768981516361237
DSBGS6aRzgc_001091_nonood,calib,normal,0.1859712451696396,0.3280278742313385,0.20141452550888062,0.13004449009895325,0.0843980461359024
DSBGS6aRzgc_001091_ood,ood,anomaly,0.18790172040462494,0.33270639181137085,0.19821064174175262,0.13294431567192078,0.08774552494287491
4wKjxDXnmYs_000547_nonood,calib,normal,0.33255884051322937,0.4556858241558075,0.3687955439090729,0.2904109060764313,0.21534307301044464
4wKjxDXnmYs_000547_ood,ood,anomaly,0.31152617931365967,0.43180301785469055,0.3201289772987366,0.2518382966518402,0.24233433604240417
nvVk7L3GrJQ_002738_nonood,calib,normal,0.2238359898328781,0.3636842370033264,0.2394893914461136,0.16860467195510864,0.1235656589269638
nvVk7L3GrJQ_002738_ood,ood,anomaly,0.22491464018821716,0.3656841814517975,0.23780298233032227,0.1735578179359436,0.1226135864853859
l1XbmdmGr0Q_003081_nonood,calib,normal,0.22496269643306732,0.3903999328613281,0.24106290936470032,0.15800338983535767,0.11038458347320557
l1XbmdmGr0Q_003081_ood,ood,anomaly,0.19935491681098938,0.3414517045021057,0.20628240704536438,0.1415378898382187,0.10814760625362396
K1r3m5OrmB4_005568_nonood,calib,normal,0.24105027318000793,0.3925010561943054,0.26412254571914673,0.1786118894815445,0.1289655864238739
K1r3m5OrmB4_005568_ood,ood,anomaly,0.08962614834308624,0.15885964035987854,0.07703394442796707,0.049209658056497574,0.07340136915445328
UKBuDqU8qTM_000895_nonood,calib,normal,0.05274941027164459,0.09875300526618958,0.054319821298122406,0.034041475504636765,0.02388332225382328
UKBuDqU8qTM_000895_ood,ood,anomaly,0.044929638504981995,0.075694739818573,0.04522023722529411,0.0325031653046608,0.02630040980875492
xpOyD-qrQUw_000890_nonood,calib,normal,0.18359492719173431,0.3056485950946808,0.19654221832752228,0.1369727998971939,0.09521608054637909
xpOyD-qrQUw_000890_ood,ood,anomaly,0.23788537085056305,0.368554025888443,0.25003188848495483,0.19314077496528625,0.13981474936008453
GJr8wKk8-YA_001654_nonood,calib,normal,0.21149936318397522,0.35608091950416565,0.2213887870311737,0.15559297800064087,0.11293474584817886
GJr8wKk8-YA_001654_ood,ood,anomaly,0.26178425550460815,0.39973556995391846,0.26762452721595764,0.19861134886741638,0.1811656504869461
RASKiMoxhOE_005361_nonood,calib,normal,0.2610199451446533,0.41906219720840454,0.2860519587993622,0.19538895785808563,0.14357662200927734
RASKiMoxhOE_005361_ood,ood,anomaly,0.22468508780002594,0.3635207712650299,0.23310180008411407,0.17047426104545593,0.13164348900318146
CyeT8rEQOpQ_002190_nonood,calib,normal,0.3609498143196106,0.4592520296573639,0.38670116662979126,0.3392546474933624,0.25859132409095764
CyeT8rEQOpQ_002190_ood,ood,anomaly,0.15866222977638245,0.16732485592365265,0.14608290791511536,0.15495674312114716,0.16628439724445343
r6_ZhT7rmhM_004423_nonood,calib,normal,0.1942451298236847,0.3508279025554657,0.20538918673992157,0.13404050469398499,0.0867229551076889
r6_ZhT7rmhM_004423_ood,ood,anomaly,0.18989959359169006,0.2994612753391266,0.18644165992736816,0.1381954848766327,0.1354999989271164
HaC3LrJiTmQ_000182_nonood,calib,normal,0.2072758972644806,0.35658231377601624,0.21333548426628113,0.14360111951828003,0.11558467894792557
HaC3LrJiTmQ_000182_ood,ood,anomaly,0.21398824453353882,0.34690061211586,0.22763782739639282,0.15801174938678741,0.12340272963047028
PEwiwzyTjX0_001067_nonood,heldout,normal,0.1984352320432663,0.33609285950660706,0.21118327975273132,0.13840050995349884,0.10806426405906677
PEwiwzyTjX0_001067_ood,ood,anomaly,0.27279460430145264,0.358004629611969,0.2790029048919678,0.23478296399116516,0.2193879336118698
eN6y6-4C1Rc_000387_nonood,heldout,normal,0.18220090866088867,0.3065246641635895,0.18689006567001343,0.1213989406824112,0.11399000138044357
eN6y6-4C1Rc_000387_ood,ood,anomaly,0.290323406457901,0.4080260694026947,0.3051207959651947,0.2379569709300995,0.2101898044347763
fsqORUrKLYg_000775_nonood,calib,normal,0.2869184911251068,0.4569794833660126,0.31403848528862,0.2172822505235672,0.15937377512454987
fsqORUrKLYg_000775_ood,ood,anomaly,0.3185884356498718,0.49798038601875305,0.34062719345092773,0.24005886912345886,0.19568729400634766
Izf9l3VWQuo_004877_nonood,calib,normal,0.2993152141571045,0.4731675386428833,0.3195923864841461,0.22826232016086578,0.17623864114284515
Izf9l3VWQuo_004877_ood,ood,anomaly,0.2844887375831604,0.43573877215385437,0.2792598307132721,0.19580170512199402,0.22715459764003754
JV0D-YkWHD8_000312_nonood,calib,normal,0.16111406683921814,0.2775317430496216,0.16807401180267334,0.11625555157661438,0.08259493857622147
JV0D-YkWHD8_000312_ood,ood,anomaly,0.356535404920578,0.44262489676475525,0.325634628534317,0.30838868021965027,0.3494933843612671
sUbP4j8rAic_000075_nonood,calib,normal,0.17157992720603943,0.28230413794517517,0.1719857007265091,0.12023034691810608,0.11179954558610916
sUbP4j8rAic_000075_ood,ood,anomaly,0.323026180267334,0.45795556902885437,0.3381791412830353,0.2687479257583618,0.2272220253944397
4wKjxDXnmYs_003732_nonood,calib,normal,0.14136119186878204,0.27216652035713196,0.14474840462207794,0.08875507116317749,0.0597747378051281
4wKjxDXnmYs_003732_ood,ood,anomaly,0.1276644468307495,0.22098909318447113,0.11076401174068451,0.07401939481496811,0.10488531738519669
uO2zGO5ydBc_001888_nonood,heldout,normal,0.22406446933746338,0.3780079185962677,0.24424929916858673,0.16418470442295074,0.10981594026088715
uO2zGO5ydBc_001888_ood,ood,anomaly,0.23953157663345337,0.37914469838142395,0.24846675992012024,0.18579435348510742,0.14472047984600067
bFGmOp9H3MA_003708_nonood,calib,normal,0.2716478705406189,0.400838702917099,0.2853250801563263,0.22148768603801727,0.1789400577545166
bFGmOp9H3MA_003708_ood,ood,anomaly,0.5700597763061523,0.7246474623680115,0.6337742805480957,0.5212942957878113,0.4005230963230133
Vtpe3HAIEm4_005374_nonood,calib,normal,0.1518036276102066,0.24986892938613892,0.16673047840595245,0.11280199140310287,0.07781314104795456
Vtpe3HAIEm4_005374_ood,ood,anomaly,0.12645019590854645,0.1939636468887329,0.1349346935749054,0.10165760666131973,0.07524482160806656
3u_CIo9IaWo_000332_nonood,heldout,normal,0.21795187890529633,0.37965747714042664,0.23516671359539032,0.15401892364025116,0.10296442359685898
3u_CIo9IaWo_000332_ood,ood,anomaly,0.2615467309951782,0.4059964120388031,0.2791033089160919,0.20325644314289093,0.15783077478408813
5vKPYV5w6pw_004134_nonood,calib,normal,0.09697850793600082,0.18236951529979706,0.09803961217403412,0.061328012496232986,0.046176884323358536
5vKPYV5w6pw_004134_ood,ood,anomaly,0.1907222419977188,0.30160003900527954,0.18659958243370056,0.1324651539325714,0.14222419261932373
8dI7OolIEXY_005194_nonood,calib,normal,0.07782979309558868,0.14735540747642517,0.07998155057430267,0.048398394137620926,0.03558380901813507
8dI7OolIEXY_005194_ood,ood,anomaly,0.6898013353347778,0.6121109127998352,0.5800405144691467,0.6553829908370972,0.9116711020469666
vZSr9dhRxlE_000763_nonood,heldout,normal,0.006269077770411968,0.013933529146015644,0.005851174704730511,0.0031566584948450327,0.002134947804734111
vZSr9dhRxlE_000763_ood,ood,anomaly,0.05384720116853714,0.08609146624803543,0.046818990260362625,0.03243698179721832,0.050041358917951584
f482qwPz7ns_000916_nonood,calib,normal,0.22070226073265076,0.29838526248931885,0.2411080002784729,0.19763873517513275,0.14567705988883972
f482qwPz7ns_000916_ood,ood,anomaly,0.3837921917438507,0.4618881046772003,0.383674681186676,0.33107396960258484,0.35853201150894165
Vtpe3HAIEm4_003760_nonood,calib,normal,0.33653688430786133,0.45406675338745117,0.37232235074043274,0.2940808832645416,0.22567762434482574
Vtpe3HAIEm4_003760_ood,ood,anomaly,0.45301318168640137,0.5482855439186096,0.479017049074173,0.42667654156684875,0.35807350277900696
W6YrlYyWguc_003546_nonood,heldout,normal,0.28472819924354553,0.4491507112979889,0.315437912940979,0.2181025743484497,0.15622162818908691
W6YrlYyWguc_003546_ood,ood,anomaly,0.5143750309944153,0.5313999652862549,0.42346519231796265,0.4009898602962494,0.7016451954841614
fdvMUP8qvzw_001014_nonood,calib,normal,0.393690288066864,0.5398484468460083,0.427575021982193,0.3434862494468689,0.263851523399353
fdvMUP8qvzw_001014_ood,ood,anomaly,0.2925408184528351,0.4197078347206116,0.29245519638061523,0.22248360514640808,0.23551662266254425
lKMwX4nA64k_003568_nonood,calib,normal,0.14467301964759827,0.25507083535194397,0.15226738154888153,0.09992263466119766,0.0714312419295311
lKMwX4nA64k_003568_ood,ood,anomaly,0.36153244972229004,0.45678573846817017,0.35297834873199463,0.3218926787376404,0.31447306275367737
RASKiMoxhOE_004202_nonood,calib,normal,0.24184323847293854,0.3725919723510742,0.24403174221515656,0.18689535558223724,0.16385388374328613
RASKiMoxhOE_004202_ood,ood,anomaly,0.22864951193332672,0.3568876385688782,0.23491212725639343,0.16006046533584595,0.1627378612756729
L334aqEJxys_005087_nonood,calib,normal,0.21131524443626404,0.35971054434776306,0.23010484874248505,0.15334205329418182,0.10210355371236801
L334aqEJxys_005087_ood,ood,anomaly,0.29056763648986816,0.44415515661239624,0.31793442368507385,0.23271094262599945,0.16746996343135834
UOjQsfDXjO0_003467_nonood,calib,normal,0.015369192697107792,0.03470782935619354,0.014206260442733765,0.00767364539206028,0.004889036063104868
UOjQsfDXjO0_003467_ood,ood,anomaly,0.03536161780357361,0.05995180830359459,0.03537125885486603,0.024068642407655716,0.022054757922887802
fdvMUP8qvzw_000361_nonood,calib,normal,0.19820138812065125,0.3294384777545929,0.21036297082901,0.14004267752170563,0.11296142637729645
fdvMUP8qvzw_000361_ood,ood,anomaly,0.4257207214832306,0.48937076330184937,0.4086625874042511,0.38743385672569275,0.4174156188964844
90gyBengKDs_001407_nonood,heldout,normal,0.17322476208209991,0.2931288778781891,0.18375559151172638,0.12150110304355621,0.09451345354318619
90gyBengKDs_001407_ood,ood,anomaly,0.17284440994262695,0.2905580699443817,0.18445362150669098,0.12178519368171692,0.0945807471871376
d2SCftR5sWc_004699_nonood,calib,normal,0.03561258316040039,0.06556117534637451,0.03691249340772629,0.023857874795794487,0.016118798404932022
d2SCftR5sWc_004699_ood,ood,anomaly,0.11118637770414352,0.20105715095996857,0.11309918016195297,0.07618362456560135,0.05440555885434151
QERvirE3S5s_002572_nonood,calib,normal,0.14928500354290009,0.2742992639541626,0.15656858682632446,0.09904340654611588,0.06722874194383621
QERvirE3S5s_002572_ood,ood,anomaly,0.26183632016181946,0.41015592217445374,0.26605963706970215,0.18924890458583832,0.18188081681728363
fWJbp43k644_001409_nonood,calib,normal,0.28570079803466797,0.39688318967819214,0.30106157064437866,0.24983040988445282,0.19502803683280945
fWJbp43k644_001409_ood,ood,anomaly,0.2539539337158203,0.35566869378089905,0.23850446939468384,0.19788925349712372,0.22375334799289703
4K_6s1n6BpU_005467_nonood,calib,normal,0.22045525908470154,0.3753671646118164,0.23616309463977814,0.15591448545455933,0.11437633633613586
4K_6s1n6BpU_005467_ood,ood,anomaly,0.23999087512493134,0.3811449408531189,0.2453945279121399,0.18089117109775543,0.15253287553787231
O9uvBFovKj8_000319_nonood,calib,normal,0.07580134272575378,0.14795194566249847,0.07516621053218842,0.0485035739839077,0.03158365562558174
O9uvBFovKj8_000319_ood,ood,anomaly,0.15431717038154602,0.22799904644489288,0.1541292667388916,0.12293767929077148,0.11220267415046692
Q7VBPeGwJWw_000157_nonood,calib,normal,0.19573000073432922,0.31773465871810913,0.212412491440773,0.14675651490688324,0.1060163751244545
Q7VBPeGwJWw_000157_ood,ood,anomaly,0.2864055931568146,0.41070735454559326,0.30036190152168274,0.24140480160713196,0.19314835965633392
DpQBo4gb6Lw_002562_nonood,calib,normal,0.18879227340221405,0.328762948513031,0.2048070728778839,0.13349315524101257,0.08810590207576752
DpQBo4gb6Lw_002562_ood,ood,anomaly,0.31924134492874146,0.4120805561542511,0.323527067899704,0.2878020405769348,0.2535557746887207
D_pyFV4nKd4_004283_nonood,calib,normal,0.3687915503978729,0.5308764576911926,0.4037291705608368,0.31013166904449463,0.23042890429496765
D_pyFV4nKd4_004283_ood,ood,anomaly,0.5403158664703369,0.6527751088142395,0.5439969897270203,0.5028964877128601,0.4615947902202606
PqbpIHZvjMA_000757_nonood,calib,normal,0.03924737125635147,0.08198454976081848,0.039118170738220215,0.02201751247048378,0.01386925857514143
PqbpIHZvjMA_000757_ood,ood,anomaly,0.05485700070858002,0.09703043848276138,0.05690546706318855,0.035951025784015656,0.029541058465838432
pOJpwWmEcFg_005037_nonood,calib,normal,0.3078559935092926,0.47816744446754456,0.3405282199382782,0.24241028726100922,0.17031805217266083
pOJpwWmEcFg_005037_ood,ood,anomaly,0.30520209670066833,0.462077260017395,0.3112168312072754,0.22414132952690125,0.22337296605110168
uO2zGO5ydBc_003652_nonood,calib,normal,0.21054261922836304,0.35681310296058655,0.2251962274312973,0.15353579819202423,0.10662537068128586
uO2zGO5ydBc_003652_ood,ood,anomaly,0.19842669367790222,0.33592918515205383,0.2090199589729309,0.14405260980129242,0.10470502823591232
vdLn-qswnRo_001333_nonood,calib,normal,0.1716296672821045,0.30532586574554443,0.18282276391983032,0.11854680627584457,0.07982323318719864
vdLn-qswnRo_001333_ood,ood,anomaly,0.21955199539661407,0.3306525647640228,0.2240593135356903,0.1760803908109665,0.14741569757461548
Hd2IzHAfkCI_001201_nonood,calib,normal,0.05663811042904854,0.10931959748268127,0.05664290860295296,0.037160515785217285,0.023429419845342636
Hd2IzHAfkCI_001201_ood,ood,anomaly,0.15916477143764496,0.2740568220615387,0.15343303978443146,0.10521199554204941,0.10395720601081848
nHvTqyRntbY_004313_nonood,calib,normal,0.27377623319625854,0.4063452184200287,0.2997266352176666,0.22305528819561005,0.1659778505563736
nHvTqyRntbY_004313_ood,ood,anomaly,0.2209194004535675,0.3469045162200928,0.22618791460990906,0.17477422952651978,0.13581089675426483
HaC3LrJiTmQ_006147_nonood,heldout,normal,0.009806753136217594,0.02128097414970398,0.009225468151271343,0.005276831332594156,0.0034437389113008976
HaC3LrJiTmQ_006147_ood,ood,anomaly,0.04966289550065994,0.08197477459907532,0.05022482946515083,0.03649509698152542,0.029956890270113945
ieP36TLihGM_000754_nonood,heldout,normal,0.23307698965072632,0.3769843876361847,0.251753032207489,0.18310900032520294,0.12046153098344803
ieP36TLihGM_000754_ood,ood,anomaly,0.45953184366226196,0.5804979801177979,0.48219823837280273,0.41662925481796265,0.3588019609451294
ahKX0rtdMJc_001382_nonood,heldout,normal,0.24448776245117188,0.40216732025146484,0.2641047537326813,0.18234814703464508,0.1293308287858963
ahKX0rtdMJc_001382_ood,ood,anomaly,0.2435578554868698,0.36649593710899353,0.2605983018875122,0.20016174018383026,0.14697539806365967
gDjeTHGWX9c_000403_nonood,calib,normal,0.22980466485023499,0.375647634267807,0.24903960525989532,0.16519145667552948,0.12933994829654694
gDjeTHGWX9c_000403_ood,ood,anomaly,0.37258100509643555,0.4864303767681122,0.3796829581260681,0.3119257092475891,0.3122849464416504
Pbw0A-RCjcw_001030_nonood,heldout,normal,0.21374928951263428,0.35573095083236694,0.21724694967269897,0.14723151922225952,0.13478772342205048
Pbw0A-RCjcw_001030_ood,ood,anomaly,0.28243035078048706,0.43560558557510376,0.302058607339859,0.21743467450141907,0.1746225208044052
6E2N9ld0eHg_004809_nonood,calib,normal,0.16185423731803894,0.30012038350105286,0.17029190063476562,0.10527534037828445,0.07172935456037521
6E2N9ld0eHg_004809_ood,ood,anomaly,0.1512296348810196,0.27678781747817993,0.15760424733161926,0.0981212630867958,0.07240521907806396
3sGShQb_HwU_002511_nonood,calib,normal,0.25319528579711914,0.3849986493587494,0.25899195671081543,0.18817244470119476,0.180618017911911
3sGShQb_HwU_002511_ood,ood,anomaly,0.2714710235595703,0.44881001114845276,0.28500786423683167,0.2002648562192917,0.15180137753486633
GDejMONyY4U_003812_nonood,calib,normal,0.17091578245162964,0.2919788956642151,0.18471722304821014,0.12066279351711273,0.08630423992872238
GDejMONyY4U_003812_ood,ood,anomaly,0.28750893473625183,0.41059672832489014,0.29751691222190857,0.24313630163669586,0.19878576695919037
nvVk7L3GrJQ_003857_nonood,heldout,normal,0.2597581148147583,0.38006535172462463,0.2815786600112915,0.2178654819726944,0.15952306985855103
nvVk7L3GrJQ_003857_ood,ood,anomaly,0.4943471848964691,0.5754219889640808,0.49540096521377563,0.4562475383281708,0.45031824707984924
88LcRU7uEFE_000612_nonood,calib,normal,0.16156263649463654,0.28126320242881775,0.17180697619915009,0.11583537608385086,0.07734499871730804
88LcRU7uEFE_000612_ood,ood,anomaly,0.17767509818077087,0.3040018081665039,0.18751105666160583,0.12816977500915527,0.09101777523756027
pWZSG2cUdEo_002627_nonood,calib,normal,0.1836136430501938,0.3016582727432251,0.19769002497196198,0.1343844085931778,0.10072188079357147
pWZSG2cUdEo_002627_ood,ood,anomaly,0.2700100243091583,0.36311084032058716,0.2606467306613922,0.22659055888652802,0.22969190776348114
JV0D-YkWHD8_002421_nonood,heldout,normal,0.21533948183059692,0.3414870798587799,0.23074248433113098,0.16893792152404785,0.12019041180610657
JV0D-YkWHD8_002421_ood,ood,anomaly,0.15836533904075623,0.2905905246734619,0.16721300780773163,0.10577019304037094,0.06988758593797684
kld-iYpdjyo_005427_nonood,heldout,normal,0.25258544087409973,0.3937258720397949,0.2768212854862213,0.19909825921058655,0.14069639146327972
kld-iYpdjyo_005427_ood,ood,anomaly,0.23308062553405762,0.35551750659942627,0.22122237086296082,0.1650935560464859,0.1904890239238739
8dI7OolIEXY_000286_nonood,calib,normal,0.23694273829460144,0.3400663435459137,0.25740090012550354,0.20032306015491486,0.14998061954975128
8dI7OolIEXY_000286_ood,ood,anomaly,0.3788578510284424,0.48108038306236267,0.37907668948173523,0.33062225580215454,0.3246520459651947
JV0D-YkWHD8_004623_nonood,calib,normal,0.46683794260025024,0.6389879584312439,0.5152071118354797,0.39992067217826843,0.3132360279560089
JV0D-YkWHD8_004623_ood,ood,anomaly,0.26874005794525146,0.37183383107185364,0.2757575809955597,0.22225825488567352,0.20511053502559662
bFGmOp9H3MA_005756_nonood,heldout,normal,0.20789110660552979,0.3571385443210602,0.2285471260547638,0.14910262823104858,0.09677616506814957
bFGmOp9H3MA_005756_ood,ood,anomaly,0.2214585244655609,0.3658967614173889,0.24663417041301727,0.16338296234607697,0.10992017388343811
PqbpIHZvjMA_001793_nonood,calib,normal,0.12311624735593796,0.23615029454231262,0.1273251175880432,0.0779159665107727,0.05107361823320389
PqbpIHZvjMA_001793_ood,ood,anomaly,0.17253515124320984,0.3092421293258667,0.17853933572769165,0.11753205209970474,0.08482710272073746
DSBGS6aRzgc_002693_nonood,calib,normal,0.3076619505882263,0.4690835773944855,0.3409295082092285,0.2477402687072754,0.1728944033384323
DSBGS6aRzgc_002693_ood,ood,anomaly,0.2596058249473572,0.4299851655960083,0.2827700972557068,0.19163499772548676,0.13403303921222687
UjkeNSr2dXQ_001502_nonood,calib,normal,0.32655489444732666,0.4907926917076111,0.35183754563331604,0.2644506096839905,0.19913871586322784
UjkeNSr2dXQ_001502_ood,ood,anomaly,0.34777915477752686,0.523536741733551,0.36744266748428345,0.2756049931049347,0.22453223168849945
Hd2IzHAfkCI_004081_nonood,heldout,normal,0.18073630332946777,0.3217340409755707,0.19008295238018036,0.12202814221382141,0.08910011500120163
Hd2IzHAfkCI_004081_ood,ood,anomaly,0.13669854402542114,0.20651133358478546,0.12164939939975739,0.09488947689533234,0.12374399602413177
D_pyFV4nKd4_000329_nonood,calib,normal,0.1629754900932312,0.26606905460357666,0.16734568774700165,0.12395130097866058,0.0945359319448471
D_pyFV4nKd4_000329_ood,ood,anomaly,0.38844597339630127,0.4607360064983368,0.3738507330417633,0.354860782623291,0.36433640122413635
xpOyD-qrQUw_002906_nonood,calib,normal,0.28515100479125977,0.4071108400821686,0.304194837808609,0.239651158452034,0.1896471381187439
xpOyD-qrQUw_002906_ood,ood,anomaly,0.3586854040622711,0.4498611092567444,0.37390366196632385,0.334329754114151,0.27664706110954285
UbDCiQVuzPY_004593_nonood,calib,normal,0.343231201171875,0.4751732051372528,0.3448845148086548,0.27955523133277893,0.27331188321113586
UbDCiQVuzPY_004593_ood,ood,anomaly,0.2092454433441162,0.34199944138526917,0.21067002415657043,0.14603911340236664,0.1382732093334198
Hd2IzHAfkCI_004534_nonood,heldout,normal,0.34408077597618103,0.47297415137290955,0.3717247545719147,0.30389606952667236,0.22772809863090515
Hd2IzHAfkCI_004534_ood,ood,anomaly,0.17132523655891418,0.3039557635784149,0.18344487249851227,0.11954263597726822,0.07835762947797775
sUbP4j8rAic_005403_nonood,heldout,normal,0.008683361113071442,0.019538024440407753,0.007975795306265354,0.004342461004853249,0.0028771646320819855
sUbP4j8rAic_005403_ood,ood,anomaly,0.0759073942899704,0.11103632301092148,0.07566940784454346,0.06256131082773209,0.05436250939965248
fHUJcUaW2mE_000073_nonood,calib,normal,0.2728601098060608,0.41360193490982056,0.2880336344242096,0.20770980417728424,0.18209511041641235
fHUJcUaW2mE_000073_ood,ood,anomaly,0.36702871322631836,0.5133484601974487,0.40340620279312134,0.2969389259815216,0.2544212341308594
bcpfYpmDcp0_002666_nonood,calib,normal,0.0399913527071476,0.07744826376438141,0.04159078374505043,0.02517995983362198,0.015746409073472023
bcpfYpmDcp0_002666_ood,ood,anomaly,0.04360518977046013,0.0808897316455841,0.045132558792829514,0.02959500439465046,0.01880345679819584
Eq7_uD2yN5Y_002987_nonood,calib,normal,0.3309726119041443,0.5119686722755432,0.3721391260623932,0.2603113353252411,0.17947132885456085
Eq7_uD2yN5Y_002987_ood,ood,anomaly,0.3114061951637268,0.4906356632709503,0.33679094910621643,0.22722049057483673,0.19097763299942017
Tsl84N96WM8_001371_nonood,calib,normal,0.1157548725605011,0.2188190370798111,0.11780799925327301,0.07405242323875427,0.05234004184603691
Tsl84N96WM8_001371_ood,ood,anomaly,0.1433730125427246,0.25751644372940063,0.1512155532836914,0.0980658158659935,0.0666942298412323
mrIFkGZbNjc_001133_nonood,calib,normal,0.3303004205226898,0.5010184049606323,0.3594018816947937,0.2665514647960663,0.19422994554042816
mrIFkGZbNjc_001133_ood,ood,anomaly,0.28401726484298706,0.41463470458984375,0.29408371448516846,0.22813643515110016,0.19921424984931946
Z9K13eBUwJM_005670_nonood,calib,normal,0.13091008365154266,0.2414035052061081,0.1360277682542801,0.0883500725030899,0.05785898491740227
Z9K13eBUwJM_005670_ood,ood,anomaly,0.14888650178909302,0.2615995407104492,0.14779038727283478,0.10195456445217133,0.08420153707265854
gDjeTHGWX9c_003170_nonood,calib,normal,0.3048597574234009,0.44868114590644836,0.3385661542415619,0.2519623339176178,0.18022939562797546
gDjeTHGWX9c_003170_ood,ood,anomaly,0.3201926350593567,0.4769556224346161,0.3355681002140045,0.23619434237480164,0.2320525348186493
Z9K13eBUwJM_001323_nonood,heldout,normal,0.25196337699890137,0.414845734834671,0.2708449363708496,0.1825958639383316,0.1395670473575592
Z9K13eBUwJM_001323_ood,ood,anomaly,0.3703683614730835,0.5080826878547668,0.39749082922935486,0.31821537017822266,0.2576845586299896
ruiSuGHJf6Q_004389_nonood,calib,normal,0.25103139877319336,0.38831907510757446,0.2687455713748932,0.19600240886211395,0.15105845034122467
ruiSuGHJf6Q_004389_ood,ood,anomaly,0.21007554233074188,0.30582165718078613,0.19717107713222504,0.16732363402843475,0.1699858009815216
LfKfK4I5RPE_003732_nonood,calib,normal,0.18295736610889435,0.3264522850513458,0.1962396502494812,0.1244448572397232,0.08469265699386597
LfKfK4I5RPE_003732_ood,ood,anomaly,0.18685728311538696,0.31456708908081055,0.18747179210186005,0.12798972427845,0.11740054190158844
2TmFM9p1KF8_000378_nonood,calib,normal,0.32394781708717346,0.4576779007911682,0.34899434447288513,0.2775174081325531,0.2116016447544098
2TmFM9p1KF8_000378_ood,ood,anomaly,0.3561416268348694,0.4829530715942383,0.35579946637153625,0.28595876693725586,0.2998552918434143
bI9JzQSrEGo_004534_nonood,calib,normal,0.221624493598938,0.3636065125465393,0.2324216663837433,0.1610294133424759,0.1294403225183487
bI9JzQSrEGo_004534_ood,ood,anomaly,0.33334410190582275,0.4438994228839874,0.3250102996826172,0.28643766045570374,0.27802911400794983
QeuzUfHIWYU_004536_nonood,calib,normal,0.26980113983154297,0.41389209032058716,0.28708401322364807,0.20909640192985535,0.16913194954395294
QeuzUfHIWYU_004536_ood,ood,anomaly,0.32202911376953125,0.3900339901447296,0.3068781793117523,0.28338006138801575,0.3078242242336273
dZG1VKsgs60_001293_nonood,calib,normal,0.28705501556396484,0.47050201892852783,0.3240218758583069,0.21086134016513824,0.1428348571062088
dZG1VKsgs60_001293_ood,ood,anomaly,0.26784056425094604,0.4501301348209381,0.28980374336242676,0.195429727435112,0.13599860668182373
J-j5eIHg8I0_000723_nonood,calib,normal,0.08557523041963577,0.15115590393543243,0.08701751381158829,0.06045447662472725,0.04367302730679512
J-j5eIHg8I0_000723_ood,ood,anomaly,0.05544201657176018,0.11189419776201248,0.05536529794335365,0.03289725258946419,0.02161131612956524
9Q0FCoNxL8I_000786_nonood,heldout,normal,0.2874223589897156,0.4628218114376068,0.3103887140750885,0.21531791985034943,0.16116105020046234
9Q0FCoNxL8I_000786_ood,ood,anomaly,0.04525803029537201,0.09095034748315811,0.04548993334174156,0.027203986421227455,0.017387857660651207
Hd2IzHAfkCI_003891_nonood,calib,normal,0.2735620141029358,0.38455453515052795,0.2776374816894531,0.22839896380901337,0.20365704596042633
Hd2IzHAfkCI_003891_ood,ood,anomaly,0.6422034502029419,0.7353071570396423,0.6995037794113159,0.6379503011703491,0.4960525333881378
Tsl84N96WM8_004717_nonood,heldout,normal,0.1223951131105423,0.22592926025390625,0.12485694885253906,0.08278302103281021,0.05601124092936516
Tsl84N96WM8_004717_ood,ood,anomaly,0.15493634343147278,0.24708567559719086,0.15910419821739197,0.12282124906778336,0.09073425829410553
LfKfK4I5RPE_000321_nonood,calib,normal,0.3482336401939392,0.5280726552009583,0.3850371241569519,0.2753947079181671,0.2044299989938736
LfKfK4I5RPE_000321_ood,ood,anomaly,0.527231752872467,0.5981782078742981,0.5009335875511169,0.4738241732120514,0.5359910726547241
pQdl0apLT70_001545_nonood,calib,normal,0.25739365816116333,0.4121662676334381,0.26889657974243164,0.19581596553325653,0.15269584953784943
pQdl0apLT70_001545_ood,ood,anomaly,0.17133808135986328,0.298324316740036,0.1805752068758011,0.11996623128652573,0.08648652583360672
IQwS7BEjUxM_003370_nonood,calib,normal,0.17541411519050598,0.3205605149269104,0.18123303353786469,0.11767057329416275,0.0821923315525055
IQwS7BEjUxM_003370_ood,ood,anomaly,0.3342253267765045,0.37709373235702515,0.2983865737915039,0.2686071991920471,0.3928138017654419
fb5i7JlmJdg_000923_nonood,calib,normal,0.35058367252349854,0.4986041486263275,0.3794790208339691,0.29340580105781555,0.23084574937820435
fb5i7JlmJdg_000923_ood,ood,anomaly,0.2965320944786072,0.43120595812797546,0.3035676181316376,0.23096349835395813,0.22039130330085754
Pbw0A-RCjcw_002642_nonood,calib,normal,0.19414612650871277,0.32086896896362305,0.20299704372882843,0.14418424665927887,0.10853426903486252
Pbw0A-RCjcw_002642_ood,ood,anomaly,0.21023306250572205,0.3443940281867981,0.216528981924057,0.15853269398212433,0.12147656828165054
ruiSuGHJf6Q_003619_nonood,calib,normal,0.314657986164093,0.4801577627658844,0.3559019863605499,0.2523590922355652,0.17021311819553375
ruiSuGHJf6Q_003619_ood,ood,anomaly,0.37379220128059387,0.5098295211791992,0.3887706995010376,0.3106008768081665,0.28596773743629456
y1vGuUK0db4_004495_nonood,calib,normal,0.16991275548934937,0.3106130361557007,0.17949877679347992,0.11431244015693665,0.07522673159837723
y1vGuUK0db4_004495_ood,ood,anomaly,0.24199612438678741,0.3713686168193817,0.23468419909477234,0.17394594848155975,0.18798571825027466
gDjeTHGWX9c_002310_nonood,calib,normal,0.20261603593826294,0.3574424386024475,0.21682500839233398,0.14115789532661438,0.09503880888223648
gDjeTHGWX9c_002310_ood,ood,anomaly,0.1241433173418045,0.219671830534935,0.1329553872346878,0.0866483598947525,0.05729769915342331
ha-IeID24As_004012_nonood,heldout,normal,0.031350210309028625,0.0643947497010231,0.030613893643021584,0.018422333523631096,0.011969861574470997
ha-IeID24As_004012_ood,ood,anomaly,0.044612638652324677,0.08721137046813965,0.04528636485338211,0.02767127752304077,0.01828155852854252
ahKX0rtdMJc_004730_nonood,calib,normal,0.12769204378128052,0.2326938807964325,0.13549365103244781,0.08631066232919693,0.05627000331878662
ahKX0rtdMJc_004730_ood,ood,anomaly,0.10896049439907074,0.1976337879896164,0.11636238545179367,0.0735822319984436,0.048263564705848694
Izf9l3VWQuo_002152_nonood,calib,normal,0.16608494520187378,0.2579701244831085,0.17706914246082306,0.12735269963741302,0.10194779932498932
Izf9l3VWQuo_002152_ood,ood,anomaly,0.3792857229709625,0.43535059690475464,0.3759731352329254,0.3692234754562378,0.33659565448760986
mrIFkGZbNjc_000872_nonood,heldout,normal,0.0605505034327507,0.1185087263584137,0.06065668165683746,0.03772329166531563,0.02531331218779087
mrIFkGZbNjc_000872_ood,ood,anomaly,0.12193182110786438,0.22654400765895844,0.12437897175550461,0.07783082127571106,0.058973509818315506
Hd2IzHAfkCI_002940_nonood,calib,normal,0.1977287083864212,0.32948628067970276,0.2092280238866806,0.15135407447814941,0.10084646940231323
Hd2IzHAfkCI_002940_ood,ood,anomaly,0.27209043502807617,0.4238204061985016,0.2936389744281769,0.21563225984573364,0.15527012944221497
TlBhM9Xbr2o_002305_nonood,calib,normal,0.29138293862342834,0.4162923991680145,0.310964435338974,0.24605385959148407,0.19222106039524078
TlBhM9Xbr2o_002305_ood,ood,anomaly,0.4732649326324463,0.5314183831214905,0.42693203687667847,0.3649483323097229,0.5697609186172485
3Sqeb-l1RPA_005220_nonood,calib,normal,0.37506014108657837,0.45502492785453796,0.3626803755760193,0.31496796011924744,0.3675673305988312
3Sqeb-l1RPA_005220_ood,ood,anomaly,0.3636990785598755,0.45537281036376953,0.37028756737709045,0.3245885670185089,0.30454742908477783
HaC3LrJiTmQ_005015_nonood,calib,normal,0.20102980732917786,0.3266717493534088,0.21595384180545807,0.1527763307094574,0.10871727019548416
HaC3LrJiTmQ_005015_ood,ood,anomaly,0.20163878798484802,0.3369026184082031,0.21174712479114532,0.1509590744972229,0.10694636404514313
UOjQsfDXjO0_004713_nonood,calib,normal,0.13827407360076904,0.23884299397468567,0.1422721892595291,0.09505785256624222,0.07692322880029678
UOjQsfDXjO0_004713_ood,ood,anomaly,0.303581178188324,0.37365615367889404,0.28417661786079407,0.2563917934894562,0.3001002371311188
sdqIDbZJfy0_005110_nonood,calib,normal,0.33552247285842896,0.4741288423538208,0.34566473960876465,0.2590318024158478,0.2632644474506378
sdqIDbZJfy0_005110_ood,ood,anomaly,0.523309588432312,0.5930627584457397,0.4982086718082428,0.4635259807109833,0.5384408235549927
y1vGuUK0db4_003866_nonood,heldout,normal,0.2535321116447449,0.4091978967189789,0.27761855721473694,0.19550898671150208,0.13180305063724518
y1vGuUK0db4_003866_ood,ood,anomaly,0.257846474647522,0.38829126954078674,0.2505497932434082,0.18380437791347504,0.20874056220054626
JV0D-YkWHD8_004391_nonood,calib,normal,0.09781967103481293,0.17880260944366455,0.10045790672302246,0.06700127571821213,0.045016899704933167
JV0D-YkWHD8_004391_ood,ood,anomaly,0.23605723679065704,0.3120531141757965,0.2063470482826233,0.17356804013252258,0.2522607147693634
l1XbmdmGr0Q_001744_nonood,calib,normal,0.26365724205970764,0.4101734757423401,0.28907740116119385,0.1965654194355011,0.15881268680095673
l1XbmdmGr0Q_001744_ood,ood,anomaly,0.34512248635292053,0.43806278705596924,0.32101142406463623,0.2795480787754059,0.3418676257133484
cfrLchAShxQ_002078_nonood,calib,normal,0.17031681537628174,0.3065313994884491,0.18061397969722748,0.11416486650705338,0.07995705306529999
cfrLchAShxQ_002078_ood,ood,anomaly,0.26348668336868286,0.4368841350078583,0.28468117117881775,0.19256819784641266,0.13981328904628754
3u_CIo9IaWo_002458_nonood,heldout,normal,0.26448380947113037,0.40792620182037354,0.29104769229888916,0.20149454474449158,0.15746672451496124
3u_CIo9IaWo_002458_ood,ood,anomaly,0.24624237418174744,0.3784228563308716,0.2528447210788727,0.19394758343696594,0.15975439548492432
f482qwPz7ns_003767_nonood,calib,normal,0.12273428589105606,0.21361513435840607,0.1242820993065834,0.08816788345575333,0.06487202644348145
f482qwPz7ns_003767_ood,ood,anomaly,0.20253628492355347,0.3134765028953552,0.19270439445972443,0.14287716150283813,0.1610870659351349
kN-2mc561GY_003742_nonood,calib,normal,0.17499634623527527,0.2964915335178375,0.18840880692005157,0.12727387249469757,0.08781111985445023
kN-2mc561GY_003742_ood,ood,anomaly,0.2661081552505493,0.38472414016723633,0.2890189588069916,0.21433046460151672,0.17635901272296906
DyzL2sahobA_004649_nonood,heldout,normal,0.29874736070632935,0.42629870772361755,0.28213322162628174,0.2133578509092331,0.2731996476650238
DyzL2sahobA_004649_ood,ood,anomaly,0.54112708568573,0.578900933265686,0.4923955202102661,0.4941639304161072,0.5990478992462158
a_VxrUq9PmA_005011_nonood,calib,normal,0.20653069019317627,0.3371031582355499,0.22667455673217773,0.15335628390312195,0.10898881405591965
a_VxrUq9PmA_005011_ood,ood,anomaly,0.23377104103565216,0.331411212682724,0.20609071850776672,0.1479029357433319,0.249679297208786
a_VxrUq9PmA_000756_nonood,calib,normal,0.02053174190223217,0.04410434886813164,0.0200330950319767,0.011052423156797886,0.006937099155038595
a_VxrUq9PmA_000756_ood,ood,anomaly,0.02023506350815296,0.042184047400951385,0.020470554009079933,0.011231500655412674,0.0070541552267968655
a_VxrUq9PmA_003255_nonood,calib,normal,0.2890092432498932,0.42979568243026733,0.3081652820110321,0.23351675271987915,0.18455927073955536
a_VxrUq9PmA_003255_ood,ood,anomaly,0.2419392466545105,0.3565613925457001,0.231951504945755,0.17072370648384094,0.20852041244506836
4OGV0AbV91U_001988_nonood,calib,normal,0.21132168173789978,0.3666973114013672,0.21974174678325653,0.14582470059394836,0.11302297562360764
4OGV0AbV91U_001988_ood,ood,anomaly,0.20757099986076355,0.35853034257888794,0.22725017368793488,0.14782629907131195,0.09667722135782242
OWtbKblBOKI_004320_nonood,heldout,normal,0.30994972586631775,0.4592982828617096,0.34408867359161377,0.25001025199890137,0.18640173971652985
OWtbKblBOKI_004320_ood,ood,anomaly,0.43061208724975586,0.4893771708011627,0.3755967915058136,0.35634151101112366,0.5011327862739563
xVfPBzDnI2Q_003431_nonood,calib,normal,0.1608627438545227,0.29447200894355774,0.16179180145263672,0.10136358439922333,0.08582360297441483
xVfPBzDnI2Q_003431_ood,ood,anomaly,0.2661202549934387,0.4074455797672272,0.2828005850315094,0.20720258355140686,0.16703230142593384
GdyJqgxlSxs_005018_nonood,calib,normal,0.2865123152732849,0.40397757291793823,0.30070632696151733,0.23660607635974884,0.20475925505161285
GdyJqgxlSxs_005018_ood,ood,anomaly,0.2659863531589508,0.38510289788246155,0.23954010009765625,0.16657477617263794,0.27272769808769226
Sihe6aeyLHg_002539_nonood,calib,normal,0.18458640575408936,0.3062245845794678,0.20331808924674988,0.1340976506471634,0.0947052538394928
Sihe6aeyLHg_002539_ood,ood,anomaly,0.2383659929037094,0.3233451545238495,0.2102770358324051,0.1708497852087021,0.24899199604988098
kld-iYpdjyo_005653_nonood,heldout,normal,0.2761385440826416,0.46129941940307617,0.30301475524902344,0.20198041200637817,0.1382596492767334
kld-iYpdjyo_005653_ood,ood,anomaly,0.3841339349746704,0.5644168853759766,0.40803781151771545,0.3126355707645416,0.2514455020427704
ieP36TLihGM_000521_nonood,calib,normal,0.26373398303985596,0.4165472388267517,0.28320640325546265,0.2054116427898407,0.149770587682724
ieP36TLihGM_000521_ood,ood,anomaly,0.3315950036048889,0.428740918636322,0.3066524267196655,0.259453684091568,0.3315330445766449
3Sqeb-l1RPA_001295_nonood,calib,normal,0.23839621245861053,0.407986581325531,0.25525450706481934,0.16881032288074493,0.12153344601392746
3Sqeb-l1RPA_001295_ood,ood,anomaly,0.44625213742256165,0.4675799608230591,0.3327975869178772,0.3225093483924866,0.6621216535568237
l1XbmdmGr0Q_004344_nonood,calib,normal,0.3533239960670471,0.5076581239700317,0.390938401222229,0.29798534512519836,0.21671409904956818
l1XbmdmGr0Q_004344_ood,ood,anomaly,0.5539259314537048,0.46170711517333984,0.43920964002609253,0.49295321106910706,0.8218338489532471
4wKjxDXnmYs_003500_nonood,calib,normal,0.071979820728302,0.13800008594989777,0.07218708097934723,0.04586377367377281,0.0318683497607708
4wKjxDXnmYs_003500_ood,ood,anomaly,0.04170844703912735,0.07953806966543198,0.044141873717308044,0.025846518576145172,0.017307326197624207
zRZ9PJguIfE_000655_nonood,calib,normal,0.19571739435195923,0.31285324692726135,0.20105448365211487,0.15116402506828308,0.11779781430959702
zRZ9PJguIfE_000655_ood,ood,anomaly,0.7467910051345825,0.6132788062095642,0.602374255657196,0.6591151356697083,1.1123956441879272
Q7VBPeGwJWw_002894_nonood,calib,normal,0.25944918394088745,0.4005800783634186,0.2807046175003052,0.19964568316936493,0.15686634182929993
Q7VBPeGwJWw_002894_ood,ood,anomaly,0.2522318959236145,0.37830018997192383,0.25530725717544556,0.1835031509399414,0.19181694090366364
OWtbKblBOKI_004132_nonood,calib,normal,0.26175031065940857,0.42437314987182617,0.2814910113811493,0.1997472196817398,0.14138980209827423
OWtbKblBOKI_004132_ood,ood,anomaly,0.28619256615638733,0.42641904950141907,0.30063682794570923,0.23276883363723755,0.1849455088376999
hIHap634rMw_001346_nonood,heldout,normal,0.11159616708755493,0.19465453922748566,0.1131129264831543,0.07744248956441879,0.06117473915219307
hIHap634rMw_001346_ood,ood,anomaly,0.18954850733280182,0.27724793553352356,0.17411579191684723,0.13562171161174774,0.17120857536792755
kld-iYpdjyo_005765_nonood,calib,normal,0.2648387551307678,0.4020034372806549,0.29471805691719055,0.21303050220012665,0.1496029496192932
kld-iYpdjyo_005765_ood,ood,anomaly,0.2689919173717499,0.44418543577194214,0.2960357964038849,0.2008138746023178,0.1349325031042099
0RJPQ_97dcs_004867_nonood,heldout,normal,0.1474677473306656,0.2742459774017334,0.15366795659065247,0.09784146398305893,0.06411557644605637
0RJPQ_97dcs_004867_ood,ood,anomaly,0.13440248370170593,0.2390303611755371,0.1307941973209381,0.08578053116798401,0.0820048525929451
bFGmOp9H3MA_000853_nonood,calib,normal,0.4431290030479431,0.6136387586593628,0.4817145764827728,0.3761807680130005,0.30098193883895874
bFGmOp9H3MA_000853_ood,ood,anomaly,0.6102180480957031,0.7078264951705933,0.6552327275276184,0.5999242067337036,0.4778887927532196
lmykriTbncM_003292_nonood,calib,normal,0.3083093464374542,0.4816201627254486,0.34258103370666504,0.2364964485168457,0.17253969609737396
lmykriTbncM_003292_ood,ood,anomaly,0.35986095666885376,0.45597001910209656,0.3173806369304657,0.25376787781715393,0.41232532262802124
ieP36TLihGM_000191_nonood,calib,normal,0.11795797944068909,0.2334480583667755,0.11909518390893936,0.07103202491998672,0.04825665429234505
ieP36TLihGM_000191_ood,ood,anomaly,0.3492215871810913,0.439897745847702,0.3133302927017212,0.29882729053497314,0.34483101963996887
Eq7_uD2yN5Y_000177_nonood,heldout,normal,0.2674412429332733,0.4308704435825348,0.2908285856246948,0.19580954313278198,0.15225641429424286
Eq7_uD2yN5Y_000177_ood,ood,anomaly,0.6413425207138062,0.6236861348152161,0.5923216938972473,0.626415491104126,0.7229466438293457
xVfPBzDnI2Q_004984_nonood,calib,normal,0.24062955379486084,0.3764360547065735,0.26524317264556885,0.1885547637939453,0.1322842538356781
xVfPBzDnI2Q_004984_ood,ood,anomaly,0.3508399724960327,0.5124209523200989,0.3797484338283539,0.2919645309448242,0.21922607719898224
8dI7OolIEXY_000880_nonood,calib,normal,0.34332776069641113,0.5079748630523682,0.3768065273761749,0.2851095199584961,0.20342017710208893
8dI7OolIEXY_000880_ood,ood,anomaly,0.46942052245140076,0.5814798474311829,0.4661462604999542,0.40197840332984924,0.4280775487422943
Zpo0kwg1XEQ_004129_nonood,heldout,normal,0.2583999037742615,0.37951305508613586,0.26504382491111755,0.19785448908805847,0.1911882609128952
Zpo0kwg1XEQ_004129_ood,ood,anomaly,0.17400433123111725,0.2803451716899872,0.17728716135025024,0.1340276151895523,0.10435736179351807
lKMwX4nA64k_001422_nonood,calib,normal,0.14821630716323853,0.2369430810213089,0.1558106541633606,0.1156027615070343,0.08450878411531448
lKMwX4nA64k_001422_ood,ood,anomaly,0.19924336671829224,0.3126332461833954,0.2019082009792328,0.14104890823364258,0.1413831114768982
nHvTqyRntbY_003858_nonood,calib,normal,0.2221171259880066,0.3134710490703583,0.22751787304878235,0.1947472095489502,0.15273235738277435
nHvTqyRntbY_003858_ood,ood,anomaly,0.2782242000102997,0.35895416140556335,0.28185325860977173,0.2406368851661682,0.23145253956317902
yhtzAKqRyXw_000694_nonood,calib,normal,0.30401572585105896,0.441424697637558,0.33203133940696716,0.24947185814380646,0.19313499331474304
yhtzAKqRyXw_000694_ood,ood,anomaly,0.2676313817501068,0.4076637923717499,0.2713731825351715,0.20819492638111115,0.1832936555147171
8dI7OolIEXY_003076_nonood,calib,normal,0.03346287086606026,0.06384846568107605,0.03423086553812027,0.021548444405198097,0.01422370970249176
8dI7OolIEXY_003076_ood,ood,anomaly,0.33539727330207825,0.43736588954925537,0.32496896386146545,0.2868707776069641,0.29238346219062805
RASKiMoxhOE_005633_nonood,calib,normal,0.14656637609004974,0.2531243860721588,0.1517259031534195,0.10654805600643158,0.0748671293258667
RASKiMoxhOE_005633_ood,ood,anomaly,0.15898093581199646,0.2835983335971832,0.15921592712402344,0.10546080023050308,0.0876486524939537
3tEZvtQZ18Q_000073_nonood,heldout,normal,0.27391815185546875,0.4133530855178833,0.2955866754055023,0.22370177507400513,0.1630309671163559
3tEZvtQZ18Q_000073_ood,ood,anomaly,0.4406657814979553,0.5551044940948486,0.4600764811038971,0.4113556444644928,0.33612653613090515
l1XbmdmGr0Q_000374_nonood,calib,normal,0.3429303765296936,0.5276557207107544,0.3710654675960541,0.26183274388313293,0.21116749942302704
l1XbmdmGr0Q_000374_ood,ood,anomaly,0.11758502572774887,0.19862855970859528,0.11067410558462143,0.08404979109764099,0.07698765397071838
y1vGuUK0db4_000052_nonood,heldout,normal,0.15103664994239807,0.26838457584381104,0.15951845049858093,0.10243324935436249,0.07381028681993484
y1vGuUK0db4_000052_ood,ood,anomaly,0.25637149810791016,0.3616609573364258,0.2549086809158325,0.20004799962043762,0.20886828005313873
y1vGuUK0db4_002066_nonood,heldout,normal,0.31246858835220337,0.48280832171440125,0.351348876953125,0.24576067924499512,0.16995637118816376
y1vGuUK0db4_002066_ood,ood,anomaly,0.38371706008911133,0.48445361852645874,0.35396718978881836,0.3024451434612274,0.3940022885799408
hfwb3mZZ0fs_002552_nonood,calib,normal,0.149238720536232,0.2753058671951294,0.1555006504058838,0.09872014075517654,0.06742820888757706
hfwb3mZZ0fs_002552_ood,ood,anomaly,0.12681619822978973,0.24396221339702606,0.12884344160556793,0.080614373087883,0.05384478345513344
TlBhM9Xbr2o_002590_nonood,heldout,normal,0.13601592183113098,0.23494775593280792,0.14668062329292297,0.0956873670220375,0.06674793362617493
TlBhM9Xbr2o_002590_ood,ood,anomaly,0.41452574729919434,0.5213148593902588,0.4097699224948883,0.3480226993560791,0.37899547815322876
PfJ2CudpCgE_003154_nonood,calib,normal,0.026509087532758713,0.05002148821949959,0.028555214405059814,0.016548778861761093,0.010910876095294952
PfJ2CudpCgE_003154_ood,ood,anomaly,0.1317400336265564,0.23727308213710785,0.13608916103839874,0.0884346067905426,0.06516332179307938
CyeT8rEQOpQ_001407_nonood,calib,normal,0.19610746204853058,0.3514760434627533,0.20890328288078308,0.13637159764766693,0.087678924202919
CyeT8rEQOpQ_001407_ood,ood,anomaly,0.15807688236236572,0.28292205929756165,0.16346240043640137,0.10923433303833008,0.0766887441277504
Tsl84N96WM8_001252_nonood,heldout,normal,0.19187414646148682,0.2870933711528778,0.2025119513273239,0.1582339107990265,0.11965736001729965
Tsl84N96WM8_001252_ood,ood,anomaly,0.2137739360332489,0.32380396127700806,0.22791989147663116,0.17629826068878174,0.12707363069057465
r6_ZhT7rmhM_004698_nonood,heldout,normal,0.0860353484749794,0.16744497418403625,0.09062804281711578,0.052976205945014954,0.033092156052589417
r6_ZhT7rmhM_004698_ood,ood,anomaly,0.24783191084861755,0.34533897042274475,0.2520734965801239,0.2041320502758026,0.18978312611579895
PEwiwzyTjX0_005074_nonood,calib,normal,0.18728813529014587,0.30297449231147766,0.20541922748088837,0.13954639434814453,0.10121243447065353
PEwiwzyTjX0_005074_ood,ood,anomaly,0.19623874127864838,0.31637638807296753,0.19567683339118958,0.15646524727344513,0.11643645912408829
bhA2ckvE-TQ_001483_nonood,calib,normal,0.1027049869298935,0.16865630447864532,0.10251203924417496,0.07639995217323303,0.06325164437294006
bhA2ckvE-TQ_001483_ood,ood,anomaly,0.07388721406459808,0.0992531105875969,0.06924067437648773,0.06553968042135239,0.061515409499406815
t_bCDlNOhJc_004876_nonood,calib,normal,0.25806179642677307,0.41589561104774475,0.2826062738895416,0.20009997487068176,0.13364529609680176
t_bCDlNOhJc_004876_ood,ood,anomaly,0.07532210648059845,0.11544118821620941,0.07688422501087189,0.057718899101018906,0.0512440986931324
4K_6s1n6BpU_003459_nonood,calib,normal,0.26461923122406006,0.40342092514038086,0.28982633352279663,0.2126278281211853,0.15260186791419983
4K_6s1n6BpU_003459_ood,ood,anomaly,0.24888873100280762,0.4006986618041992,0.27492913603782654,0.18859319388866425,0.13133390247821808
Vtpe3HAIEm4_001012_nonood,calib,normal,0.13587817549705505,0.2520826458930969,0.13736669719219208,0.08685328811407089,0.06721005588769913
Vtpe3HAIEm4_001012_ood,ood,anomaly,0.14800766110420227,0.24208970367908478,0.14448748528957367,0.10040923953056335,0.10504423081874847
lKMwX4nA64k_003483_nonood,calib,normal,0.13134467601776123,0.21555525064468384,0.14744649827480316,0.09689906984567642,0.0654778853058815
lKMwX4nA64k_003483_ood,ood,anomaly,0.3180679976940155,0.39628586173057556,0.34512749314308167,0.2964790165424347,0.2343796342611313
Hx8FMhmdOQU_004468_nonood,calib,normal,0.2784712314605713,0.425945907831192,0.3034597337245941,0.2181394398212433,0.16633979976177216
Hx8FMhmdOQU_004468_ood,ood,anomaly,0.2583141326904297,0.38131582736968994,0.2698633372783661,0.20440520346164703,0.1776721179485321
u33fdjUY_Iw_001071_nonood,calib,normal,0.284656286239624,0.4290231168270111,0.3146640360355377,0.22958537936210632,0.16535253822803497
u33fdjUY_Iw_001071_ood,ood,anomaly,0.08540849387645721,0.16204413771629333,0.08809937536716461,0.05518803745508194,0.03630242496728897
xVfPBzDnI2Q_000062_nonood,calib,normal,0.15415100753307343,0.27491191029548645,0.16792282462120056,0.1031946912407875,0.07057460397481918
xVfPBzDnI2Q_000062_ood,ood,anomaly,0.1675695776939392,0.2898114025592804,0.17768603563308716,0.11375660449266434,0.08902423828840256
ZIts2XH28SA_000922_nonood,calib,normal,0.20080310106277466,0.32121744751930237,0.2175309807062149,0.15654689073562622,0.10791710764169693
ZIts2XH28SA_000922_ood,ood,anomaly,0.12151475250720978,0.22360467910766602,0.12688757479190826,0.07762374728918076,0.057943038642406464
yr0gNIxRluE_004553_nonood,heldout,normal,0.026133159175515175,0.056942958384752274,0.025195889174938202,0.013770117424428463,0.008623669855296612
yr0gNIxRluE_004553_ood,ood,anomaly,0.041238632053136826,0.08464852720499039,0.04177223518490791,0.023442799225449562,0.015090959146618843
RASKiMoxhOE_003190_nonood,heldout,normal,0.3180992007255554,0.47847720980644226,0.34757617115974426,0.251176655292511,0.19516681134700775
RASKiMoxhOE_003190_ood,ood,anomaly,0.3119996190071106,0.4563629925251007,0.3171636164188385,0.2505478858947754,0.22392405569553375
WWyeuvpHmfc_004984_nonood,calib,normal,0.2717238962650299,0.4081503450870514,0.2955544888973236,0.22193460166454315,0.16125613451004028
WWyeuvpHmfc_004984_ood,ood,anomaly,0.31661680340766907,0.46972963213920593,0.34227344393730164,0.24856053292751312,0.20590358972549438
3tEZvtQZ18Q_003665_nonood,heldout,normal,0.21177588403224945,0.3353167772293091,0.23504111170768738,0.16564986109733582,0.11109577119350433
3tEZvtQZ18Q_003665_ood,ood,anomaly,0.1762615144252777,0.27836427092552185,0.1847112774848938,0.13688965141773224,0.10508084297180176
ahKX0rtdMJc_004382_nonood,calib,normal,0.02545272186398506,0.05656423047184944,0.024014662951231003,0.01301599107682705,0.008216003887355328
ahKX0rtdMJc_004382_ood,ood,anomaly,0.06770937889814377,0.135416179895401,0.07015859335660934,0.040144290775060654,0.02511843666434288
gXezhrOijmQ_000502_nonood,heldout,normal,0.30603456497192383,0.4429681897163391,0.318156361579895,0.2503238916397095,0.21268987655639648
gXezhrOijmQ_000502_ood,ood,anomaly,0.47134092450141907,0.5264028310775757,0.4034363031387329,0.4006299078464508,0.5548946857452393
ZIts2XH28SA_003025_nonood,calib,normal,0.10646847635507584,0.2059861570596695,0.10722712427377701,0.06752697378396988,0.045133642852306366
ZIts2XH28SA_003025_ood,ood,anomaly,0.3806988000869751,0.4474753439426422,0.31934764981269836,0.30031028389930725,0.45566192269325256
uFwnmh0GpBo_000181_nonood,calib,normal,0.2536723017692566,0.39976492524147034,0.28073740005493164,0.19410058856010437,0.140086367726326
uFwnmh0GpBo_000181_ood,ood,anomaly,0.3382311463356018,0.4413767457008362,0.34097427129745483,0.2903781235218048,0.2801954448223114
88LcRU7uEFE_000200_nonood,calib,normal,0.28204742074012756,0.4268238842487335,0.2881905436515808,0.20687375962734222,0.2063014805316925
88LcRU7uEFE_000200_ood,ood,anomaly,0.5257666110992432,0.5983208417892456,0.5184528231620789,0.47760021686553955,0.5086925625801086
9Q0FCoNxL8I_003090_nonood,calib,normal,0.21330738067626953,0.36062493920326233,0.23071008920669556,0.15378962457180023,0.10810483992099762
9Q0FCoNxL8I_003090_ood,ood,anomaly,0.11329251527786255,0.1931362748146057,0.11334095895290375,0.08522769063711166,0.06146511062979698
hdOtS-BpUPY_001660_nonood,heldout,normal,0.3731275796890259,0.4930669069290161,0.3630158603191376,0.33111774921417236,0.30530983209609985
hdOtS-BpUPY_001660_ood,ood,anomaly,0.2470003217458725,0.3960990309715271,0.26528945565223694,0.1840231716632843,0.14258959889411926
kDo7FBuRiBs_001846_nonood,calib,normal,0.13247239589691162,0.22342970967292786,0.13771717250347137,0.09962470084428787,0.06911800056695938
kDo7FBuRiBs_001846_ood,ood,anomaly,0.24550028145313263,0.36264222860336304,0.24415689706802368,0.19277127087116241,0.18243074417114258
lmykriTbncM_002210_nonood,calib,normal,0.19893905520439148,0.3436649739742279,0.2050648331642151,0.14483042061328888,0.10219606012105942
lmykriTbncM_002210_ood,ood,anomaly,0.16139847040176392,0.2850766181945801,0.1659981906414032,0.11465329676866531,0.07986581325531006
bcpfYpmDcp0_003790_nonood,heldout,normal,0.20415884256362915,0.33952444791793823,0.215572327375412,0.1537923812866211,0.10774623602628708
bcpfYpmDcp0_003790_ood,ood,anomaly,0.20138806104660034,0.33193260431289673,0.21424135565757751,0.14784745872020721,0.1115308627486229
3sGShQb_HwU_000805_nonood,calib,normal,0.19649600982666016,0.34725597500801086,0.21287870407104492,0.1350192278623581,0.09083015471696854
3sGShQb_HwU_000805_ood,ood,anomaly,0.2703592777252197,0.34578609466552734,0.23942773044109344,0.2196505069732666,0.2765727639198303
UKBuDqU8qTM_002630_nonood,heldout,normal,0.3434269428253174,0.5234082341194153,0.386677086353302,0.26460912823677063,0.19901339709758759
UKBuDqU8qTM_002630_ood,ood,anomaly,0.3110347092151642,0.49406495690345764,0.34822770953178406,0.23613731563091278,0.16570886969566345
Hd2IzHAfkCI_001562_nonood,heldout,normal,0.26844850182533264,0.4403745234012604,0.2986261248588562,0.19868259131908417,0.13611073791980743
Hd2IzHAfkCI_001562_ood,ood,anomaly,0.5469347238540649,0.6273150444030762,0.5617619156837463,0.5140350461006165,0.4846269190311432
DyzL2sahobA_000311_nonood,heldout,normal,0.22403688728809357,0.358389288187027,0.22686167061328888,0.15345682203769684,0.15743973851203918
DyzL2sahobA_000311_ood,ood,anomaly,0.4973808825016022,0.5861727595329285,0.4839516878128052,0.44533148407936096,0.47406768798828125
Hx8FMhmdOQU_001208_nonood,calib,normal,0.15471065044403076,0.23943689465522766,0.15656574070453644,0.1291763037443161,0.09366365522146225
Hx8FMhmdOQU_001208_ood,ood,anomaly,0.4844302237033844,0.5543091297149658,0.49736595153808594,0.4702768325805664,0.41576895117759705
T7TkJVmGyts_000281_nonood,calib,normal,0.1522952914237976,0.24742338061332703,0.16134437918663025,0.11226723343133926,0.0881461575627327
T7TkJVmGyts_000281_ood,ood,anomaly,0.18410417437553406,0.2914179861545563,0.18174242973327637,0.14133381843566895,0.12192247062921524
fHUJcUaW2mE_002505_nonood,calib,normal,0.2151779681444168,0.3559335768222809,0.2320537567138672,0.15305013954639435,0.1196744441986084
fHUJcUaW2mE_002505_ood,ood,anomaly,0.3616657853126526,0.47184139490127563,0.3638361692428589,0.30503255128860474,0.3059529960155487
YBEYOS3A3Ic_003750_nonood,calib,normal,0.18014748394489288,0.29745209217071533,0.18948611617088318,0.13651472330093384,0.09713701158761978
YBEYOS3A3Ic_003750_ood,ood,anomaly,0.18767863512039185,0.2821674644947052,0.1755867749452591,0.13956743478775024,0.15339282155036926
bcpfYpmDcp0_003377_nonood,calib,normal,0.19227221608161926,0.3243151307106018,0.20696504414081573,0.14117468893527985,0.09663402289152145
bcpfYpmDcp0_003377_ood,ood,anomaly,0.18962261080741882,0.2963397800922394,0.180728480219841,0.13159871101379395,0.14982351660728455
EY8x-fyQkbk_006019_nonood,heldout,normal,0.17630621790885925,0.29993346333503723,0.190320685505867,0.12653067708015442,0.08844002336263657
EY8x-fyQkbk_006019_ood,ood,anomaly,0.1524055302143097,0.27218788862228394,0.16524691879749298,0.10466376692056656,0.0675235316157341
Tsl84N96WM8_000581_nonood,calib,normal,0.2288082093000412,0.3846219480037689,0.2513638138771057,0.16635768115520477,0.11288943886756897
Tsl84N96WM8_000581_ood,ood,anomaly,0.38807767629623413,0.4746980667114258,0.34199652075767517,0.29379281401634216,0.441823273897171
2TmFM9p1KF8_005814_nonood,calib,normal,0.2353924810886383,0.3799666464328766,0.25143963098526,0.18060369789600372,0.12955988943576813
2TmFM9p1KF8_005814_ood,ood,anomaly,0.31682050228118896,0.38721054792404175,0.2640751898288727,0.2241407185792923,0.3918554484844208
f482qwPz7ns_005487_nonood,heldout,normal,0.12606307864189148,0.24580441415309906,0.12600445747375488,0.07627279311418533,0.05617063492536545
f482qwPz7ns_005487_ood,ood,anomaly,0.1233491599559784,0.23073048889636993,0.12575861811637878,0.08167348057031631,0.055234041064977646
xVfPBzDnI2Q_005475_nonood,calib,normal,0.13459542393684387,0.24464821815490723,0.14193232357501984,0.09088003635406494,0.06092113256454468
xVfPBzDnI2Q_005475_ood,ood,anomaly,0.3725411593914032,0.463590532541275,0.36804354190826416,0.3258509635925293,0.3326796591281891
1u69z-wsDIc_004789_nonood,calib,normal,0.14693602919578552,0.26562944054603577,0.15631361305713654,0.09954891353845596,0.06625213474035263
1u69z-wsDIc_004789_ood,ood,anomaly,0.32345592975616455,0.42867007851600647,0.3117104172706604,0.25855135917663574,0.2948918342590332
OWtbKblBOKI_002215_nonood,calib,normal,0.236121267080307,0.35638126730918884,0.2363094836473465,0.1743963658809662,0.1773979216814041
OWtbKblBOKI_002215_ood,ood,anomaly,0.2761581838130951,0.37478315830230713,0.26906391978263855,0.2350960373878479,0.2256895750761032
UbDCiQVuzPY_002416_nonood,calib,normal,0.18305867910385132,0.31347981095314026,0.19966326653957367,0.13108335435390472,0.08800829946994781
UbDCiQVuzPY_002416_ood,ood,anomaly,0.3993143141269684,0.47144466638565063,0.387625128030777,0.36235278844833374,0.3758346736431122
RASKiMoxhOE_005128_nonood,calib,normal,0.32792580127716064,0.501224160194397,0.36436063051223755,0.2568880021572113,0.18923044204711914
RASKiMoxhOE_005128_ood,ood,anomaly,0.49552789330482483,0.6145094037055969,0.529369056224823,0.47115325927734375,0.36707982420921326
bcpfYpmDcp0_000243_nonood,calib,normal,0.20391225814819336,0.35376450419425964,0.2202991396188736,0.1415998786687851,0.0999855175614357
bcpfYpmDcp0_000243_ood,ood,anomaly,0.2684507966041565,0.3885563910007477,0.2744925916194916,0.21711423993110657,0.19363988935947418
3tEZvtQZ18Q_005360_nonood,calib,normal,0.018800459802150726,0.03786888346076012,0.018589483574032784,0.011460024863481522,0.0072834426537156105
3tEZvtQZ18Q_005360_ood,ood,anomaly,0.08749282360076904,0.12632867693901062,0.0831439197063446,0.0626417025923729,0.07785701006650925
eW9vWga9F5M_000811_nonood,calib,normal,0.1629437357187271,0.2859189510345459,0.1716868132352829,0.11387067288160324,0.08029849827289581
eW9vWga9F5M_000811_ood,ood,anomaly,0.21550774574279785,0.31372731924057007,0.20242901146411896,0.15397347509860992,0.19190119206905365
Pbw0A-RCjcw_002938_nonood,calib,normal,0.023277247324585915,0.04635712504386902,0.022329840809106827,0.014804151840507984,0.009617877192795277
Pbw0A-RCjcw_002938_ood,ood,anomaly,0.03907196968793869,0.0696088969707489,0.03991451859474182,0.0276777446269989,0.01908671297132969
Q7VBPeGwJWw_002656_nonood,heldout,normal,0.16005727648735046,0.2843887209892273,0.17287394404411316,0.10994704067707062,0.07301938533782959
Q7VBPeGwJWw_002656_ood,ood,anomaly,0.32250556349754333,0.43325552344322205,0.3157438039779663,0.25771021842956543,0.28331270813941956
OPj7lUQOre8_004997_nonood,calib,normal,0.20547336339950562,0.3473238945007324,0.22177985310554504,0.14537207782268524,0.10741768777370453
OPj7lUQOre8_004997_ood,ood,anomaly,0.25172051787376404,0.3771049678325653,0.25163283944129944,0.19017955660820007,0.18796473741531372
cfrLchAShxQ_003330_nonood,calib,normal,0.23058536648750305,0.36148324608802795,0.25129273533821106,0.1780451089143753,0.1315203756093979
cfrLchAShxQ_003330_ood,ood,anomaly,0.23089107871055603,0.33798283338546753,0.22184018790721893,0.1569983959197998,0.20674286782741547
bI9JzQSrEGo_000680_nonood,calib,normal,0.20335903763771057,0.3558432161808014,0.20718172192573547,0.13236263394355774,0.11804860085248947
bI9JzQSrEGo_000680_ood,ood,anomaly,0.20914970338344574,0.3600796163082123,0.22167249023914337,0.14976809918880463,0.10507858544588089
jKwCC2RhxJE_001034_nonood,calib,normal,0.23966911435127258,0.3698536455631256,0.2545170783996582,0.19053778052330017,0.14376799762248993
jKwCC2RhxJE_001034_ood,ood,anomaly,0.2737160325050354,0.3969408869743347,0.2844013273715973,0.21830004453659058,0.1952218860387802
Hkui6PJboFg_003202_nonood,calib,normal,0.1108480840921402,0.21256470680236816,0.1117030531167984,0.06842725723981857,0.050697341561317444
Hkui6PJboFg_003202_ood,ood,anomaly,0.06354250013828278,0.09103386104106903,0.053310904651880264,0.04622466489672661,0.063600555062294
ieP36TLihGM_001114_nonood,calib,normal,0.15243959426879883,0.2849542498588562,0.16004574298858643,0.09967494010925293,0.06508342921733856
ieP36TLihGM_001114_ood,ood,anomaly,0.19071641564369202,0.31430584192276,0.19346186518669128,0.1372227817773819,0.11787523329257965
CyeT8rEQOpQ_005359_nonood,heldout,normal,0.27022862434387207,0.4197506904602051,0.28981709480285645,0.2113834023475647,0.15996332466602325
CyeT8rEQOpQ_005359_ood,ood,anomaly,0.17963561415672302,0.26478254795074463,0.17279276251792908,0.11927469819784164,0.16169245541095734
VxWJchENocA_002747_nonood,heldout,normal,0.08271322399377823,0.15952168405056,0.08661097288131714,0.0509561188519001,0.03376411274075508
VxWJchENocA_002747_ood,ood,anomaly,0.19322380423545837,0.32184886932373047,0.2056705206632614,0.1411135196685791,0.10426226258277893
bI9JzQSrEGo_004353_nonood,calib,normal,0.2415403574705124,0.38078227639198303,0.2637052536010742,0.18513919413089752,0.13653472065925598
bI9JzQSrEGo_004353_ood,ood,anomaly,0.19863168895244598,0.31615009903907776,0.18526816368103027,0.13075348734855652,0.16235502064228058
Sihe6aeyLHg_004435_nonood,calib,normal,0.13640566170215607,0.2261277586221695,0.1434013992547989,0.10120418667793274,0.07488930225372314
Sihe6aeyLHg_004435_ood,ood,anomaly,0.2524389624595642,0.36090078949928284,0.26847586035728455,0.21114301681518555,0.16923625767230988
Hd2IzHAfkCI_000899_nonood,calib,normal,0.24840223789215088,0.40311527252197266,0.27205562591552734,0.18819239735603333,0.13024567067623138
Hd2IzHAfkCI_000899_ood,ood,anomaly,0.4230506420135498,0.5693198442459106,0.46407487988471985,0.3717423975467682,0.28706541657447815
pQdl0apLT70_004755_nonood,calib,normal,0.1317782700061798,0.2595847547054291,0.13431739807128906,0.08091769367456436,0.05229327082633972
pQdl0apLT70_004755_ood,ood,anomaly,0.18653225898742676,0.2971648573875427,0.17067520320415497,0.11804134398698807,0.16024760901927948
Hx8FMhmdOQU_002991_nonood,calib,normal,0.010509034618735313,0.022647811099886894,0.009978888556361198,0.005726891104131937,0.003682546317577362
Hx8FMhmdOQU_002991_ood,ood,anomaly,0.023169130086898804,0.04178067296743393,0.024726947769522667,0.014995289035141468,0.011173605918884277
xjbbH74SwTg_001509_nonood,heldout,normal,0.2213018536567688,0.3703772723674774,0.2452315241098404,0.1566312611103058,0.11296733468770981
xjbbH74SwTg_001509_ood,ood,anomaly,0.3757208287715912,0.5131915211677551,0.39736202359199524,0.31587669253349304,0.27645307779312134
bcpfYpmDcp0_003106_nonood,heldout,normal,0.2351667284965515,0.3878072500228882,0.23882821202278137,0.16431160271167755,0.14971990883350372
bcpfYpmDcp0_003106_ood,ood,anomaly,0.3239041268825531,0.4320897161960602,0.29730910062789917,0.2588571608066559,0.3073605000972748
Rrcjy5t8b20_004212_nonood,calib,normal,0.2327626794576645,0.36700868606567383,0.24197986721992493,0.1744213104248047,0.1476408988237381
Rrcjy5t8b20_004212_ood,ood,anomaly,0.15475119650363922,0.26590362191200256,0.15335479378700256,0.10632691532373428,0.09341944754123688
88LcRU7uEFE_001801_nonood,calib,normal,0.03915494680404663,0.07688716053962708,0.04124698415398598,0.023664480075240135,0.014821173623204231
88LcRU7uEFE_001801_ood,ood,anomaly,0.07453477382659912,0.11377377063035965,0.07406977564096451,0.05689166858792305,0.053403861820697784
6E2N9ld0eHg_000972_nonood,calib,normal,0.10482779145240784,0.20253083109855652,0.1043507307767868,0.06417253613471985,0.048257093876600266
6E2N9ld0eHg_000972_ood,ood,anomaly,0.12186437845230103,0.18334712088108063,0.12397740036249161,0.10086003690958023,0.07927293330430984
lKMwX4nA64k_004974_nonood,heldout,normal,0.1941586434841156,0.318050742149353,0.208701029419899,0.14458385109901428,0.10529893636703491
lKMwX4nA64k_004974_ood,ood,anomaly,0.29231250286102295,0.4373134672641754,0.3151939809322357,0.23234234750270844,0.184400275349617
PEwiwzyTjX0_002832_nonood,calib,normal,0.16945403814315796,0.2801649272441864,0.17636223137378693,0.1243223324418068,0.09696666151285172
PEwiwzyTjX0_002832_ood,ood,anomaly,0.28552597761154175,0.40565618872642517,0.2772212326526642,0.20957332849502563,0.249653160572052
Zpo0kwg1XEQ_002984_nonood,calib,normal,0.16072621941566467,0.2657044231891632,0.16828642785549164,0.11977081745862961,0.08914322406053543
Zpo0kwg1XEQ_002984_ood,ood,anomaly,0.2217593789100647,0.3393598198890686,0.22766739130020142,0.1738824099302292,0.1461278647184372
OWtbKblBOKI_005624_nonood,heldout,normal,0.2448471188545227,0.4005720913410187,0.2622201144695282,0.18831293284893036,0.1282833367586136
OWtbKblBOKI_005624_ood,ood,anomaly,0.07136313617229462,0.1365421563386917,0.0706610158085823,0.04698790982365608,0.03126144036650658
h55PiQMnlJY_002661_nonood,calib,normal,0.08783593773841858,0.1668851375579834,0.09001908451318741,0.0562758632004261,0.038163669407367706
h55PiQMnlJY_002661_ood,ood,anomaly,0.09815137088298798,0.1872864067554474,0.10179822146892548,0.06358013302087784,0.03994075581431389
RPNiqsdt6-w_004314_nonood,calib,normal,0.17483669519424438,0.2888769805431366,0.18519558012485504,0.13389982283115387,0.09137440472841263
RPNiqsdt6-w_004314_ood,ood,anomaly,0.4576109051704407,0.5258356928825378,0.4438794255256653,0.42944711446762085,0.4312814176082611
bhA2ckvE-TQ_000174_nonood,heldout,normal,0.06849633902311325,0.12155723571777344,0.0663909763097763,0.04687731713056564,0.039159830659627914
bhA2ckvE-TQ_000174_ood,ood,anomaly,0.1394483745098114,0.24892224371433258,0.14708435535430908,0.0977419912815094,0.06404493749141693
3tEZvtQZ18Q_003008_nonood,calib,normal,0.2490924447774887,0.3922213613986969,0.26922181248664856,0.18614764511585236,0.1487789750099182
3tEZvtQZ18Q_003008_ood,ood,anomaly,0.2510063052177429,0.39774057269096375,0.26992180943489075,0.1999787986278534,0.1363840401172638
0qfbmt4G8Rw_000870_nonood,calib,normal,0.1710653305053711,0.2994678318500519,0.17805637419223785,0.1201326996088028,0.08660439401865005
0qfbmt4G8Rw_000870_ood,ood,anomaly,0.15981227159500122,0.20559397339820862,0.16012006998062134,0.1485854685306549,0.124949611723423
l1XbmdmGr0Q_000274_nonood,calib,normal,0.17850995063781738,0.3146253228187561,0.18341776728630066,0.12491260468959808,0.09108410030603409
l1XbmdmGr0Q_000274_ood,ood,anomaly,0.23136253654956818,0.3323003649711609,0.23246002197265625,0.19345127046108246,0.1672385036945343
fb5i7JlmJdg_004449_nonood,calib,normal,0.21795989573001862,0.367556631565094,0.22513368725776672,0.1521044373512268,0.12704479694366455
fb5i7JlmJdg_004449_ood,ood,anomaly,0.2405644804239273,0.3380803167819977,0.2193804234266281,0.16868846118450165,0.23610873520374298
h55PiQMnlJY_001383_nonood,calib,normal,0.20742985606193542,0.318297803401947,0.22551904618740082,0.16065272688865662,0.12524981796741486
h55PiQMnlJY_001383_ood,ood,anomaly,0.25048959255218506,0.3858381509780884,0.2693037986755371,0.20228134095668793,0.14453501999378204
hfwb3mZZ0fs_002727_nonood,calib,normal,0.025174755603075027,0.047778498381376266,0.026546554639935493,0.015600118786096573,0.010773850604891777
hfwb3mZZ0fs_002727_ood,ood,anomaly,0.1337842345237732,0.23547625541687012,0.1400376707315445,0.09211025387048721,0.06751278787851334
Tsl84N96WM8_000241_nonood,heldout,normal,0.04440606012940407,0.08048579841852188,0.043732900172472,0.030282683670520782,0.02312285080552101
Tsl84N96WM8_000241_ood,ood,anomaly,0.10948231816291809,0.15421989560127258,0.1159135103225708,0.09555107355117798,0.07224477827548981
FqJ4IfRLKmA_000731_nonood,calib,normal,0.17360985279083252,0.29698511958122253,0.1817089170217514,0.12548908591270447,0.09025633335113525
FqJ4IfRLKmA_000731_ood,ood,anomaly,0.33169883489608765,0.4165310263633728,0.3012653887271881,0.26075974106788635,0.34823909401893616
t4Cvbdtebk0_001121_nonood,calib,normal,0.33609461784362793,0.4882575273513794,0.36157694458961487,0.2704935669898987,0.22405041754245758
t4Cvbdtebk0_001121_ood,ood,anomaly,0.3165247440338135,0.43715986609458923,0.3176170289516449,0.26104816794395447,0.25027382373809814
3sGShQb_HwU_005523_nonood,calib,normal,0.23965831100940704,0.3638482987880707,0.2640407979488373,0.19288155436515808,0.13786260783672333
3sGShQb_HwU_005523_ood,ood,anomaly,0.283427894115448,0.41277405619621277,0.2910529375076294,0.22954061627388,0.20034395158290863
r6_ZhT7rmhM_004507_nonood,calib,normal,0.03484847769141197,0.06772409379482269,0.035834670066833496,0.021954378113150597,0.013880767859518528
r6_ZhT7rmhM_004507_ood,ood,anomaly,0.05192338675260544,0.0945197120308876,0.05469534173607826,0.03558290749788284,0.022895576432347298
88LcRU7uEFE_005337_nonood,calib,normal,0.3252803683280945,0.47130224108695984,0.35392990708351135,0.2759864628314972,0.19990278780460358
88LcRU7uEFE_005337_ood,ood,anomaly,0.22566157579421997,0.37724652886390686,0.23897643387317657,0.16658847033977509,0.11983486264944077
ha-IeID24As_004879_nonood,heldout,normal,0.07389265298843384,0.12957243621349335,0.07737729698419571,0.050901882350444794,0.0377190001308918
ha-IeID24As_004879_ood,ood,anomaly,0.19153590500354767,0.32768383622169495,0.1977614015340805,0.13144932687282562,0.1092490628361702
vdLn-qswnRo_005497_nonood,calib,normal,0.1420486867427826,0.2603883445262909,0.15316887199878693,0.0928482711315155,0.06178927421569824
vdLn-qswnRo_005497_ood,ood,anomaly,0.2713954746723175,0.36611074209213257,0.25472593307495117,0.2080305814743042,0.2567146122455597
ahKX0rtdMJc_002328_nonood,calib,normal,0.2542632222175598,0.4210175573825836,0.2727592885494232,0.18441684544086456,0.13885922729969025
ahKX0rtdMJc_002328_ood,ood,anomaly,0.30879560112953186,0.4285499155521393,0.32661378383636475,0.2652577757835388,0.21476098895072937
ruiSuGHJf6Q_004299_nonood,calib,normal,0.23902374505996704,0.3595482409000397,0.25933223962783813,0.1927095502614975,0.14450493454933167
ruiSuGHJf6Q_004299_ood,ood,anomaly,0.27150988578796387,0.3533388674259186,0.23784436285495758,0.19724303483963013,0.29761332273483276
y1vGuUK0db4_005890_nonood,heldout,normal,0.20096519589424133,0.32142072916030884,0.2213115096092224,0.15135012567043304,0.10977838933467865
y1vGuUK0db4_005890_ood,ood,anomaly,0.17145168781280518,0.2809890806674957,0.17447061836719513,0.12082711607217789,0.10951991379261017
3u_CIo9IaWo_003170_nonood,calib,normal,0.3202574849128723,0.47841617465019226,0.3443584144115448,0.25587937235832214,0.20237602293491364
3u_CIo9IaWo_003170_ood,ood,anomaly,0.44507136940956116,0.5377282500267029,0.4542234241962433,0.41795316338539124,0.37038058042526245
cfrLchAShxQ_004989_nonood,calib,normal,0.18096333742141724,0.2958463728427887,0.19930164515972137,0.13222193717956543,0.09648343175649643
cfrLchAShxQ_004989_ood,ood,anomaly,0.17369043827056885,0.2560824453830719,0.18698586523532867,0.14360679686069489,0.10808661580085754
DSBGS6aRzgc_000073_nonood,heldout,normal,0.3164597749710083,0.4728172719478607,0.34944620728492737,0.2584051489830017,0.1851704865694046
DSBGS6aRzgc_000073_ood,ood,anomaly,0.10801979899406433,0.18482255935668945,0.11337225884199142,0.08057329803705215,0.05331109091639519
VxWJchENocA_002584_nonood,heldout,normal,0.2869330048561096,0.4270731210708618,0.29893794655799866,0.2107357680797577,0.21098527312278748
VxWJchENocA_002584_ood,ood,anomaly,0.2589368522167206,0.38069677352905273,0.2538646161556244,0.19659297168254852,0.2045929878950119
Y4rb2_HaBdQ_000416_nonood,calib,normal,0.24349315464496613,0.39940398931503296,0.26605224609375,0.18034808337688446,0.1281682848930359
Y4rb2_HaBdQ_000416_ood,ood,anomaly,0.29731008410453796,0.4419860243797302,0.3104853332042694,0.24317704141139984,0.19359193742275238
t4Cvbdtebk0_003935_nonood,calib,normal,0.1451922059059143,0.2595939636230469,0.15192468464374542,0.10206639021635056,0.06718382984399796
t4Cvbdtebk0_003935_ood,ood,anomaly,0.17790132761001587,0.30297258496284485,0.19102992117404938,0.127436563372612,0.09016618877649307
gZbGLa253Ak_001252_nonood,calib,normal,0.21770375967025757,0.3596659004688263,0.22705309092998505,0.15295609831809998,0.13113996386528015
gZbGLa253Ak_001252_ood,ood,anomaly,0.21926133334636688,0.35548120737075806,0.22993214428424835,0.16190843284130096,0.12972356379032135
d2SCftR5sWc_000411_nonood,calib,normal,0.04402109980583191,0.0903916135430336,0.044538553804159164,0.02514071948826313,0.016013512387871742
d2SCftR5sWc_000411_ood,ood,anomaly,0.059218794107437134,0.10783132165670395,0.05907166749238968,0.041793424636125565,0.02817877195775509
iZ8OKEd-2bs_002534_nonood,calib,normal,0.23202772438526154,0.3815409243106842,0.256102591753006,0.17195960879325867,0.1185077577829361
iZ8OKEd-2bs_002534_ood,ood,anomaly,0.5567522644996643,0.5761368870735168,0.47031137347221375,0.45414671301841736,0.7264140844345093
dZG1VKsgs60_005757_nonood,calib,normal,0.39144980907440186,0.5451221466064453,0.4360550343990326,0.3297891616821289,0.2548328638076782
dZG1VKsgs60_005757_ood,ood,anomaly,0.44852712750434875,0.5436772108078003,0.4133642017841339,0.3444472551345825,0.49261990189552307
kld-iYpdjyo_004979_nonood,calib,normal,0.23350661993026733,0.3566667139530182,0.24966378509998322,0.19411662220954895,0.1335793137550354
kld-iYpdjyo_004979_ood,ood,anomaly,0.17892007529735565,0.2704249322414398,0.1747473031282425,0.13608375191688538,0.13442431390285492
Z9K13eBUwJM_002799_nonood,heldout,normal,0.11227472126483917,0.20628155767917633,0.11868166923522949,0.07509491592645645,0.04904076084494591
Z9K13eBUwJM_002799_ood,ood,anomaly,0.2714325189590454,0.3842580020427704,0.28862959146499634,0.23252864181995392,0.18031390011310577
yr0gNIxRluE_002389_nonood,calib,normal,0.031385961920022964,0.060882847756147385,0.032808441668748856,0.019549204036593437,0.012303357012569904
yr0gNIxRluE_002389_ood,ood,anomaly,0.0933443158864975,0.15389524400234222,0.09767831116914749,0.06998954713344574,0.05181415379047394
4OGV0AbV91U_001201_nonood,heldout,normal,0.04733015224337578,0.07441356778144836,0.04348602890968323,0.03330770879983902,0.0381133034825325
4OGV0AbV91U_001201_ood,ood,anomaly,0.35747942328453064,0.4218956530094147,0.31660568714141846,0.3259158134460449,0.3655005991458893
T89zSiaMNgM_004605_nonood,calib,normal,0.37749987840652466,0.5032252669334412,0.3883726894855499,0.31800225377082825,0.3003992736339569
T89zSiaMNgM_004605_ood,ood,anomaly,0.333914190530777,0.47423818707466125,0.3412790596485138,0.2535912096500397,0.2665483057498932
ahKX0rtdMJc_004580_nonood,calib,normal,0.054230697453022,0.11476964503526688,0.05270697921514511,0.030483471229672432,0.018962690606713295
ahKX0rtdMJc_004580_ood,ood,anomaly,0.12093689292669296,0.23246046900749207,0.12442392855882645,0.07514861971139908,0.05171455815434456
uO2zGO5ydBc_001446_nonood,heldout,normal,0.05617045611143112,0.10676857829093933,0.056872446089982986,0.0363968163728714,0.02464398369193077
uO2zGO5ydBc_001446_ood,ood,anomaly,0.2875290811061859,0.40161630511283875,0.28591933846473694,0.23468859493732452,0.22789208590984344
Rrcjy5t8b20_001187_nonood,calib,normal,0.3825535774230957,0.5178483128547668,0.40295830368995667,0.3168199360370636,0.2925877571105957
Rrcjy5t8b20_001187_ood,ood,anomaly,0.21812188625335693,0.2688387930393219,0.16225488483905792,0.13504895567893982,0.3063448965549469
4K_6s1n6BpU_001222_nonood,heldout,normal,0.19022509455680847,0.3266301453113556,0.2047945111989975,0.13596834242343903,0.09350736439228058
4K_6s1n6BpU_001222_ood,ood,anomaly,0.19241181015968323,0.32683587074279785,0.20071005821228027,0.13690504431724548,0.10519624501466751
Nc9SDBksPPA_001573_nonood,calib,normal,0.07153110206127167,0.14431031048297882,0.07186365127563477,0.042671702802181244,0.027278751134872437
Nc9SDBksPPA_001573_ood,ood,anomaly,0.12537147104740143,0.22795788943767548,0.12865625321865082,0.08405651897192001,0.0608152411878109
UbDCiQVuzPY_003772_nonood,heldout,normal,0.1961454451084137,0.3441556394100189,0.2080303579568863,0.14033791422843933,0.09205787628889084
UbDCiQVuzPY_003772_ood,ood,anomaly,0.15365228056907654,0.2645486891269684,0.1632588654756546,0.11231827735900879,0.07448329031467438
IOoVklIZLMw_000526_nonood,calib,normal,0.22858431935310364,0.3649563491344452,0.2445930689573288,0.17509666085243225,0.1296911984682083
IOoVklIZLMw_000526_ood,ood,anomaly,0.19682787358760834,0.3097817599773407,0.20254294574260712,0.15127886831760406,0.12370792776346207
PYL3JcSsS6o_000191_nonood,calib,normal,0.18581750988960266,0.3283546268939972,0.19410839676856995,0.13136883080005646,0.08943819254636765
PYL3JcSsS6o_000191_ood,ood,anomaly,0.19029013812541962,0.32533273100852966,0.18484146893024445,0.12446454167366028,0.1265217810869217
hdOtS-BpUPY_005641_nonood,calib,normal,0.2297709882259369,0.38634729385375977,0.2449389100074768,0.1710139960050583,0.11678377538919449
hdOtS-BpUPY_005641_ood,ood,anomaly,0.17424634099006653,0.31332969665527344,0.18434102833271027,0.11825193464756012,0.08106271177530289
Sihe6aeyLHg_002066_nonood,calib,normal,0.1862865388393402,0.3092325031757355,0.20264169573783875,0.1367773711681366,0.09649457037448883
Sihe6aeyLHg_002066_ood,ood,anomaly,0.3152722120285034,0.41749075055122375,0.292388379573822,0.23883755505084991,0.3123721778392792
yhtzAKqRyXw_004036_nonood,calib,normal,0.166465163230896,0.2833375632762909,0.18048745393753052,0.1186891421675682,0.08334652334451675
yhtzAKqRyXw_004036_ood,ood,anomaly,0.15072719752788544,0.25316348671913147,0.15923218429088593,0.11133849620819092,0.07917463779449463
jBbKXYgwpX0_001155_nonood,calib,normal,0.29576295614242554,0.42446014285087585,0.32290416955947876,0.2521103322505951,0.18357720971107483
jBbKXYgwpX0_001155_ood,ood,anomaly,0.26072782278060913,0.3992253839969635,0.28064945340156555,0.2030973881483078,0.15993914008140564
EY8x-fyQkbk_002762_nonood,calib,normal,0.3645927906036377,0.478345662355423,0.3600837290287018,0.30653244256973267,0.3134092688560486
EY8x-fyQkbk_002762_ood,ood,anomaly,0.14699776470661163,0.26226601004600525,0.14928561449050903,0.10001255571842194,0.07642689347267151
0z7J7rOpTic_000857_nonood,calib,normal,0.1634232997894287,0.29595714807510376,0.16656379401683807,0.10271988809108734,0.08845237642526627
0z7J7rOpTic_000857_ood,ood,anomaly,0.2022147923707962,0.31025803089141846,0.2045689970254898,0.1502801924943924,0.14375194907188416
GdyJqgxlSxs_004119_nonood,heldout,normal,0.1821395605802536,0.3141459822654724,0.19436778128147125,0.13068917393684387,0.08935533463954926
GdyJqgxlSxs_004119_ood,ood,anomaly,0.2370413839817047,0.34245339035987854,0.2433517575263977,0.19501832127571106,0.16734205186367035
uO2zGO5ydBc_002272_nonood,heldout,normal,0.3444441556930542,0.49728551506996155,0.3899732232093811,0.28391963243484497,0.2065981775522232
uO2zGO5ydBc_002272_ood,ood,anomaly,0.11110036820173264,0.1718735694885254,0.11194814741611481,0.08601084351539612,0.07456892728805542
yhtzAKqRyXw_000328_nonood,heldout,normal,0.17588114738464355,0.2976749837398529,0.19153819978237152,0.12475636601448059,0.08955508470535278
yhtzAKqRyXw_000328_ood,ood,anomaly,0.2291138917207718,0.3224283754825592,0.2167850285768509,0.17980657517910004,0.19743558764457703
bhA2ckvE-TQ_003227_nonood,calib,normal,0.27203288674354553,0.39138007164001465,0.2910210192203522,0.22725684940814972,0.17847366631031036
bhA2ckvE-TQ_003227_ood,ood,anomaly,0.26946258544921875,0.3858901858329773,0.28506866097450256,0.21537594497203827,0.19151552021503448
L334aqEJxys_000197_nonood,calib,normal,0.20074427127838135,0.3178466856479645,0.20977097749710083,0.15890897810459137,0.11645039170980453
L334aqEJxys_000197_ood,ood,anomaly,0.10343579947948456,0.1887800246477127,0.10593660920858383,0.07051944732666016,0.04850713163614273
sdqIDbZJfy0_000947_nonood,calib,normal,0.2441222220659256,0.40511634945869446,0.2639799118041992,0.17125862836837769,0.1361340433359146
sdqIDbZJfy0_000947_ood,ood,anomaly,0.21470817923545837,0.36791113018989563,0.22873592376708984,0.15080705285072327,0.11137863248586655
RPNiqsdt6-w_004782_nonood,calib,normal,0.16608521342277527,0.2957359552383423,0.17391350865364075,0.11451133340597153,0.0801800861954689
RPNiqsdt6-w_004782_ood,ood,anomaly,0.15822961926460266,0.26930591464042664,0.17339988052845,0.11387785524129868,0.07633481919765472
kVhgFPPG-wo_003102_nonood,calib,normal,0.20449431240558624,0.31518471240997314,0.22228237986564636,0.1567201167345047,0.12379000335931778
kVhgFPPG-wo_003102_ood,ood,anomaly,0.2383645921945572,0.3727332055568695,0.24331708252429962,0.16904877126216888,0.16835927963256836
pWZSG2cUdEo_001221_nonood,calib,normal,0.19625899195671082,0.3180690407752991,0.20830464363098145,0.14726851880550385,0.11139379441738129
pWZSG2cUdEo_001221_ood,ood,anomaly,0.2976694107055664,0.4095211327075958,0.2897332012653351,0.23583412170410156,0.2555891275405884
CyeT8rEQOpQ_005280_nonood,calib,normal,0.12433072924613953,0.22997719049453735,0.12919221818447113,0.08348529785871506,0.05466819554567337
CyeT8rEQOpQ_005280_ood,ood,anomaly,0.21595549583435059,0.3026570677757263,0.19104817509651184,0.15394227206707,0.21617446839809418
pOJpwWmEcFg_004491_nonood,calib,normal,0.19029012322425842,0.32300320267677307,0.20453856885433197,0.1397637575864792,0.09385500103235245
pOJpwWmEcFg_004491_ood,ood,anomaly,0.24430397152900696,0.3738599419593811,0.26279670000076294,0.19298668205738068,0.1475725919008255
X8VgGb1fJDU_001897_nonood,calib,normal,0.2687816619873047,0.4227294325828552,0.305480420589447,0.20392471551895142,0.14299209415912628
X8VgGb1fJDU_001897_ood,ood,anomaly,0.2796834409236908,0.4138883650302887,0.29697951674461365,0.22044828534126282,0.18741761147975922
0z7J7rOpTic_000752_nonood,calib,normal,0.18765093386173248,0.32404661178588867,0.19990389049053192,0.13307026028633118,0.09358295053243637
0z7J7rOpTic_000752_ood,ood,anomaly,0.38340437412261963,0.4926725924015045,0.3738516867160797,0.3223849833011627,0.3447081744670868
UOjQsfDXjO0_000501_nonood,calib,normal,0.20994538068771362,0.34205400943756104,0.2216833233833313,0.15094228088855743,0.12510190904140472
UOjQsfDXjO0_000501_ood,ood,anomaly,0.25099170207977295,0.400772362947464,0.2739034593105316,0.18934427201747894,0.13994668424129486
uFwnmh0GpBo_004489_nonood,calib,normal,0.3191525340080261,0.47744041681289673,0.3336474597454071,0.24073821306228638,0.22478406131267548
uFwnmh0GpBo_004489_ood,ood,anomaly,0.17089566588401794,0.3275062143802643,0.1787087619304657,0.10607504844665527,0.07129261642694473
Rrcjy5t8b20_002997_nonood,calib,normal,0.11788663268089294,0.2199670523405075,0.12572650611400604,0.07590948045253754,0.04994349926710129
Rrcjy5t8b20_002997_ood,ood,anomaly,0.42827051877975464,0.4538387656211853,0.3760729432106018,0.3971439599990845,0.48602643609046936
nHvTqyRntbY_003764_nonood,heldout,normal,0.1302848607301712,0.235183984041214,0.1386195570230484,0.08753379434347153,0.0598021037876606
nHvTqyRntbY_003764_ood,ood,anomaly,0.18289034068584442,0.31733399629592896,0.19200804829597473,0.1258096843957901,0.09640959650278091
PfJ2CudpCgE_001429_nonood,calib,normal,0.3439444303512573,0.5362827181816101,0.3799019455909729,0.26986148953437805,0.18973161280155182
PfJ2CudpCgE_001429_ood,ood,anomaly,0.1909930408000946,0.3276418149471283,0.18060806393623352,0.12067018449306488,0.13505207002162933
RASKiMoxhOE_004422_nonood,heldout,normal,0.28500744700431824,0.43591582775115967,0.30462610721588135,0.22292526066303253,0.1765625774860382
RASKiMoxhOE_004422_ood,ood,anomaly,0.29877257347106934,0.38614803552627563,0.29482290148735046,0.24849002063274384,0.2656293213367462
t4Cvbdtebk0_004325_nonood,heldout,normal,0.17734259366989136,0.31358665227890015,0.1899188607931137,0.12096323072910309,0.08490161597728729
t4Cvbdtebk0_004325_ood,ood,anomaly,0.35624876618385315,0.46897172927856445,0.3386487066745758,0.2836882770061493,0.33368635177612305
sUbP4j8rAic_001819_nonood,calib,normal,0.26447176933288574,0.4200245440006256,0.29633378982543945,0.20416586101055145,0.13736292719841003
sUbP4j8rAic_001819_ood,ood,anomaly,0.38423484563827515,0.49446263909339905,0.3908574879169464,0.3002457618713379,0.3513735234737396
fsqORUrKLYg_004920_nonood,heldout,normal,0.09104695171117783,0.1513063907623291,0.09230240434408188,0.06953234225511551,0.05104665830731392
fsqORUrKLYg_004920_ood,ood,anomaly,0.03605801984667778,0.06941204518079758,0.03692757338285446,0.02312314882874489,0.01476930733770132
0qfbmt4G8Rw_000602_nonood,calib,normal,0.21789199113845825,0.35327133536338806,0.22804927825927734,0.15365545451641083,0.1365918666124344
0qfbmt4G8Rw_000602_ood,ood,anomaly,0.4601331651210785,0.5616874694824219,0.47867101430892944,0.4289373457431793,0.37123674154281616
gXezhrOijmQ_004598_nonood,calib,normal,0.19245471060276031,0.3221011161804199,0.20808826386928558,0.1392471343278885,0.10038231313228607
gXezhrOijmQ_004598_ood,ood,anomaly,0.12187132239341736,0.22440306842327118,0.1314869225025177,0.0800597220659256,0.051535602658987045
Hd2IzHAfkCI_005113_nonood,heldout,normal,0.08181038498878479,0.14361198246479034,0.09044837951660156,0.05652083829045296,0.03666035458445549
Hd2IzHAfkCI_005113_ood,ood,anomaly,0.23024974763393402,0.37024083733558655,0.2464750111103058,0.17681635916233063,0.12746678292751312
RPNiqsdt6-w_003727_nonood,calib,normal,0.2113737314939499,0.36591845750808716,0.22445398569107056,0.14760446548461914,0.10751800239086151
RPNiqsdt6-w_003727_ood,ood,anomaly,0.09203821420669556,0.17045868933200836,0.09554437547922134,0.0596209354698658,0.04252886027097702
l1XbmdmGr0Q_004168_nonood,calib,normal,0.2708756625652313,0.39162322878837585,0.286262571811676,0.21587686240673065,0.18974003195762634
l1XbmdmGr0Q_004168_ood,ood,anomaly,0.4249476492404938,0.4477618634700775,0.3729352056980133,0.35540369153022766,0.5236898064613342
e3hXj7S3QyA_001260_nonood,calib,normal,0.0751766636967659,0.1487719565629959,0.07441612333059311,0.04657907783985138,0.0309394970536232
e3hXj7S3QyA_001260_ood,ood,anomaly,0.012369025498628616,0.018206529319286346,0.009142574854195118,0.010480050928890705,0.01164694782346487
krPRThe7R4g_002294_nonood,heldout,normal,0.1904396116733551,0.32150331139564514,0.20614472031593323,0.13852424919605255,0.09558618068695068
krPRThe7R4g_002294_ood,ood,anomaly,0.3158109188079834,0.42801061272621155,0.3095749616622925,0.26169389486312866,0.2639641761779785
0RJPQ_97dcs_000897_nonood,calib,normal,0.2013719528913498,0.34520724415779114,0.22021009027957916,0.1430947482585907,0.09697569906711578
0RJPQ_97dcs_000897_ood,ood,anomaly,0.2591975927352905,0.409961998462677,0.2725435793399811,0.19026048481464386,0.16402433812618256
EY8x-fyQkbk_000286_nonood,calib,normal,0.16937203705310822,0.3010352849960327,0.1785620003938675,0.11731023341417313,0.08058065176010132
EY8x-fyQkbk_000286_ood,ood,anomaly,0.2541791796684265,0.33878499269485474,0.24605533480644226,0.19661712646484375,0.2352592647075653
r6_ZhT7rmhM_001724_nonood,calib,normal,0.2056455910205841,0.33401381969451904,0.2166621834039688,0.15734103322029114,0.11456533521413803
r6_ZhT7rmhM_001724_ood,ood,anomaly,0.3490486145019531,0.48186689615249634,0.32535141706466675,0.2540993094444275,0.33487680554389954
d2SCftR5sWc_002396_nonood,calib,normal,0.02788165956735611,0.0585528202354908,0.02785753831267357,0.014983092434704304,0.010133191011846066
d2SCftR5sWc_002396_ood,ood,anomaly,0.013937743380665779,0.031235601752996445,0.012916754931211472,0.007062076590955257,0.004536542110145092
gZbGLa253Ak_000521_nonood,calib,normal,0.29863283038139343,0.3960232436656952,0.2915002405643463,0.23866820335388184,0.268339604139328
gZbGLa253Ak_000521_ood,ood,anomaly,0.16588610410690308,0.23910541832447052,0.15256436169147491,0.12271952629089355,0.1491551250219345
3tEZvtQZ18Q_001907_nonood,calib,normal,0.27113378047943115,0.419434517621994,0.2876783609390259,0.2071988582611084,0.1702234297990799
3tEZvtQZ18Q_001907_ood,ood,anomaly,0.25454676151275635,0.4194311201572418,0.2795512080192566,0.18596255779266357,0.13324213027954102
EY8x-fyQkbk_006563_nonood,calib,normal,0.27377405762672424,0.42131307721138,0.2921713590621948,0.21555665135383606,0.16605517268180847
EY8x-fyQkbk_006563_ood,ood,anomaly,0.30675578117370605,0.44433414936065674,0.30859169363975525,0.24010568857192993,0.2339916229248047
T89zSiaMNgM_000927_nonood,calib,normal,0.3806871473789215,0.5112277269363403,0.43675053119659424,0.337211936712265,0.23755842447280884
T89zSiaMNgM_000927_ood,ood,anomaly,0.4488878846168518,0.5630579590797424,0.5033584833145142,0.42211097478866577,0.3070240914821625
Pbw0A-RCjcw_001170_nonood,calib,normal,0.18393653631210327,0.3174334168434143,0.19279088079929352,0.12979573011398315,0.09572611004114151
Pbw0A-RCjcw_001170_ood,ood,anomaly,0.08372704684734344,0.15580512583255768,0.0784623995423317,0.05712605267763138,0.043514616787433624
h55PiQMnlJY_003350_nonood,calib,normal,0.09980927407741547,0.19555868208408356,0.10241654515266418,0.0609411858022213,0.040320686995983124
h55PiQMnlJY_003350_ood,ood,anomaly,0.09314560890197754,0.1713436394929886,0.09623293578624725,0.062155935913324356,0.04284993186593056
6E2N9ld0eHg_002998_nonood,calib,normal,0.2643417418003082,0.4198853075504303,0.29118865728378296,0.20347587764263153,0.14281709492206573
6E2N9ld0eHg_002998_ood,ood,anomaly,0.19094471633434296,0.30865469574928284,0.19667227566242218,0.13432209193706512,0.12412980198860168
p-fBcE77G4c_001910_nonood,calib,normal,0.1481350213289261,0.2590065002441406,0.15817740559577942,0.10455073416233063,0.07080544531345367
p-fBcE77G4c_001910_ood,ood,anomaly,0.23037177324295044,0.34805625677108765,0.24036209285259247,0.18171259760856628,0.15135614573955536
LfKfK4I5RPE_002617_nonood,calib,normal,0.17134660482406616,0.30629995465278625,0.18175412714481354,0.11773264408111572,0.07959966361522675
LfKfK4I5RPE_002617_ood,ood,anomaly,0.25228211283683777,0.3291398882865906,0.23739852011203766,0.20752477645874023,0.2350652515888214
mrIFkGZbNjc_003436_nonood,calib,normal,0.3878491520881653,0.5414919853210449,0.4247228801250458,0.3389125168323517,0.24626922607421875
mrIFkGZbNjc_003436_ood,ood,anomaly,0.30263686180114746,0.4531239867210388,0.3274889588356018,0.24207422137260437,0.18786033987998962
sdqIDbZJfy0_000075_nonood,calib,normal,0.0988609790802002,0.18719619512557983,0.1011485606431961,0.06561291217803955,0.04148628190159798
sdqIDbZJfy0_000075_ood,ood,anomaly,0.2915702164173126,0.4214465618133545,0.3166430592536926,0.24262210726737976,0.1855691373348236
PEwiwzyTjX0_002784_nonood,calib,normal,0.2820233702659607,0.4178515672683716,0.3088189661502838,0.23205852508544922,0.16936442255973816
PEwiwzyTjX0_002784_ood,ood,anomaly,0.39866018295288086,0.5053190588951111,0.4202193319797516,0.3729657232761383,0.2961365580558777
eN6y6-4C1Rc_001527_nonood,calib,normal,0.1814107596874237,0.3313494920730591,0.19180412590503693,0.1218593642115593,0.08063007146120071
eN6y6-4C1Rc_001527_ood,ood,anomaly,0.2270730435848236,0.35471853613853455,0.21606488525867462,0.15399737656116486,0.18351133167743683
PfJ2CudpCgE_002955_nonood,calib,normal,0.10186602175235748,0.19189126789569855,0.10692263394594193,0.06683304160833359,0.04181714728474617
PfJ2CudpCgE_002955_ood,ood,anomaly,0.08845611661672592,0.14915327727794647,0.0869828537106514,0.06334606558084488,0.05434226989746094
Z9K13eBUwJM_003518_nonood,calib,normal,0.18876956403255463,0.32218071818351746,0.1956699639558792,0.1358376145362854,0.10138995200395584
Z9K13eBUwJM_003518_ood,ood,anomaly,0.23879081010818481,0.32930174469947815,0.21357662975788116,0.17998845875263214,0.23229636251926422
f482qwPz7ns_004706_nonood,calib,normal,0.14900164306163788,0.27433276176452637,0.1525193303823471,0.09512735158205032,0.07402709871530533
f482qwPz7ns_004706_ood,ood,anomaly,0.21837106347084045,0.35589852929115295,0.2209896743297577,0.15359868109226227,0.1429973840713501
t4Cvbdtebk0_000797_nonood,calib,normal,0.1384381651878357,0.24739620089530945,0.14779601991176605,0.09497907757759094,0.06358141452074051
t4Cvbdtebk0_000797_ood,ood,anomaly,0.29875510931015015,0.4203379452228546,0.3244345188140869,0.24503357708454132,0.2052144855260849
bcpfYpmDcp0_002863_nonood,calib,normal,0.20563173294067383,0.33604738116264343,0.22199051082134247,0.15318229794502258,0.11130671948194504
bcpfYpmDcp0_002863_ood,ood,anomaly,0.21065518260002136,0.3292147219181061,0.2301616221666336,0.16814732551574707,0.11509702354669571
Izf9l3VWQuo_001651_nonood,calib,normal,0.19838401675224304,0.32745811343193054,0.20649047195911407,0.14220885932445526,0.11737862229347229
Izf9l3VWQuo_001651_ood,ood,anomaly,0.06515540182590485,0.11330334097146988,0.0697416216135025,0.04556326940655708,0.03201335668563843
p8q77QzOdUs_005240_nonood,calib,normal,0.08213865011930466,0.15335164964199066,0.08529771119356155,0.05411062017083168,0.035794615745544434
p8q77QzOdUs_005240_ood,ood,anomaly,0.08543432503938675,0.16047735512256622,0.08711256086826324,0.05528273805975914,0.038864653557538986
t_bCDlNOhJc_001392_nonood,calib,normal,0.19175857305526733,0.33417966961860657,0.20265065133571625,0.13357846438884735,0.09662552177906036
t_bCDlNOhJc_001392_ood,ood,anomaly,0.14335496723651886,0.27571946382522583,0.15037143230438232,0.09041166305541992,0.05691729113459587
4K_6s1n6BpU_004403_nonood,heldout,normal,0.40089523792266846,0.5163105130195618,0.42729467153549194,0.35543346405029297,0.30454227328300476
4K_6s1n6BpU_004403_ood,ood,anomaly,0.6766302585601807,0.6266539096832275,0.5843793153762817,0.5905449986457825,0.9049426317214966
IQwS7BEjUxM_001978_nonood,heldout,normal,0.16586676239967346,0.29053863883018494,0.17615602910518646,0.11484474688768387,0.08192763477563858
IQwS7BEjUxM_001978_ood,ood,anomaly,0.18258386850357056,0.30401185154914856,0.18647871911525726,0.12792958319187164,0.11191533505916595
sdqIDbZJfy0_003501_nonood,calib,normal,0.17729900777339935,0.30941540002822876,0.18581846356391907,0.12371642142534256,0.09024576097726822
sdqIDbZJfy0_003501_ood,ood,anomaly,0.08538041263818741,0.12472563236951828,0.08708366006612778,0.07227787375450134,0.05743448808789253
PfJ2CudpCgE_005782_nonood,calib,normal,0.23928849399089813,0.3635042607784271,0.2563781142234802,0.1932309865951538,0.14404064416885376
PfJ2CudpCgE_005782_ood,ood,anomaly,0.43926507234573364,0.5897756218910217,0.4797823131084442,0.3812417984008789,0.30626052618026733
TNZv-NBcV5U_001639_nonood,calib,normal,0.18403492867946625,0.3125247061252594,0.18861834704875946,0.13403688371181488,0.10095977783203125
TNZv-NBcV5U_001639_ood,ood,anomaly,0.1008053570985794,0.1717282384634018,0.09064052999019623,0.06051069498062134,0.08034196496009827
Hkui6PJboFg_001314_nonood,calib,normal,0.20196518301963806,0.3335133194923401,0.2195674329996109,0.14966514706611633,0.10511486977338791
Hkui6PJboFg_001314_ood,ood,anomaly,0.18103358149528503,0.2930232584476471,0.17007093131542206,0.12299132347106934,0.13804884254932404
Sihe6aeyLHg_006383_nonood,heldout,normal,0.22853761911392212,0.38431307673454285,0.24631023406982422,0.16617518663406372,0.1173519566655159
Sihe6aeyLHg_006383_ood,ood,anomaly,0.4540550708770752,0.553554356098175,0.43703246116638184,0.41318169236183167,0.41245174407958984
3tEZvtQZ18Q_005646_nonood,calib,normal,0.29766184091567993,0.4485144019126892,0.31718215346336365,0.24827302992343903,0.1766778826713562
3tEZvtQZ18Q_005646_ood,ood,anomaly,0.35341429710388184,0.4800034761428833,0.3821515738964081,0.3052631914615631,0.24623891711235046
YBEYOS3A3Ic_002698_nonood,heldout,normal,0.3885177969932556,0.5846976041793823,0.43217411637306213,0.30754804611206055,0.22965151071548462
YBEYOS3A3Ic_002698_ood,ood,anomaly,0.45521461963653564,0.5356742143630981,0.40270185470581055,0.38694119453430176,0.49554115533828735
nHvTqyRntbY_000914_nonood,calib,normal,0.19405651092529297,0.3243583142757416,0.2064431607723236,0.13865545392036438,0.1067691221833229
nHvTqyRntbY_000914_ood,ood,anomaly,0.23619408905506134,0.3830857276916504,0.25619643926620483,0.17834073305130005,0.12715347111225128
4K_6s1n6BpU_004134_nonood,heldout,normal,0.2673996686935425,0.39834538102149963,0.28971633315086365,0.2122894674539566,0.1692475527524948
4K_6s1n6BpU_004134_ood,ood,anomaly,0.5531771779060364,0.4710988998413086,0.35301950573921204,0.339728981256485,1.0488613843917847
fHUJcUaW2mE_003604_nonood,calib,normal,0.3985097110271454,0.5636473298072815,0.4255932867527008,0.3158217966556549,0.28897640109062195
fHUJcUaW2mE_003604_ood,ood,anomaly,0.37788087129592896,0.5241053104400635,0.3860056698322296,0.30669111013412476,0.294721394777298
6E2N9ld0eHg_000290_nonood,calib,normal,0.2542565166950226,0.41632792353630066,0.2733129560947418,0.19206871092319489,0.13531647622585297
6E2N9ld0eHg_000290_ood,ood,anomaly,0.3555419147014618,0.46358054876327515,0.322952538728714,0.2861793637275696,0.3494551479816437
bhA2ckvE-TQ_001611_nonood,heldout,normal,0.02973777987062931,0.06527414172887802,0.028392935171723366,0.01554912980645895,0.00973491556942463
bhA2ckvE-TQ_001611_ood,ood,anomaly,0.031103720888495445,0.06370873004198074,0.031161287799477577,0.01789926178753376,0.011645606718957424
PYL3JcSsS6o_002858_nonood,calib,normal,0.3692134618759155,0.49141067266464233,0.35115936398506165,0.25883254408836365,0.3754512667655945
PYL3JcSsS6o_002858_ood,ood,anomaly,0.2935181260108948,0.44701534509658813,0.31657570600509644,0.22995349764823914,0.1805279403924942
TlBhM9Xbr2o_003153_nonood,calib,normal,0.10912349820137024,0.16787444055080414,0.1031610295176506,0.08038907498121262,0.085069440305233
TlBhM9Xbr2o_003153_ood,ood,anomaly,0.09016860276460648,0.15110662579536438,0.08962658792734146,0.06806311756372452,0.05187809467315674
0qfbmt4G8Rw_003336_nonood,calib,normal,0.25971803069114685,0.4055030643939972,0.2816688120365143,0.2005305290222168,0.15116973221302032
0qfbmt4G8Rw_003336_ood,ood,anomaly,0.6236986517906189,0.6090277433395386,0.5784905552864075,0.6336281895637512,0.6736481189727783
fWJbp43k644_003647_nonood,heldout,normal,0.09791252762079239,0.1810435801744461,0.0997328907251358,0.06577945500612259,0.04509418085217476
fWJbp43k644_003647_ood,ood,anomaly,0.16046087443828583,0.2851215898990631,0.1616087704896927,0.10942799597978592,0.0856851115822792
jv7vz_55H8M_000890_nonood,calib,normal,0.1445903182029724,0.27221202850341797,0.15077002346515656,0.09397176653146744,0.06140744686126709
jv7vz_55H8M_000890_ood,ood,anomaly,0.19854670763015747,0.3159872889518738,0.1929108053445816,0.13533265888690948,0.14995607733726501
T7TkJVmGyts_003265_nonood,calib,normal,0.37780773639678955,0.500597357749939,0.4089892506599426,0.34025833010673523,0.26138606667518616
T7TkJVmGyts_003265_ood,ood,anomaly,0.18360868096351624,0.3172309100627899,0.1975598931312561,0.13155974447727203,0.08808422088623047
3tEZvtQZ18Q_000191_nonood,calib,normal,0.25024113059043884,0.39712077379226685,0.26710420846939087,0.18427035212516785,0.1524692177772522
3tEZvtQZ18Q_000191_ood,ood,anomaly,0.39170295000076294,0.48615026473999023,0.3590015470981598,0.316693514585495,0.4049665629863739
HaC3LrJiTmQ_002330_nonood,calib,normal,0.12645548582077026,0.23855559527873993,0.13193446397781372,0.08019305765628815,0.05513884499669075
HaC3LrJiTmQ_002330_ood,ood,anomaly,0.12077349424362183,0.22953926026821136,0.12151800096035004,0.07615986466407776,0.05587686598300934
2TmFM9p1KF8_001489_nonood,calib,normal,0.2150251865386963,0.34895461797714233,0.22992651164531708,0.16428427398204803,0.11693533509969711
2TmFM9p1KF8_001489_ood,ood,anomaly,0.2751685678958893,0.4180905520915985,0.27712541818618774,0.19930791854858398,0.2061503827571869
4OGV0AbV91U_003445_nonood,heldout,normal,0.20677827298641205,0.3423796594142914,0.22048306465148926,0.1554887741804123,0.10876156389713287
4OGV0AbV91U_003445_ood,ood,anomaly,0.23414655029773712,0.3781472444534302,0.24260984361171722,0.16697748005390167,0.14885160326957703
Izf9l3VWQuo_001035_nonood,heldout,normal,0.10671098530292511,0.19825880229473114,0.11104604601860046,0.07009492814540863,0.0474441722035408
Izf9l3VWQuo_001035_ood,ood,anomaly,0.29645970463752747,0.4207872152328491,0.2909003794193268,0.24194760620594025,0.2322036176919937
HzVbo46kkBA_004735_nonood,calib,normal,0.24584193527698517,0.399077832698822,0.2692827582359314,0.18576939404010773,0.12923775613307953
HzVbo46kkBA_004735_ood,ood,anomaly,0.35907286405563354,0.4706878662109375,0.3090069591999054,0.24952258169651031,0.40707406401634216
4OGV0AbV91U_003123_nonood,calib,normal,0.16134917736053467,0.2751061022281647,0.17415489256381989,0.1176576241850853,0.07847811281681061
4OGV0AbV91U_003123_ood,ood,anomaly,0.08171717822551727,0.1382346898317337,0.07298585027456284,0.05418885499238968,0.061459336429834366
CyeT8rEQOpQ_005848_nonood,heldout,normal,0.05397146940231323,0.09564775973558426,0.056743066757917404,0.03738536313176155,0.02610969915986061
CyeT8rEQOpQ_005848_ood,ood,anomaly,0.07285116612911224,0.11160959303379059,0.06497930735349655,0.0516761876642704,0.06313959509134293
3u_CIo9IaWo_000221_nonood,calib,normal,0.17175066471099854,0.3002377152442932,0.18556304275989532,0.12015008926391602,0.08105186372995377
3u_CIo9IaWo_000221_ood,ood,anomaly,0.23000884056091309,0.3538447916507721,0.2409675419330597,0.16594298183918,0.15928003191947937
V3--0ubJkNE_004309_nonood,calib,normal,0.17295879125595093,0.2746625542640686,0.18345403671264648,0.13559353351593018,0.09812501817941666
V3--0ubJkNE_004309_ood,ood,anomaly,0.33774325251579285,0.4110855162143707,0.3294530510902405,0.3010285198688507,0.3094058632850647
fWJbp43k644_005155_nonood,calib,normal,0.1475977748632431,0.2533373236656189,0.1573905050754547,0.10583434253931046,0.07382894307374954
fWJbp43k644_005155_ood,ood,anomaly,0.15076223015785217,0.25677192211151123,0.15457244217395782,0.11028042435646057,0.08142418414354324
PfJ2CudpCgE_002001_nonood,calib,normal,0.23638102412223816,0.37317514419555664,0.2548123896121979,0.18008571863174438,0.1374509036540985
PfJ2CudpCgE_002001_ood,ood,anomaly,0.406254380941391,0.5057058334350586,0.39906391501426697,0.34801366925239563,0.3722340762615204
nHvTqyRntbY_002652_nonood,heldout,normal,0.06776400655508041,0.13884396851062775,0.06692536920309067,0.03975341469049454,0.0255332849919796
nHvTqyRntbY_002652_ood,ood,anomaly,0.10400225222110748,0.19013729691505432,0.10808054357767105,0.06984373182058334,0.04794742539525032
P5MjgFmqouA_004477_nonood,calib,normal,0.17115290462970734,0.301800936460495,0.1834377497434616,0.1197824627161026,0.07959049195051193
P5MjgFmqouA_004477_ood,ood,anomaly,0.2961606979370117,0.42660313844680786,0.3123728334903717,0.24873754382133484,0.19692929089069366
ecRog9N1Qf0_004683_nonood,calib,normal,0.1682506799697876,0.2831957936286926,0.16928942501544952,0.1223822683095932,0.09813523292541504
ecRog9N1Qf0_004683_ood,ood,anomaly,0.06865197420120239,0.11958127468824387,0.06293191015720367,0.047515325248241425,0.044579409062862396
CyeT8rEQOpQ_001010_nonood,heldout,normal,0.19545873999595642,0.3137403726577759,0.21792377531528473,0.14959342777729034,0.10057738423347473
CyeT8rEQOpQ_001010_ood,ood,anomaly,0.2614169716835022,0.36862432956695557,0.26292166113853455,0.1958194375038147,0.2183024287223816
hdOtS-BpUPY_002557_nonood,calib,normal,0.3291328549385071,0.4974740445613861,0.3634057641029358,0.2626142203807831,0.19303740561008453
hdOtS-BpUPY_002557_ood,ood,anomaly,0.17649251222610474,0.30244049429893494,0.17583134770393372,0.1129385232925415,0.11475968360900879
y1vGuUK0db4_004216_nonood,calib,normal,0.10240484029054642,0.19399094581604004,0.10580679029226303,0.06610269099473953,0.043718934059143066
y1vGuUK0db4_004216_ood,ood,anomaly,0.12909728288650513,0.22469492256641388,0.12543244659900665,0.08969686180353165,0.07656488567590714
d2SCftR5sWc_003792_nonood,heldout,normal,0.24505671858787537,0.36298391222953796,0.24069581925868988,0.17659558355808258,0.19995157420635223
d2SCftR5sWc_003792_ood,ood,anomaly,0.1842864453792572,0.3108881711959839,0.1812284290790558,0.12010810524225235,0.12492109835147858
kN-2mc561GY_001947_nonood,heldout,normal,0.24773350358009338,0.3939041495323181,0.2712700068950653,0.19338294863700867,0.13237690925598145
kN-2mc561GY_001947_ood,ood,anomaly,0.16353628039360046,0.2794543206691742,0.15977545082569122,0.10713332146406174,0.1077820211648941
LfKfK4I5RPE_005264_nonood,calib,normal,0.27744466066360474,0.4215971529483795,0.3059244155883789,0.2222653031349182,0.1599918007850647
LfKfK4I5RPE_005264_ood,ood,anomaly,0.4385603070259094,0.5467973947525024,0.4746553599834442,0.39862197637557983,0.3341665267944336
a_VxrUq9PmA_004170_nonood,calib,normal,0.044439442455768585,0.09267421811819077,0.04424036294221878,0.025086108595132828,0.01575707457959652
a_VxrUq9PmA_004170_ood,ood,anomaly,0.051680609583854675,0.10067638009786606,0.05141899362206459,0.033269718289375305,0.021357337012887
Vtpe3HAIEm4_005154_nonood,calib,normal,0.31183329224586487,0.44343531131744385,0.34821903705596924,0.2688354551792145,0.1868433952331543
Vtpe3HAIEm4_005154_ood,ood,anomaly,0.34794849157333374,0.4570002555847168,0.35048484802246094,0.2900099456310272,0.29429885745048523
UbDCiQVuzPY_004313_nonood,heldout,normal,0.0907575711607933,0.18295224010944366,0.09229275584220886,0.05389422923326492,0.03389103710651398
UbDCiQVuzPY_004313_ood,ood,anomaly,0.052717261016368866,0.09941038489341736,0.055122483521699905,0.03451098874211311,0.021825198084115982
a_VxrUq9PmA_001508_nonood,calib,normal,0.06468379497528076,0.1176222413778305,0.06447728723287582,0.04333757609128952,0.033298082649707794
a_VxrUq9PmA_001508_ood,ood,anomaly,0.08384516835212708,0.13598302006721497,0.0841740146279335,0.06702802330255508,0.04819563403725624
Zpo0kwg1XEQ_004447_nonood,heldout,normal,0.16545815765857697,0.29011106491088867,0.17314191162586212,0.11252358555793762,0.08605609089136124
Zpo0kwg1XEQ_004447_ood,ood,anomaly,0.19595831632614136,0.3256419003009796,0.21004140377044678,0.139597088098526,0.10855291038751602
lKMwX4nA64k_005934_nonood,calib,normal,0.30919015407562256,0.4813735783100128,0.33673644065856934,0.24096260964870453,0.17768798768520355
lKMwX4nA64k_005934_ood,ood,anomaly,0.6743994951248169,0.7336368560791016,0.7009392976760864,0.6659318208694458,0.5970900058746338
HzVbo46kkBA_003344_nonood,calib,normal,0.26839500665664673,0.37693825364112854,0.28540390729904175,0.22840730845928192,0.18283048272132874
HzVbo46kkBA_003344_ood,ood,anomaly,0.2818034291267395,0.39295560121536255,0.2871043384075165,0.22702820599079132,0.22012554109096527
kld-iYpdjyo_005266_nonood,calib,normal,0.12159447371959686,0.22010944783687592,0.1274328976869583,0.08132088929414749,0.05751465633511543
kld-iYpdjyo_005266_ood,ood,anomaly,0.1923673301935196,0.2828400731086731,0.19381815195083618,0.1573607474565506,0.1354503333568573
Y4rb2_HaBdQ_002928_nonood,calib,normal,0.1905135065317154,0.3140789866447449,0.19949978590011597,0.13758106529712677,0.11089417338371277
Y4rb2_HaBdQ_002928_ood,ood,anomaly,0.25926631689071655,0.3815508782863617,0.26533612608909607,0.2081051468849182,0.18207314610481262
gZbGLa253Ak_002907_nonood,calib,normal,0.25620147585868835,0.41502949595451355,0.2856602072715759,0.192542165517807,0.13157407939434052
gZbGLa253Ak_002907_ood,ood,anomaly,0.33321893215179443,0.4832242429256439,0.34486088156700134,0.2651207745075226,0.2396697998046875
bI9JzQSrEGo_004112_nonood,calib,normal,0.12239458411931992,0.23543347418308258,0.12597642838954926,0.07627970725297928,0.05188872292637825
bI9JzQSrEGo_004112_ood,ood,anomaly,0.11519092321395874,0.19866223633289337,0.11631044000387192,0.08579198271036148,0.05999905616044998
fWJbp43k644_000436_nonood,calib,normal,0.2757984399795532,0.4434759020805359,0.2955615222454071,0.21555842459201813,0.1485978662967682
fWJbp43k644_000436_ood,ood,anomaly,0.3034224808216095,0.45414623618125916,0.3120853006839752,0.23687320947647095,0.21058519184589386
ecRog9N1Qf0_003805_nonood,heldout,normal,0.2007213979959488,0.32691773772239685,0.2118312269449234,0.15279406309127808,0.11134253442287445
ecRog9N1Qf0_003805_ood,ood,anomaly,0.22395235300064087,0.3454696238040924,0.21468348801136017,0.16879700124263763,0.16685931384563446
HaC3LrJiTmQ_000307_nonood,calib,normal,0.21763065457344055,0.3715550899505615,0.2334936410188675,0.1564607173204422,0.10901318490505219
HaC3LrJiTmQ_000307_ood,ood,anomaly,0.26420772075653076,0.4084049165248871,0.27337273955345154,0.19668720662593842,0.17836597561836243
3u_CIo9IaWo_000970_nonood,heldout,normal,0.16681523621082306,0.2961817681789398,0.1793978065252304,0.11629843711853027,0.07538294047117233
3u_CIo9IaWo_000970_ood,ood,anomaly,0.46252676844596863,0.48835739493370056,0.416100412607193,0.41702476143836975,0.5286245346069336
7uTMZ5-aWKA_001975_nonood,calib,normal,0.09131033718585968,0.16645225882530212,0.09529844671487808,0.0580667145550251,0.0454239547252655
7uTMZ5-aWKA_001975_ood,ood,anomaly,0.12831458449363708,0.22418148815631866,0.13742396235466003,0.08689715713262558,0.06475574523210526
HaC3LrJiTmQ_001999_nonood,calib,normal,0.3903048038482666,0.5519612431526184,0.4186211824417114,0.32244443893432617,0.2681924104690552
HaC3LrJiTmQ_001999_ood,ood,anomaly,0.3242020010948181,0.4193556606769562,0.2676006555557251,0.18204505741596222,0.4278067350387573
0z7J7rOpTic_002341_nonood,calib,normal,0.22483301162719727,0.3447299003601074,0.24306197464466095,0.1819678097963333,0.12957234680652618
0z7J7rOpTic_002341_ood,ood,anomaly,0.18688958883285522,0.31338849663734436,0.19961977005004883,0.1360224038362503,0.09852767735719681
ha-IeID24As_005536_nonood,calib,normal,0.05152545124292374,0.09786702692508698,0.05101491138339043,0.0335039421916008,0.023715926334261894
ha-IeID24As_005536_ood,ood,anomaly,0.15439218282699585,0.2863035798072815,0.16030581295490265,0.10150353610515594,0.0694558396935463
jFFhYwgepmY_003192_nonood,calib,normal,0.2566613256931305,0.40103715658187866,0.2793024480342865,0.2002161145210266,0.1460895836353302
jFFhYwgepmY_003192_ood,ood,anomaly,0.20191046595573425,0.34167489409446716,0.2152457982301712,0.14817282557487488,0.10254830867052078
HzVbo46kkBA_000073_nonood,calib,normal,0.2667319178581238,0.3985736668109894,0.28489506244659424,0.20805604755878448,0.17540287971496582
HzVbo46kkBA_000073_ood,ood,anomaly,0.6956127285957336,0.7723981738090515,0.7369964718818665,0.6450427174568176,0.6280136108398438
GDejMONyY4U_001571_nonood,calib,normal,0.1692163497209549,0.26625576615333557,0.1807105839252472,0.1289651095867157,0.10093394666910172
GDejMONyY4U_001571_ood,ood,anomaly,0.15722480416297913,0.22722022235393524,0.14160268008708954,0.12927868962287903,0.1307976245880127
3sGShQb_HwU_000985_nonood,calib,normal,0.4203059673309326,0.5632590055465698,0.45883074402809143,0.37160876393318176,0.2875254452228546
3sGShQb_HwU_000985_ood,ood,anomaly,0.381378173828125,0.48133406043052673,0.35296741127967834,0.2993806302547455,0.3918306231498718
3sGShQb_HwU_001607_nonood,calib,normal,0.29436635971069336,0.4288502335548401,0.3191567361354828,0.2462000548839569,0.18325847387313843
3sGShQb_HwU_001607_ood,ood,anomaly,0.27864670753479004,0.3776548504829407,0.25289854407310486,0.2091352939605713,0.27489811182022095
FqJ4IfRLKmA_001281_nonood,heldout,normal,0.26665768027305603,0.431106299161911,0.29237160086631775,0.19809214770793915,0.1450606733560562
FqJ4IfRLKmA_001281_ood,ood,anomaly,0.26864397525787354,0.38618704676628113,0.25596824288368225,0.21125838160514832,0.22116215527057648
4K_6s1n6BpU_006682_nonood,calib,normal,0.2911585569381714,0.42925968766212463,0.3106551170349121,0.237688809633255,0.1870306134223938
4K_6s1n6BpU_006682_ood,ood,anomaly,0.5964257717132568,0.6183673143386841,0.5701196789741516,0.5764530897140503,0.6207630634307861
u33fdjUY_Iw_000951_nonood,calib,normal,0.22875171899795532,0.3827444314956665,0.24209141731262207,0.16774149239063263,0.12242951989173889
u33fdjUY_Iw_000951_ood,ood,anomaly,0.2724807858467102,0.42177146673202515,0.27640342712402344,0.19929943978786469,0.19244886934757233
uFwnmh0GpBo_000291_nonood,heldout,normal,0.11091288179159164,0.21181508898735046,0.11137270927429199,0.07228227704763412,0.0481814481317997
uFwnmh0GpBo_000291_ood,ood,anomaly,0.38968509435653687,0.4792919158935547,0.3751562535762787,0.3355998992919922,0.36869221925735474
jKwCC2RhxJE_004435_nonood,calib,normal,0.22266504168510437,0.372667133808136,0.23651939630508423,0.15967082977294922,0.12180278450250626
jKwCC2RhxJE_004435_ood,ood,anomaly,0.5132237672805786,0.5342885255813599,0.4619617462158203,0.4641050696372986,0.5925396680831909
sdqIDbZJfy0_005020_nonood,calib,normal,0.2488771677017212,0.38675615191459656,0.2703486382961273,0.1989084929227829,0.1394953727722168
sdqIDbZJfy0_005020_ood,ood,anomaly,0.18831276893615723,0.2982674241065979,0.1869390308856964,0.1417664885520935,0.1262781322002411
D_pyFV4nKd4_004530_nonood,calib,normal,0.15826469659805298,0.2956453561782837,0.1635431945323944,0.10336106270551682,0.070509172976017
D_pyFV4nKd4_004530_ood,ood,anomaly,0.1688089519739151,0.2868872284889221,0.17851164937019348,0.12104952335357666,0.08878739923238754
ruiSuGHJf6Q_001791_nonood,calib,normal,0.28491929173469543,0.43995994329452515,0.3117370009422302,0.21817371249198914,0.16980654001235962
ruiSuGHJf6Q_001791_ood,ood,anomaly,0.5878002643585205,0.6552734375,0.6079943180084229,0.555720329284668,0.5322130918502808
l1XbmdmGr0Q_000525_nonood,calib,normal,0.20568206906318665,0.347288578748703,0.21977323293685913,0.14979088306427002,0.10587560385465622
l1XbmdmGr0Q_000525_ood,ood,anomaly,0.3080819249153137,0.3896562159061432,0.2799295485019684,0.24994100630283356,0.31280094385147095
Z9K13eBUwJM_005029_nonood,calib,normal,0.2520216703414917,0.40697139501571655,0.25911131501197815,0.17668838798999786,0.16531558334827423
Z9K13eBUwJM_005029_ood,ood,anomaly,0.18071022629737854,0.3216170072555542,0.18615347146987915,0.12301240861415863,0.09205804765224457
vdLn-qswnRo_002457_nonood,heldout,normal,0.1600416898727417,0.2733272910118103,0.1727275401353836,0.11416926980018616,0.07994267344474792
vdLn-qswnRo_002457_ood,ood,anomaly,0.1697777807712555,0.29505670070648193,0.17551854252815247,0.11637935787439346,0.09215652942657471
eW9vWga9F5M_000894_nonood,calib,normal,0.20783521234989166,0.36174771189689636,0.22108490765094757,0.14579081535339355,0.10271739214658737
eW9vWga9F5M_000894_ood,ood,anomaly,0.38910365104675293,0.531900942325592,0.41156354546546936,0.31870391964912415,0.29424619674682617
L334aqEJxys_004297_nonood,calib,normal,0.11909420788288116,0.22116084396839142,0.12377384305000305,0.079605832695961,0.05183631181716919
L334aqEJxys_004297_ood,ood,anomaly,0.2474093735218048,0.3601178228855133,0.2402341365814209,0.18220292031764984,0.20708264410495758
d2SCftR5sWc_001121_nonood,calib,normal,0.060332536697387695,0.12034204602241516,0.06069566309452057,0.03629252314567566,0.02399991638958454
d2SCftR5sWc_001121_ood,ood,anomaly,0.14616085588932037,0.24210087954998016,0.15873493254184723,0.10663643479347229,0.07717117667198181
qzMjfBx1KI0_000882_nonood,calib,normal,0.03279339149594307,0.061286527663469315,0.032713573426008224,0.021800881251692772,0.015372580848634243
qzMjfBx1KI0_000882_ood,ood,anomaly,0.42250531911849976,0.46768835186958313,0.38265982270240784,0.4195237457752228,0.4201493263244629
88LcRU7uEFE_002275_nonood,calib,normal,0.11932304501533508,0.22499127686023712,0.12495560199022293,0.07600412517786026,0.051341183483600616
88LcRU7uEFE_002275_ood,ood,anomaly,0.24907943606376648,0.38672399520874023,0.25487518310546875,0.19050174951553345,0.16421683132648468
D_pyFV4nKd4_001355_nonood,heldout,normal,0.2490336000919342,0.41260507702827454,0.2798519730567932,0.18292082846164703,0.12075645476579666
D_pyFV4nKd4_001355_ood,ood,anomaly,0.2238762229681015,0.38753485679626465,0.24286392331123352,0.159738689661026,0.10536745935678482
fHUJcUaW2mE_000347_nonood,heldout,normal,0.1511618196964264,0.2701365053653717,0.1593102514743805,0.10261926800012589,0.07258123904466629
fHUJcUaW2mE_000347_ood,ood,anomaly,0.342401921749115,0.4439913332462311,0.3353898823261261,0.30474159121513367,0.28548485040664673
T89zSiaMNgM_004104_nonood,calib,normal,0.13189631700515747,0.23983526229858398,0.13745227456092834,0.09019004553556442,0.06010766699910164
T89zSiaMNgM_004104_ood,ood,anomaly,0.21254752576351166,0.33692026138305664,0.21837861835956573,0.16333146393299103,0.13155978918075562
t_bCDlNOhJc_000982_nonood,calib,normal,0.3278079926967621,0.45279037952423096,0.32678836584091187,0.24624411761760712,0.2854091227054596
t_bCDlNOhJc_000982_ood,ood,anomaly,0.5151011943817139,0.5830551385879517,0.5033488869667053,0.47779592871665955,0.49620485305786133
nvVk7L3GrJQ_002297_nonood,heldout,normal,0.21470561623573303,0.32222896814346313,0.22593961656093597,0.18036897480487823,0.1302848905324936
nvVk7L3GrJQ_002297_ood,ood,anomaly,0.29719212651252747,0.388590931892395,0.30560630559921265,0.25407662987709045,0.24049462378025055
Q7VBPeGwJWw_002954_nonood,heldout,normal,0.20602256059646606,0.35911670327186584,0.21466995775699615,0.1461428850889206,0.10416070371866226
Q7VBPeGwJWw_002954_ood,ood,anomaly,0.3101598918437958,0.4389026165008545,0.3079562783241272,0.24784442782402039,0.24593625962734222
fdvMUP8qvzw_002235_nonood,calib,normal,0.25004345178604126,0.40564781427383423,0.27912119030952454,0.19036133587360382,0.12504342198371887
fdvMUP8qvzw_002235_ood,ood,anomaly,0.5929797887802124,0.5814610123634338,0.5468176007270813,0.626093864440918,0.6175468564033508
OWtbKblBOKI_001714_nonood,calib,normal,0.2506675124168396,0.38620197772979736,0.26513221859931946,0.19366134703159332,0.15767452120780945
OWtbKblBOKI_001714_ood,ood,anomaly,0.3683888614177704,0.4847203493118286,0.36571136116981506,0.32468876242637634,0.2984350025653839
Eq7_uD2yN5Y_005193_nonood,calib,normal,0.04500829800963402,0.0806029886007309,0.04616595804691315,0.030823642387986183,0.022440603002905846
Eq7_uD2yN5Y_005193_ood,ood,anomaly,0.08545207977294922,0.15609949827194214,0.08460164815187454,0.0610060840845108,0.040101081132888794
Hx8FMhmdOQU_005600_nonood,calib,normal,0.2525891959667206,0.39927050471305847,0.2722138464450836,0.19261188805103302,0.14626052975654602
Hx8FMhmdOQU_005600_ood,ood,anomaly,0.27437183260917664,0.41177359223365784,0.2803032100200653,0.21709400415420532,0.18831650912761688
5vKPYV5w6pw_000518_nonood,calib,normal,0.22089910507202148,0.36027640104293823,0.24050399661064148,0.16855907440185547,0.11425694078207016
5vKPYV5w6pw_000518_ood,ood,anomaly,0.3260515332221985,0.44794192910194397,0.32348063588142395,0.2731912434101105,0.2595922648906708
kjVywUi1WK4_002026_nonood,calib,normal,0.18643274903297424,0.32102271914482117,0.2046324461698532,0.1318153738975525,0.08826044946908951
kjVywUi1WK4_002026_ood,ood,anomaly,0.40902382135391235,0.4937688112258911,0.3960219919681549,0.3315344750881195,0.41477006673812866
xpOyD-qrQUw_002724_nonood,heldout,normal,0.12669934332370758,0.2263302057981491,0.12983660399913788,0.08744791895151138,0.06318264454603195
xpOyD-qrQUw_002724_ood,ood,anomaly,0.11143812537193298,0.20837369561195374,0.11434296518564224,0.07376083731651306,0.049275029450654984
RPNiqsdt6-w_000804_nonood,calib,normal,0.2537444531917572,0.4119403064250946,0.2752966284751892,0.18914738297462463,0.13859350979328156
RPNiqsdt6-w_000804_ood,ood,anomaly,0.31341299414634705,0.4272393584251404,0.29211655259132385,0.21413998305797577,0.3201560378074646
a_VxrUq9PmA_000181_nonood,calib,normal,0.21945258975028992,0.3552241027355194,0.2414572536945343,0.16186243295669556,0.11926659196615219
a_VxrUq9PmA_000181_ood,ood,anomaly,0.5647367835044861,0.5507532954216003,0.5073339939117432,0.5792643427848816,0.6215955018997192
uFwnmh0GpBo_002789_nonood,calib,normal,0.1356619894504547,0.24470992386341095,0.14250494539737701,0.09208432585000992,0.06334874033927917
uFwnmh0GpBo_002789_ood,ood,anomaly,0.1982245296239853,0.2675054371356964,0.1775846630334854,0.14505036175251007,0.20275762677192688
xjbbH74SwTg_000512_nonood,calib,normal,0.15045177936553955,0.2826288640499115,0.15740568935871124,0.09775282442569733,0.06401974707841873
xjbbH74SwTg_000512_ood,ood,anomaly,0.07537169009447098,0.13971549272537231,0.07840031385421753,0.049745477735996246,0.03362547978758812
dZG1VKsgs60_003613_nonood,calib,normal,0.19834278523921967,0.3319905400276184,0.20316241681575775,0.13893814384937286,0.11928001791238785
dZG1VKsgs60_003613_ood,ood,anomaly,0.23700866103172302,0.3690743148326874,0.24710603058338165,0.1773417741060257,0.15451249480247498
krPRThe7R4g_004774_nonood,calib,normal,0.151121586561203,0.25013554096221924,0.16561415791511536,0.11054337024688721,0.07819326221942902
krPRThe7R4g_004774_ood,ood,anomaly,0.47272926568984985,0.4480443596839905,0.3725917637348175,0.3792721629142761,0.6910087466239929
5vKPYV5w6pw_004224_nonood,calib,normal,0.027727682143449783,0.05863117054104805,0.026553137227892876,0.01572028174996376,0.010006139986217022
5vKPYV5w6pw_004224_ood,ood,anomaly,0.026215463876724243,0.053923625499010086,0.02632392756640911,0.015023855492472649,0.009590450674295425
y4Evv5By6sg_004695_nonood,calib,normal,0.11276932060718536,0.22065123915672302,0.11278414726257324,0.06824543327093124,0.04939645156264305
y4Evv5By6sg_004695_ood,ood,anomaly,0.13577131927013397,0.24309952557086945,0.13851626217365265,0.09489166736602783,0.06657782942056656
bhA2ckvE-TQ_001156_nonood,calib,normal,0.22559833526611328,0.3682827055454254,0.23222054541110992,0.1542753130197525,0.1476147323846817
bhA2ckvE-TQ_001156_ood,ood,anomaly,0.2613307237625122,0.42198336124420166,0.27512863278388977,0.1876673847436905,0.1605435162782669
gZbGLa253Ak_001881_nonood,calib,normal,0.25827446579933167,0.4274348020553589,0.2717849314212799,0.18499670922756195,0.14888142049312592
gZbGLa253Ak_001881_ood,ood,anomaly,0.31139832735061646,0.43673864006996155,0.29987961053848267,0.2333049476146698,0.2756700813770294
EY8x-fyQkbk_004680_nonood,calib,normal,0.2644442021846771,0.4274868667125702,0.2920391857624054,0.2004014402627945,0.13784928619861603
EY8x-fyQkbk_004680_ood,ood,anomaly,0.44790488481521606,0.5314136147499084,0.40077707171440125,0.30477938055992126,0.5546495318412781
bhA2ckvE-TQ_004788_nonood,calib,normal,0.27547478675842285,0.4427906274795532,0.2997785210609436,0.20662479102611542,0.15270522236824036
bhA2ckvE-TQ_004788_ood,ood,anomaly,0.33860859274864197,0.5036657452583313,0.35985511541366577,0.2612559199333191,0.2296576052904129
Zpo0kwg1XEQ_003224_nonood,calib,normal,0.10288223624229431,0.19120746850967407,0.10868159681558609,0.06799736618995667,0.04364250227808952
Zpo0kwg1XEQ_003224_ood,ood,anomaly,0.25776737928390503,0.3528987467288971,0.2433011829853058,0.19499795138835907,0.23987160623073578
kld-iYpdjyo_004278_nonood,calib,normal,0.1812414526939392,0.3076076805591583,0.187769815325737,0.12514618039131165,0.10444213449954987
kld-iYpdjyo_004278_ood,ood,anomaly,0.2913435399532318,0.4339447617530823,0.30886340141296387,0.22389064729213715,0.19867531955242157
p-fBcE77G4c_003598_nonood,calib,normal,0.17044928669929504,0.29551267623901367,0.18877319991588593,0.11892346292734146,0.07858780771493912
p-fBcE77G4c_003598_ood,ood,anomaly,0.15250882506370544,0.26009610295295715,0.15344035625457764,0.11094367504119873,0.08555517345666885
88LcRU7uEFE_005162_nonood,calib,normal,0.09714971482753754,0.17305362224578857,0.10817977041006088,0.06471730768680573,0.04264815151691437
88LcRU7uEFE_005162_ood,ood,anomaly,0.11339391767978668,0.19609850645065308,0.12253525853157043,0.08091272413730621,0.05402917414903641
O9uvBFovKj8_001123_nonood,calib,normal,0.16811716556549072,0.277568519115448,0.17143242061138153,0.1214778795838356,0.10198979824781418
O9uvBFovKj8_001123_ood,ood,anomaly,0.2055935263633728,0.31826063990592957,0.20466868579387665,0.1453697383403778,0.1540750414133072
RPNiqsdt6-w_004905_nonood,calib,normal,0.2394212782382965,0.3946308493614197,0.2531989812850952,0.18151947855949402,0.12833577394485474
RPNiqsdt6-w_004905_ood,ood,anomaly,0.43545371294021606,0.5602256059646606,0.452853262424469,0.3874766230583191,0.341259241104126
OWtbKblBOKI_001141_nonood,calib,normal,0.4571070075035095,0.6241622567176819,0.47926774621009827,0.3747117817401886,0.35028624534606934
OWtbKblBOKI_001141_ood,ood,anomaly,0.3359103500843048,0.5047686696052551,0.3639126121997833,0.2648448348045349,0.21011526882648468
HaC3LrJiTmQ_001088_nonood,heldout,normal,0.03402867913246155,0.06020265072584152,0.03702637180685997,0.02367260679602623,0.015213090926408768
HaC3LrJiTmQ_001088_ood,ood,anomaly,0.04003017395734787,0.06490878760814667,0.04394953325390816,0.03029654733836651,0.020965823903679848
QERvirE3S5s_005530_nonood,calib,normal,0.11778829991817474,0.22211433947086334,0.11998040229082108,0.07793328911066055,0.051125142723321915
QERvirE3S5s_005530_ood,ood,anomaly,0.1435188204050064,0.24299457669258118,0.1337468922138214,0.0920230969786644,0.10531071573495865
IIuaTrT3pp0_000498_nonood,calib,normal,0.28340885043144226,0.4350980520248413,0.3104822039604187,0.21719887852668762,0.1708562970161438
IIuaTrT3pp0_000498_ood,ood,anomaly,0.42175018787384033,0.5388165712356567,0.3893628418445587,0.32818761467933655,0.4306337535381317
Hd2IzHAfkCI_001091_nonood,calib,normal,0.2726978361606598,0.4258211553096771,0.30093294382095337,0.21562963724136353,0.14840762317180634
Hd2IzHAfkCI_001091_ood,ood,anomaly,0.2678655683994293,0.41722050309181213,0.27400779724121094,0.19483081996440887,0.18540315330028534
WWyeuvpHmfc_004010_nonood,calib,normal,0.23101666569709778,0.3630651831626892,0.24794311821460724,0.16932548582553864,0.14373286068439484
WWyeuvpHmfc_004010_ood,ood,anomaly,0.2863216996192932,0.3808044195175171,0.25774940848350525,0.19170372188091278,0.3150292932987213
L334aqEJxys_001996_nonood,calib,normal,0.20888078212738037,0.3475005030632019,0.21842056512832642,0.15510958433151245,0.11449246853590012
L334aqEJxys_001996_ood,ood,anomaly,0.44904011487960815,0.5565505027770996,0.48624610900878906,0.42544057965278625,0.3279232382774353
3tEZvtQZ18Q_000441_nonood,calib,normal,0.30854204297065735,0.4751468300819397,0.33658987283706665,0.24255329370498657,0.17987819015979767
3tEZvtQZ18Q_000441_ood,ood,anomaly,0.2846037745475769,0.42739540338516235,0.28693023324012756,0.21518070995807648,0.2089087963104248
nHvTqyRntbY_003567_nonood,calib,normal,0.07558215409517288,0.13811004161834717,0.0799475833773613,0.05117177218198776,0.033099204301834106
nHvTqyRntbY_003567_ood,ood,anomaly,0.058132484555244446,0.11063996702432632,0.06125997379422188,0.037524010986089706,0.023105988278985023
fWJbp43k644_005522_nonood,calib,normal,0.03944268077611923,0.08233705908060074,0.03909071907401085,0.021749969571828842,0.014592972584068775
fWJbp43k644_005522_ood,ood,anomaly,0.1713985651731491,0.3025248944759369,0.1741250902414322,0.1176038607954979,0.09134038537740707
bFGmOp9H3MA_005403_nonood,calib,normal,0.1537763774394989,0.2820788025856018,0.1652756631374359,0.1016760841012001,0.0660749301314354
bFGmOp9H3MA_005403_ood,ood,anomaly,0.1774863302707672,0.2861100435256958,0.16282331943511963,0.11379875242710114,0.14721320569515228
eN6y6-4C1Rc_005967_nonood,calib,normal,0.3150921165943146,0.46198442578315735,0.348484605550766,0.26630786061286926,0.1835915595293045
eN6y6-4C1Rc_005967_ood,ood,anomaly,0.3882412910461426,0.5038237571716309,0.4151792526245117,0.35204049944877625,0.2819215953350067
pQdl0apLT70_003191_nonood,calib,normal,0.05915756896138191,0.12928630411624908,0.05682515352964401,0.031133582815527916,0.019385242834687233
pQdl0apLT70_003191_ood,ood,anomaly,0.09074701368808746,0.16037364304065704,0.09015439450740814,0.05755069479346275,0.05490933731198311
L334aqEJxys_001734_nonood,calib,normal,0.28597426414489746,0.4537517726421356,0.3127111792564392,0.2153507024049759,0.1620834767818451
L334aqEJxys_001734_ood,ood,anomaly,0.2225758135318756,0.398196816444397,0.23315830528736115,0.14818742871284485,0.11076070368289948
V3--0ubJkNE_002472_nonood,calib,normal,0.3190819025039673,0.4208559989929199,0.31823498010635376,0.2517140209674835,0.28552258014678955
V3--0ubJkNE_002472_ood,ood,anomaly,0.5005326867103577,0.5648584961891174,0.5208773016929626,0.4839492440223694,0.4324456751346588
GDejMONyY4U_004921_nonood,calib,normal,0.16735880076885223,0.28406888246536255,0.17629364132881165,0.11985952407121658,0.08921315521001816
GDejMONyY4U_004921_ood,ood,anomaly,0.1466914415359497,0.2271268665790558,0.15879812836647034,0.11524348706007004,0.08559726178646088
hfwb3mZZ0fs_002322_nonood,calib,normal,0.11454130709171295,0.21140724420547485,0.11516426503658295,0.07885493338108063,0.05273878574371338
hfwb3mZZ0fs_002322_ood,ood,anomaly,0.09445820748806,0.17523185908794403,0.09860499948263168,0.06238763779401779,0.04160835221409798
5vKPYV5w6pw_000623_nonood,calib,normal,0.27758222818374634,0.37653228640556335,0.2229480743408203,0.15796887874603271,0.35287967324256897
5vKPYV5w6pw_000623_ood,ood,anomaly,0.18423572182655334,0.32850009202957153,0.1854318082332611,0.12631046772003174,0.0967005267739296
OPj7lUQOre8_001011_nonood,heldout,normal,0.17897039651870728,0.3134610056877136,0.18503634631633759,0.1283281147480011,0.08905613422393799
OPj7lUQOre8_001011_ood,ood,anomaly,0.26495254039764404,0.4005003571510315,0.2658693492412567,0.20295995473861694,0.19048050045967102
7uTMZ5-aWKA_000490_nonood,calib,normal,0.23647046089172363,0.39222434163093567,0.24622350931167603,0.16151084005832672,0.14592313766479492
7uTMZ5-aWKA_000490_ood,ood,anomaly,0.44709208607673645,0.5665968656539917,0.4375418722629547,0.3471445143222809,0.4370851218700409
88LcRU7uEFE_005668_nonood,calib,normal,0.08760496973991394,0.1666381061077118,0.08905535191297531,0.0557984784245491,0.038927920162677765
88LcRU7uEFE_005668_ood,ood,anomaly,0.03210984542965889,0.06369985640048981,0.03224939480423927,0.01975899003446102,0.012731140479445457
f482qwPz7ns_004566_nonood,calib,normal,0.060952700674533844,0.11490045487880707,0.06052423268556595,0.038655754178762436,0.029730359092354774
f482qwPz7ns_004566_ood,ood,anomaly,0.0784778743982315,0.14794716238975525,0.08094390481710434,0.051001641899347305,0.034018777310848236
8dI7OolIEXY_000419_nonood,calib,normal,0.30013859272003174,0.43120476603507996,0.32704398036003113,0.25213757157325745,0.190168097615242
8dI7OolIEXY_000419_ood,ood,anomaly,0.3845375180244446,0.4861745834350586,0.3631984293460846,0.3143140971660614,0.37446293234825134
sdqIDbZJfy0_001679_nonood,calib,normal,0.1729024052619934,0.30275481939315796,0.18426918983459473,0.12281592935323715,0.08176968991756439
sdqIDbZJfy0_001679_ood,ood,anomaly,0.1975056529045105,0.3275621235370636,0.2104143649339676,0.14697547256946564,0.10507062822580338
uFwnmh0GpBo_002228_nonood,calib,normal,0.2744216024875641,0.4435444176197052,0.30939608812332153,0.20640422403812408,0.13834166526794434
uFwnmh0GpBo_002228_ood,ood,anomaly,0.33360370993614197,0.514606773853302,0.37233319878578186,0.2617073357105255,0.18576747179031372
kVhgFPPG-wo_003212_nonood,heldout,normal,0.444084107875824,0.5918224453926086,0.48104047775268555,0.39369139075279236,0.3097821772098541
kVhgFPPG-wo_003212_ood,ood,anomaly,0.41460365056991577,0.40363600850105286,0.3782905042171478,0.4090350270271301,0.4674530029296875
LfKfK4I5RPE_005414_nonood,calib,normal,0.20806868374347687,0.34894078969955444,0.2273935228586197,0.15055367350578308,0.10538677126169205
LfKfK4I5RPE_005414_ood,ood,anomaly,0.4106656312942505,0.5871189832687378,0.44446802139282227,0.3474903702735901,0.26358509063720703
X8VgGb1fJDU_001233_nonood,calib,normal,0.15493403375148773,0.28009817004203796,0.16364333033561707,0.10508555918931961,0.0709090605378151
X8VgGb1fJDU_001233_ood,ood,anomaly,0.3535175323486328,0.47067633271217346,0.35751333832740784,0.2866608202457428,0.29921960830688477
mrIFkGZbNjc_000345_nonood,heldout,normal,0.2134796679019928,0.3510487377643585,0.22741620242595673,0.1586724817752838,0.11678126454353333
mrIFkGZbNjc_000345_ood,ood,anomaly,0.6798587441444397,0.6216536164283752,0.5993401408195496,0.662025511264801,0.8364157676696777
t_bCDlNOhJc_002052_nonood,calib,normal,0.16742637753486633,0.2889403700828552,0.18112780153751373,0.12032423913478851,0.07931315153837204
t_bCDlNOhJc_002052_ood,ood,anomaly,0.38618940114974976,0.49599689245224,0.3873087763786316,0.32556793093681335,0.33588406443595886
3sGShQb_HwU_000072_nonood,calib,normal,0.2494194507598877,0.3797590732574463,0.26286447048187256,0.2073342651128769,0.14771997928619385
3sGShQb_HwU_000072_ood,ood,anomaly,0.2847357988357544,0.4352126121520996,0.298475056886673,0.22280938923358917,0.18244613707065582
GdyJqgxlSxs_005638_nonood,calib,normal,0.1550668179988861,0.25230535864830017,0.16336089372634888,0.11627883464097977,0.08832217752933502
GdyJqgxlSxs_005638_ood,ood,anomaly,0.1859113872051239,0.3000235855579376,0.19804784655570984,0.1384611427783966,0.10711295902729034
PEwiwzyTjX0_005330_nonood,heldout,normal,0.22475004196166992,0.3787355422973633,0.2441658228635788,0.16252490878105164,0.1135738417506218
PEwiwzyTjX0_005330_ood,ood,anomaly,0.3329561948776245,0.4778233766555786,0.32958582043647766,0.2467384934425354,0.27767717838287354
uO2zGO5ydBc_000850_nonood,calib,normal,0.2388497143983841,0.39565789699554443,0.2575830817222595,0.179185152053833,0.12297274172306061
uO2zGO5ydBc_000850_ood,ood,anomaly,0.21521121263504028,0.3646312355995178,0.2176775485277176,0.14521630108356476,0.13331981003284454
4OGV0AbV91U_002109_nonood,calib,normal,0.21300646662712097,0.34446996450424194,0.22634024918079376,0.1590709388256073,0.12214469909667969
4OGV0AbV91U_002109_ood,ood,anomaly,0.1716381013393402,0.2870526909828186,0.18380440771579742,0.12524546682834625,0.09044986218214035
GJr8wKk8-YA_004465_nonood,calib,normal,0.1632242202758789,0.2802373170852661,0.17826135456562042,0.11713340878486633,0.07726483792066574
GJr8wKk8-YA_004465_ood,ood,anomaly,0.13938046991825104,0.2326532006263733,0.14728626608848572,0.10018618404865265,0.07739624381065369
qzMjfBx1KI0_003981_nonood,calib,normal,0.1516224443912506,0.25827255845069885,0.16476035118103027,0.10881581902503967,0.07464104890823364
qzMjfBx1KI0_003981_ood,ood,anomaly,0.21853213012218475,0.33304017782211304,0.21792057156562805,0.1579049527645111,0.16526277363300323
dZG1VKsgs60_004470_nonood,heldout,normal,0.05835406109690666,0.11607503890991211,0.058622147887945175,0.03606647998094559,0.022652573883533478
dZG1VKsgs60_004470_ood,ood,anomaly,0.10668294876813889,0.18055006861686707,0.1103816032409668,0.07964666187763214,0.05615345761179924
LfKfK4I5RPE_000822_nonood,calib,normal,0.21254059672355652,0.3669484555721283,0.22878684103488922,0.14967544376850128,0.10475161671638489
LfKfK4I5RPE_000822_ood,ood,anomaly,0.11223608255386353,0.1618884652853012,0.1132657527923584,0.09592853486537933,0.07786155492067337
ha-IeID24As_002203_nonood,calib,normal,0.18576908111572266,0.3243350088596344,0.19982706010341644,0.12928859889507294,0.08962566405534744
ha-IeID24As_002203_ood,ood,anomaly,0.07249043136835098,0.13290482759475708,0.06928854435682297,0.044788260012865067,0.04298008978366852
uFwnmh0GpBo_003026_nonood,calib,normal,0.1810368150472641,0.2975514829158783,0.18706928193569183,0.1400464028120041,0.09948009997606277
uFwnmh0GpBo_003026_ood,ood,anomaly,0.2595994174480438,0.3266226649284363,0.23272286355495453,0.18831580877304077,0.2907363474369049
JHfjuFrnpjA_001164_nonood,calib,normal,0.11432711035013199,0.20526544749736786,0.11556132882833481,0.08090376853942871,0.05557790771126747
JHfjuFrnpjA_001164_ood,ood,anomaly,0.11898599565029144,0.21401682496070862,0.1192624568939209,0.07760213315486908,0.06506255269050598
ujVRDgGVzlQ_002028_nonood,calib,normal,0.20987695455551147,0.32060709595680237,0.2232004553079605,0.16758973896503448,0.12811052799224854
ujVRDgGVzlQ_002028_ood,ood,anomaly,0.36530259251594543,0.47060999274253845,0.33937227725982666,0.29421189427375793,0.3570162057876587
ruiSuGHJf6Q_001231_nonood,heldout,normal,0.19310852885246277,0.3213452994823456,0.20572444796562195,0.14627738296985626,0.09908702224493027
ruiSuGHJf6Q_001231_ood,ood,anomaly,0.1867293268442154,0.28972235321998596,0.17796377837657928,0.13107378780841827,0.14815741777420044
L334aqEJxys_002136_nonood,calib,normal,0.31649357080459595,0.45800215005874634,0.32712268829345703,0.24823172390460968,0.23261772096157074
L334aqEJxys_002136_ood,ood,anomaly,0.278096079826355,0.42154374718666077,0.29396188259124756,0.222152978181839,0.17472566664218903
Hkui6PJboFg_000800_nonood,calib,normal,0.28033605217933655,0.4256432354450226,0.28201285004615784,0.2174401581287384,0.19624797999858856
Hkui6PJboFg_000800_ood,ood,anomaly,0.02495553158223629,0.051102664321660995,0.024628281593322754,0.014610224403440952,0.00948095042258501
0RJPQ_97dcs_005223_nonood,calib,normal,0.2194404900074005,0.35791996121406555,0.23863577842712402,0.1630646288394928,0.11814161390066147
0RJPQ_97dcs_005223_ood,ood,anomaly,0.1999461054801941,0.3232044279575348,0.19960375130176544,0.14055199921131134,0.1364242285490036
OPj7lUQOre8_004286_nonood,calib,normal,0.2438160628080368,0.39276108145713806,0.26643282175064087,0.1876993477344513,0.12837101519107819
OPj7lUQOre8_004286_ood,ood,anomaly,0.24031591415405273,0.38889947533607483,0.25926125049591064,0.18216007947921753,0.13094289600849152
DSBGS6aRzgc_005564_nonood,calib,normal,0.2216244637966156,0.3649829924106598,0.24256253242492676,0.16614773869514465,0.1128045842051506
DSBGS6aRzgc_005564_ood,ood,anomaly,0.30003267526626587,0.4212656021118164,0.3074360489845276,0.25397878885269165,0.2174503356218338
kjVywUi1WK4_004128_nonood,heldout,normal,0.25522130727767944,0.3988962173461914,0.2742033004760742,0.19553641974925995,0.1522492617368698
kjVywUi1WK4_004128_ood,ood,anomaly,0.24785928428173065,0.34415528178215027,0.21905401349067688,0.1784241944551468,0.24980364739894867
UbDCiQVuzPY_004082_nonood,heldout,normal,0.1776130199432373,0.3016150891780853,0.19032739102840424,0.12921081483364105,0.08929882198572159
UbDCiQVuzPY_004082_ood,ood,anomaly,0.14974477887153625,0.2693445384502411,0.15714812278747559,0.10209923982620239,0.07038719952106476
eW9vWga9F5M_000342_nonood,calib,normal,0.24309885501861572,0.3681810796260834,0.256134569644928,0.1916385293006897,0.15644130110740662
eW9vWga9F5M_000342_ood,ood,anomaly,0.45130398869514465,0.5567066073417664,0.4637141823768616,0.38528862595558167,0.3995065689086914
Hd2IzHAfkCI_004644_nonood,calib,normal,0.14423762261867523,0.22076520323753357,0.14925438165664673,0.11580543965101242,0.09112546592950821
Hd2IzHAfkCI_004644_ood,ood,anomaly,0.13247068226337433,0.2071869969367981,0.14193056523799896,0.0994466170668602,0.08131854981184006
pQdl0apLT70_000173_nonood,heldout,normal,0.2650200426578522,0.38907065987586975,0.28424015641212463,0.20851635932922363,0.17825299501419067
pQdl0apLT70_000173_ood,ood,anomaly,0.2825292646884918,0.42112022638320923,0.2980424165725708,0.22741736471652985,0.1835370808839798
gZbGLa253Ak_000221_nonood,calib,normal,0.23897437751293182,0.3815239369869232,0.2563735544681549,0.1748403161764145,0.1431596875190735
gZbGLa253Ak_000221_ood,ood,anomaly,0.35273170471191406,0.46529054641723633,0.369106650352478,0.31273290514945984,0.26379668712615967
a_VxrUq9PmA_000576_nonood,heldout,normal,0.19934424757957458,0.3416942059993744,0.21078212559223175,0.1381266713142395,0.10677395761013031
a_VxrUq9PmA_000576_ood,ood,anomaly,0.5522079467773438,0.658049464225769,0.5821251273155212,0.490392804145813,0.4782644808292389
CyeT8rEQOpQ_000546_nonood,calib,normal,0.2801716923713684,0.4404155910015106,0.3133692145347595,0.2194903939962387,0.14741158485412598
CyeT8rEQOpQ_000546_ood,ood,anomaly,0.33179980516433716,0.4782906174659729,0.34733816981315613,0.2728945016860962,0.2286759465932846
u33fdjUY_Iw_001182_nonood,calib,normal,0.2516292929649353,0.4251615107059479,0.27475064992904663,0.1786215454339981,0.12798336148262024
u33fdjUY_Iw_001182_ood,ood,anomaly,0.49286362528800964,0.598301887512207,0.5216628909111023,0.43344712257385254,0.41804254055023193
4wKjxDXnmYs_001421_nonood,calib,normal,0.2449541985988617,0.3879823386669159,0.261008083820343,0.19326072931289673,0.13756564259529114
4wKjxDXnmYs_001421_ood,ood,anomaly,0.3088589310646057,0.39891403913497925,0.2815546691417694,0.24220994114875793,0.31275707483291626
0RJPQ_97dcs_003475_nonood,calib,normal,0.24198809266090393,0.386918842792511,0.2563909590244293,0.18505658209323883,0.139585942029953
0RJPQ_97dcs_003475_ood,ood,anomaly,0.224019855260849,0.30930715799331665,0.21270409226417542,0.18446604907512665,0.1896020621061325
PYL3JcSsS6o_002428_nonood,heldout,normal,0.16524064540863037,0.29675987362861633,0.18059515953063965,0.11128261685371399,0.07232492417097092
PYL3JcSsS6o_002428_ood,ood,anomaly,0.14785028994083405,0.2565978467464447,0.14692698419094086,0.11047311872243881,0.07740321010351181
UbDCiQVuzPY_000504_nonood,heldout,normal,0.4243573546409607,0.5719600319862366,0.4658789038658142,0.3786521852016449,0.2809382677078247
UbDCiQVuzPY_000504_ood,ood,anomaly,0.7210840582847595,0.6404569745063782,0.6277000904083252,0.6853964924812317,0.9307827353477478
0z7J7rOpTic_002166_nonood,calib,normal,0.12266425788402557,0.2319738119840622,0.12780682742595673,0.07919590920209885,0.051680486649274826
0z7J7rOpTic_002166_ood,ood,anomaly,0.04105566442012787,0.08248839527368546,0.041192907840013504,0.024348044767975807,0.01619330234825611
Vtpe3HAIEm4_003608_nonood,calib,normal,0.052500441670417786,0.0897294282913208,0.05611342936754227,0.03761172294616699,0.026547202840447426
Vtpe3HAIEm4_003608_ood,ood,anomaly,0.15769746899604797,0.28068023920059204,0.16938018798828125,0.10898192226886749,0.0717475414276123
DSBGS6aRzgc_000371_nonood,calib,normal,0.19772733747959137,0.36223992705345154,0.21038056910037994,0.13031788170337677,0.08797096461057663
DSBGS6aRzgc_000371_ood,ood,anomaly,0.32221633195877075,0.4384497106075287,0.3027476966381073,0.23093801736831665,0.31672993302345276
WWyeuvpHmfc_005861_nonood,calib,normal,0.3331783711910248,0.49226438999176025,0.36252015829086304,0.2732844948768616,0.20464441180229187
WWyeuvpHmfc_005861_ood,ood,anomaly,0.2578043043613434,0.4113284945487976,0.27522188425064087,0.19373467564582825,0.1509321928024292
Y4rb2_HaBdQ_005046_nonood,calib,normal,0.1720048040151596,0.3110339939594269,0.18545964360237122,0.11661110818386078,0.07491446286439896
Y4rb2_HaBdQ_005046_ood,ood,anomaly,0.148826465010643,0.2750685214996338,0.15482622385025024,0.10028412938117981,0.06512698531150818
GdyJqgxlSxs_002184_nonood,heldout,normal,0.24492347240447998,0.40194353461265564,0.2711230516433716,0.17836888134479523,0.12825839221477509
GdyJqgxlSxs_002184_ood,ood,anomaly,0.2577754855155945,0.35128551721572876,0.24255071580410004,0.1908828169107437,0.2463829219341278
PfJ2CudpCgE_001352_nonood,heldout,normal,0.26792168617248535,0.4345878064632416,0.2867127060890198,0.2060592621564865,0.14432698488235474
PfJ2CudpCgE_001352_ood,ood,anomaly,0.2628295421600342,0.3846556544303894,0.2687114179134369,0.2178674042224884,0.18008367717266083
mrIFkGZbNjc_000652_nonood,calib,normal,0.20532988011837006,0.33223676681518555,0.21818526089191437,0.15579113364219666,0.11510638147592545
mrIFkGZbNjc_000652_ood,ood,anomaly,0.29956313967704773,0.40080541372299194,0.2902563214302063,0.23657605051994324,0.2706148028373718
TNZv-NBcV5U_001353_nonood,calib,normal,0.17900323867797852,0.3133978247642517,0.19370105862617493,0.12155893445014954,0.0873551145195961
TNZv-NBcV5U_001353_ood,ood,anomaly,0.0394132062792778,0.07883722335100174,0.0402478463947773,0.02379273623228073,0.014775012619793415
JkYzYrJpSoQ_005112_nonood,heldout,normal,0.2904614806175232,0.4517882764339447,0.3169640004634857,0.2203308343887329,0.17276284098625183
JkYzYrJpSoQ_005112_ood,ood,anomaly,0.28246694803237915,0.4369313716888428,0.3025975525379181,0.2209058403968811,0.16943304240703583
5vKPYV5w6pw_005653_nonood,calib,normal,0.16032403707504272,0.2848477363586426,0.1670839935541153,0.1121634915471077,0.07720092684030533
5vKPYV5w6pw_005653_ood,ood,anomaly,0.08113880455493927,0.13786038756370544,0.08258965611457825,0.06136919558048248,0.04273597523570061
ha-IeID24As_001247_nonood,calib,normal,0.1666201651096344,0.30408740043640137,0.1766689568758011,0.11188854277133942,0.07383579015731812
ha-IeID24As_001247_ood,ood,anomaly,0.22850742936134338,0.3731420338153839,0.24167633056640625,0.16768229007720947,0.13152912259101868
J-j5eIHg8I0_004588_nonood,calib,normal,0.2603123188018799,0.42541298270225525,0.28052574396133423,0.1931329369544983,0.14217764139175415
J-j5eIHg8I0_004588_ood,ood,anomaly,0.22231702506542206,0.31200987100601196,0.20245730876922607,0.1773078292608261,0.19749310612678528
Tsl84N96WM8_002022_nonood,calib,normal,0.2249450832605362,0.39265358448028564,0.23487213253974915,0.15801401436328888,0.11424064636230469
Tsl84N96WM8_002022_ood,ood,anomaly,0.5390399694442749,0.5329931974411011,0.4997968077659607,0.4807853102684021,0.6425846815109253
Nc9SDBksPPA_001351_nonood,calib,normal,0.2041698396205902,0.34684816002845764,0.2171630561351776,0.14713293313980103,0.10553517192602158
Nc9SDBksPPA_001351_ood,ood,anomaly,0.19542120397090912,0.34384822845458984,0.20588023960590363,0.13698789477348328,0.09496847540140152
JV0D-YkWHD8_002833_nonood,calib,normal,0.32644444704055786,0.46348699927330017,0.34604525566101074,0.27497759461402893,0.22126786410808563
JV0D-YkWHD8_002833_ood,ood,anomaly,0.4453798532485962,0.5615507960319519,0.452649861574173,0.38889044523239136,0.37842831015586853
krPRThe7R4g_001080_nonood,heldout,normal,0.1142779067158699,0.19582349061965942,0.11772320419549942,0.0804128423333168,0.06315208971500397
krPRThe7R4g_001080_ood,ood,anomaly,0.12644769251346588,0.23564286530017853,0.1316329389810562,0.08356598764657974,0.054948993027210236
VxWJchENocA_001910_nonood,heldout,normal,0.12703844904899597,0.23423463106155396,0.1334439069032669,0.08356590569019318,0.05690940096974373
VxWJchENocA_001910_ood,ood,anomaly,0.19450928270816803,0.30050691962242126,0.1903010755777359,0.13419729471206665,0.15303181111812592
yB6fjM1UUC0_000241_nonood,heldout,normal,0.15204951167106628,0.2752167284488678,0.16212411224842072,0.10400202870368958,0.06685514003038406
yB6fjM1UUC0_000241_ood,ood,anomaly,0.14781156182289124,0.2676480710506439,0.1520545482635498,0.10067718476057053,0.07086646556854248
W6YrlYyWguc_001646_nonood,calib,normal,0.18033790588378906,0.3171980679035187,0.18165144324302673,0.12343251705169678,0.09906957298517227
W6YrlYyWguc_001646_ood,ood,anomaly,0.031326666474342346,0.05771477520465851,0.02827017568051815,0.021491292864084244,0.017830422148108482
nADqn-DZ-Dc_000640_nonood,heldout,normal,0.06462666392326355,0.1286228448152542,0.06541702896356583,0.03905104845762253,0.025415735319256783
nADqn-DZ-Dc_000640_ood,ood,anomaly,0.03508533909916878,0.07222762703895569,0.032961077988147736,0.020812131464481354,0.01434052363038063
kld-iYpdjyo_002293_nonood,heldout,normal,0.2064330130815506,0.3112408220767975,0.2221698760986328,0.16337145864963531,0.12894991040229797
kld-iYpdjyo_002293_ood,ood,anomaly,0.3702712059020996,0.39486080408096313,0.3421063721179962,0.35745587944984436,0.38666167855262756
2TmFM9p1KF8_003954_nonood,calib,normal,0.2695867419242859,0.4177367091178894,0.29599782824516296,0.21167093515396118,0.15294155478477478
2TmFM9p1KF8_003954_ood,ood,anomaly,0.2555760145187378,0.3823936879634857,0.2650711238384247,0.2012719362974167,0.1735672950744629
K1r3m5OrmB4_004010_nonood,heldout,normal,0.2517411708831787,0.3930545449256897,0.2729847729206085,0.19894622266292572,0.14197906851768494
K1r3m5OrmB4_004010_ood,ood,anomaly,0.3012414574623108,0.3785216510295868,0.24124367535114288,0.20579934120178223,0.37940117716789246
K1r3m5OrmB4_004978_nonood,calib,normal,0.20179592072963715,0.33042168617248535,0.22254186868667603,0.1520385891199112,0.10218155384063721
K1r3m5OrmB4_004978_ood,ood,anomaly,0.25091037154197693,0.3845570981502533,0.24578221142292023,0.1911390870809555,0.1821630597114563
nvVk7L3GrJQ_003117_nonood,heldout,normal,0.3249652087688446,0.47048452496528625,0.3610541820526123,0.27047502994537354,0.1978471577167511
nvVk7L3GrJQ_003117_ood,ood,anomaly,0.3715969920158386,0.477544903755188,0.35908666253089905,0.2886270582675934,0.3611293435096741
hdOtS-BpUPY_004293_nonood,heldout,normal,0.2606392502784729,0.4111374318599701,0.28590214252471924,0.19739016890525818,0.14812715351581573
hdOtS-BpUPY_004293_ood,ood,anomaly,0.09747906029224396,0.17147786915302277,0.09487710148096085,0.06421495229005814,0.05934632569551468
Vtpe3HAIEm4_001304_nonood,calib,normal,0.12612813711166382,0.23351579904556274,0.1326478123664856,0.08194238692522049,0.05640651285648346
Vtpe3HAIEm4_001304_ood,ood,anomaly,0.17461556196212769,0.30462563037872314,0.1836632490158081,0.11767780780792236,0.09249553829431534
QERvirE3S5s_000052_nonood,calib,normal,0.14048342406749725,0.252535343170166,0.1457815021276474,0.09733687341213226,0.06627997756004333
QERvirE3S5s_000052_ood,ood,anomaly,0.20127013325691223,0.32517629861831665,0.19720503687858582,0.14095528423786163,0.1417439728975296
V3--0ubJkNE_004713_nonood,calib,normal,0.15002688765525818,0.26529809832572937,0.16035021841526031,0.10402016341686249,0.07043904811143875
V3--0ubJkNE_004713_ood,ood,anomaly,0.10447695106267929,0.20174820721149445,0.10686222463846207,0.06626623868942261,0.043031129986047745
D_pyFV4nKd4_004430_nonood,calib,normal,0.1948954463005066,0.354372501373291,0.20952880382537842,0.12987275421619415,0.08580771833658218
D_pyFV4nKd4_004430_ood,ood,anomaly,0.2583392858505249,0.4072780907154083,0.26234450936317444,0.19352123141288757,0.17021329700946808
Hx8FMhmdOQU_005700_nonood,heldout,normal,0.018039660528302193,0.03837954252958298,0.017074258998036385,0.00995988305658102,0.006744961719959974
Hx8FMhmdOQU_005700_ood,ood,anomaly,0.0365145318210125,0.06625567376613617,0.03513484075665474,0.023754259571433067,0.02091335691511631
Z9K13eBUwJM_004933_nonood,calib,normal,0.15007929503917694,0.2561056911945343,0.15767215192317963,0.10943249613046646,0.07710687071084976
Z9K13eBUwJM_004933_ood,ood,anomaly,0.3132646083831787,0.3809106647968292,0.26654961705207825,0.2501305937767029,0.35546746850013733
3u_CIo9IaWo_001784_nonood,heldout,normal,0.22736221551895142,0.3553534150123596,0.2393684983253479,0.17312689125537872,0.14160004258155823
3u_CIo9IaWo_001784_ood,ood,anomaly,0.5685031414031982,0.6307210922241211,0.5589318871498108,0.5355669856071472,0.5487925410270691
t_bCDlNOhJc_004165_nonood,calib,normal,0.14186376333236694,0.2534664571285248,0.14777493476867676,0.09938380122184753,0.0668298527598381
t_bCDlNOhJc_004165_ood,ood,anomaly,0.2782852053642273,0.42622581124305725,0.29788991808891296,0.22179114818572998,0.16723397374153137
Y4rb2_HaBdQ_001779_nonood,calib,normal,0.20423895120620728,0.3448697626590729,0.2164120078086853,0.14479325711727142,0.1108807623386383
Y4rb2_HaBdQ_001779_ood,ood,anomaly,0.14364102482795715,0.2218811959028244,0.13720756769180298,0.10933641344308853,0.1061389371752739
PYL3JcSsS6o_002738_nonood,calib,normal,0.22177588939666748,0.321909636259079,0.22345031797885895,0.17801137268543243,0.16373220086097717
PYL3JcSsS6o_002738_ood,ood,anomaly,0.502618670463562,0.6317391991615295,0.527155339717865,0.4387100040912628,0.4128701984882355
cfrLchAShxQ_001886_nonood,calib,normal,0.29350173473358154,0.45837926864624023,0.3158692419528961,0.22831399738788605,0.17144444584846497
cfrLchAShxQ_001886_ood,ood,anomaly,0.314550518989563,0.4647258222103119,0.3174125552177429,0.2259797304868698,0.2500840723514557
gXezhrOijmQ_001059_nonood,heldout,normal,0.24009734392166138,0.3928278684616089,0.26094239950180054,0.1778317242860794,0.12878739833831787
gXezhrOijmQ_001059_ood,ood,anomaly,0.04846295714378357,0.10032693296670914,0.04754592478275299,0.02817152999341488,0.01780743896961212
OWtbKblBOKI_001796_nonood,heldout,normal,0.1894756257534027,0.3081585466861725,0.2036963403224945,0.14607350528240204,0.09997411072254181
OWtbKblBOKI_001796_ood,ood,anomaly,0.19217248260974884,0.31305137276649475,0.19509439170360565,0.13397860527038574,0.12656556069850922
O9uvBFovKj8_000792_nonood,calib,normal,0.28493285179138184,0.445612370967865,0.3053727149963379,0.22793298959732056,0.1608133316040039
O9uvBFovKj8_000792_ood,ood,anomaly,0.3770095109939575,0.4309474229812622,0.2976532578468323,0.27658382058143616,0.502853512763977
PEwiwzyTjX0_003618_nonood,calib,normal,0.17246586084365845,0.3079196512699127,0.1826961785554886,0.11736280471086502,0.08188475668430328
PEwiwzyTjX0_003618_ood,ood,anomaly,0.19038419425487518,0.32422712445259094,0.1874409019947052,0.12354671955108643,0.12632203102111816
1u69z-wsDIc_002769_nonood,heldout,normal,0.28078657388687134,0.41521158814430237,0.29972168803215027,0.21678730845451355,0.19142577052116394
1u69z-wsDIc_002769_ood,ood,anomaly,0.2745249271392822,0.44702398777008057,0.29360511898994446,0.20681777596473694,0.1506529152393341
gZbGLa253Ak_001961_nonood,calib,normal,0.14308637380599976,0.2511163055896759,0.1502406895160675,0.10415484756231308,0.06683361530303955
gZbGLa253Ak_001961_ood,ood,anomaly,0.22773747146129608,0.34945106506347656,0.22507497668266296,0.17040173709392548,0.16602209210395813
pOJpwWmEcFg_000281_nonood,heldout,normal,0.2265423834323883,0.34485048055648804,0.23530621826648712,0.18224799633026123,0.14376483857631683
pOJpwWmEcFg_000281_ood,ood,anomaly,0.46436747908592224,0.5039768218994141,0.3669709265232086,0.37438929080963135,0.6121329069137573
xpOyD-qrQUw_001971_nonood,calib,normal,0.23797065019607544,0.3716479539871216,0.2638750672340393,0.1838742047548294,0.13248535990715027
xpOyD-qrQUw_001971_ood,ood,anomaly,0.24608665704727173,0.3748253285884857,0.27345505356788635,0.1895868480205536,0.14647941291332245
Z9K13eBUwJM_005606_nonood,heldout,normal,0.2653151750564575,0.4196401834487915,0.2893313467502594,0.20882995426654816,0.143459290266037
Z9K13eBUwJM_005606_ood,ood,anomaly,0.32605335116386414,0.4244219660758972,0.3068329393863678,0.2647715210914612,0.30818697810173035
JmwUVoOrgk8_001359_nonood,calib,normal,0.346925288438797,0.5247462391853333,0.38542020320892334,0.2728304862976074,0.20470422506332397
JmwUVoOrgk8_001359_ood,ood,anomaly,0.6365203857421875,0.6447539329528809,0.60421222448349,0.6289981007575989,0.668117105960846
OPj7lUQOre8_001531_nonood,calib,normal,0.20984351634979248,0.35630592703819275,0.2205810844898224,0.14796002209186554,0.11452705413103104
OPj7lUQOre8_001531_ood,ood,anomaly,0.4252302646636963,0.48867669701576233,0.3439459800720215,0.2941402792930603,0.5741581320762634
3u_CIo9IaWo_000439_nonood,heldout,normal,0.274438738822937,0.43457284569740295,0.29318803548812866,0.2077210694551468,0.16227301955223083
3u_CIo9IaWo_000439_ood,ood,anomaly,0.4922325015068054,0.5509489178657532,0.4533425569534302,0.4147837162017822,0.5498547554016113
T89zSiaMNgM_002115_nonood,heldout,normal,0.2046462595462799,0.3566448390483856,0.2164958119392395,0.142330139875412,0.1031142994761467
T89zSiaMNgM_002115_ood,ood,anomaly,0.21373862028121948,0.3734368681907654,0.22353410720825195,0.14968059957027435,0.10830287635326385
Z9K13eBUwJM_004618_nonood,calib,normal,0.25825202465057373,0.41685619950294495,0.28225958347320557,0.19606180489063263,0.13783055543899536
Z9K13eBUwJM_004618_ood,ood,anomaly,0.31663447618484497,0.4543478190898895,0.3168802857398987,0.24649116396903992,0.24881871044635773
Vtpe3HAIEm4_005234_nonood,calib,normal,0.24302370846271515,0.39137595891952515,0.2613011300563812,0.18617291748523712,0.1332448422908783
Vtpe3HAIEm4_005234_ood,ood,anomaly,0.4119325280189514,0.4321857690811157,0.3218388855457306,0.3046799600124359,0.5890254974365234
TNZv-NBcV5U_002495_nonood,heldout,normal,0.18552742898464203,0.33009055256843567,0.19500690698623657,0.12729910016059875,0.08971313387155533
TNZv-NBcV5U_002495_ood,ood,anomaly,0.15760648250579834,0.29562777280807495,0.16202190518379211,0.10168671607971191,0.07108955830335617
kVhgFPPG-wo_004360_nonood,heldout,normal,0.28952154517173767,0.43257439136505127,0.31833499670028687,0.2337782084941864,0.17339855432510376
kVhgFPPG-wo_004360_ood,ood,anomaly,0.31767600774765015,0.396967351436615,0.28370556235313416,0.27525052428245544,0.31478065252304077
EY8x-fyQkbk_002021_nonood,calib,normal,0.054157935082912445,0.08914567530155182,0.058028142899274826,0.03947390988469124,0.0299840047955513
EY8x-fyQkbk_002021_ood,ood,anomaly,0.11038126051425934,0.1425948143005371,0.10056885331869125,0.08550146967172623,0.11285988241434097
W6YrlYyWguc_005597_nonood,heldout,normal,0.19022990763187408,0.325161874294281,0.20298047363758087,0.13871105015277863,0.09406623989343643
W6YrlYyWguc_005597_ood,ood,anomaly,0.2855399250984192,0.379778653383255,0.2695387303829193,0.2129855453968048,0.2798568308353424
uO2zGO5ydBc_003462_nonood,calib,normal,0.29437100887298584,0.4399717152118683,0.32549622654914856,0.24249860644340515,0.16951751708984375
uO2zGO5ydBc_003462_ood,ood,anomaly,0.2929108142852783,0.4522790312767029,0.3188856542110443,0.22796016931533813,0.17251840233802795
xpOyD-qrQUw_003003_nonood,calib,normal,0.19954180717468262,0.32812172174453735,0.21642425656318665,0.15090113878250122,0.10272008925676346
xpOyD-qrQUw_003003_ood,ood,anomaly,0.4265172481536865,0.5120466351509094,0.40167489647865295,0.3210276961326599,0.4713197946548462
uFwnmh0GpBo_002118_nonood,heldout,normal,0.1490970253944397,0.2763022780418396,0.15723419189453125,0.09851936250925064,0.06433228403329849
uFwnmh0GpBo_002118_ood,ood,anomaly,0.27591949701309204,0.3660302758216858,0.28528711199760437,0.24718543887138367,0.20517519116401672
qzMjfBx1KI0_000994_nonood,heldout,normal,0.2660667598247528,0.45602476596832275,0.2909733057022095,0.1859775185585022,0.1312914788722992
qzMjfBx1KI0_000994_ood,ood,anomaly,0.22800198197364807,0.3987036943435669,0.24460384249687195,0.15891851484775543,0.10978187620639801
xVfPBzDnI2Q_002819_nonood,heldout,normal,0.19127197563648224,0.3076387345790863,0.2029096484184265,0.14224080741405487,0.11229875683784485
xVfPBzDnI2Q_002819_ood,ood,anomaly,0.2582588195800781,0.40192946791648865,0.2697623074054718,0.19996704161167145,0.16137643158435822
Z9K13eBUwJM_002323_nonood,calib,normal,0.2794090211391449,0.46288245916366577,0.31447917222976685,0.2038416564464569,0.13643281161785126
Z9K13eBUwJM_002323_ood,ood,anomaly,0.26819276809692383,0.4248181879520416,0.29930704832077026,0.20536743104457855,0.1432783305644989
EJ4VM9wLNXQ_001061_nonood,calib,normal,0.056137122213840485,0.11227826029062271,0.056367695331573486,0.03421451523900032,0.021688032895326614
EJ4VM9wLNXQ_001061_ood,ood,anomaly,0.08479620516300201,0.1586659699678421,0.0795893445611,0.05037035793066025,0.0505591556429863
Y4rb2_HaBdQ_002441_nonood,heldout,normal,0.15793222188949585,0.2698301672935486,0.1655096709728241,0.11079998314380646,0.08558905124664307
Y4rb2_HaBdQ_002441_ood,ood,anomaly,0.38400381803512573,0.441491037607193,0.3592654764652252,0.3431912958621979,0.39206746220588684
TlBhM9Xbr2o_004364_nonood,calib,normal,0.05910332873463631,0.11276263743638992,0.06224870681762695,0.0374017059803009,0.024000270292162895
TlBhM9Xbr2o_004364_ood,ood,anomaly,0.398781955242157,0.4708010256290436,0.38092753291130066,0.3325074315071106,0.4108918607234955
kjVywUi1WK4_002933_nonood,calib,normal,0.25038477778434753,0.40200579166412354,0.2760637104511261,0.19164901971817017,0.1318206489086151
kjVywUi1WK4_002933_ood,ood,anomaly,0.24056106805801392,0.35938677191734314,0.241106778383255,0.1730416715145111,0.1887090653181076
Nc9SDBksPPA_000075_nonood,calib,normal,0.03521175682544708,0.06220950186252594,0.034600187093019485,0.024800822138786316,0.01923651620745659
Nc9SDBksPPA_000075_ood,ood,anomaly,0.22950850427150726,0.3423973321914673,0.2100413739681244,0.1498793512582779,0.2157159447669983
bhA2ckvE-TQ_002807_nonood,calib,normal,0.22952750325202942,0.37062111496925354,0.2450743019580841,0.16758796572685242,0.13482661545276642
bhA2ckvE-TQ_002807_ood,ood,anomaly,0.23256999254226685,0.35371649265289307,0.22413751482963562,0.16808390617370605,0.18434201180934906
D_pyFV4nKd4_001555_nonood,calib,normal,0.20318393409252167,0.32907944917678833,0.2184503674507141,0.15233783423900604,0.11286807060241699
D_pyFV4nKd4_001555_ood,ood,anomaly,0.15956144034862518,0.2948828339576721,0.16690823435783386,0.10625646263360977,0.07019823044538498
ha-IeID24As_001647_nonood,calib,normal,0.3177467882633209,0.4698230028152466,0.3557847738265991,0.2631591856479645,0.18222017586231232
ha-IeID24As_001647_ood,ood,anomaly,0.31166142225265503,0.45164722204208374,0.35447657108306885,0.26203733682632446,0.17848457396030426
lKMwX4nA64k_001689_nonood,calib,normal,0.21458259224891663,0.37523406744003296,0.2222473919391632,0.15123386681079865,0.1096150353550911
lKMwX4nA64k_001689_ood,ood,anomaly,0.18597379326820374,0.32278767228126526,0.18778866529464722,0.13205362856388092,0.10126515477895737
oZaUkhs_H-s_001527_nonood,heldout,normal,0.2771141827106476,0.387338250875473,0.2927815318107605,0.2431064248085022,0.1852305680513382
oZaUkhs_H-s_001527_ood,ood,anomaly,0.4605521857738495,0.5141129493713379,0.4505055844783783,0.44647952914237976,0.431110680103302
UOjQsfDXjO0_004067_nonood,heldout,normal,0.16746100783348083,0.2998344600200653,0.17761008441448212,0.11501310020685196,0.07738640904426575
UOjQsfDXjO0_004067_ood,ood,anomaly,0.5297966003417969,0.5340894460678101,0.488723486661911,0.4990856349468231,0.5972878932952881
QERvirE3S5s_004820_nonood,calib,normal,0.3079107999801636,0.45636558532714844,0.33843985199928284,0.25372496247291565,0.18311278522014618
QERvirE3S5s_004820_ood,ood,anomaly,0.14781220257282257,0.2502959966659546,0.13784196972846985,0.09097635746002197,0.11213447153568268
f482qwPz7ns_004903_nonood,calib,normal,0.37490391731262207,0.5179280042648315,0.40947046875953674,0.3113311529159546,0.2608860433101654
f482qwPz7ns_004903_ood,ood,anomaly,0.30788275599479675,0.4449169933795929,0.3275928795337677,0.2661738991737366,0.19284723699092865
ZIts2XH28SA_000652_nonood,heldout,normal,0.3043805658817291,0.4419790506362915,0.3045561611652374,0.24355612695217133,0.22743095457553864
ZIts2XH28SA_000652_ood,ood,anomaly,0.2551729381084442,0.3976082503795624,0.2752174437046051,0.20390354096889496,0.14396248757839203
sdqIDbZJfy0_001298_nonood,heldout,normal,0.2633889317512512,0.4216291010379791,0.28200864791870117,0.1969270408153534,0.15299095213413239
sdqIDbZJfy0_001298_ood,ood,anomaly,0.31527891755104065,0.4545809328556061,0.3337858319282532,0.25597795844078064,0.2167709469795227
PYL3JcSsS6o_005457_nonood,calib,normal,0.3087783455848694,0.43167051672935486,0.32555386424064636,0.2610873281955719,0.216801717877388
PYL3JcSsS6o_005457_ood,ood,anomaly,0.4095690846443176,0.5027477741241455,0.40981748700141907,0.3580269515514374,0.36768415570259094
JmwUVoOrgk8_002081_nonood,calib,normal,0.1928677260875702,0.32399213314056396,0.19142325222492218,0.13720297813415527,0.11885254830121994
JmwUVoOrgk8_002081_ood,ood,anomaly,0.1541845202445984,0.27763399481773376,0.15943916141986847,0.10317880660295486,0.07648611068725586
Hd2IzHAfkCI_000799_nonood,calib,normal,0.29275205731391907,0.46579816937446594,0.3172425627708435,0.22424419224262238,0.16372326016426086
Hd2IzHAfkCI_000799_ood,ood,anomaly,0.1411912888288498,0.26277458667755127,0.14650580286979675,0.09302923083305359,0.062455542385578156
fWJbp43k644_004275_nonood,calib,normal,0.3147418797016144,0.46953147649765015,0.33512797951698303,0.25904905796051025,0.1952589601278305
fWJbp43k644_004275_ood,ood,anomaly,0.2883617877960205,0.3970247805118561,0.2646113932132721,0.20740731060504913,0.2844037413597107
UjkeNSr2dXQ_004135_nonood,calib,normal,0.024143647402524948,0.04777372628450394,0.0250066127628088,0.014356868341565132,0.009437385015189648
UjkeNSr2dXQ_004135_ood,ood,anomaly,0.06354547291994095,0.1273978054523468,0.06550326943397522,0.03766563907265663,0.023615168407559395
JkYzYrJpSoQ_003719_nonood,heldout,normal,0.37997764348983765,0.5239964723587036,0.40432649850845337,0.31805235147476196,0.2735351622104645
JkYzYrJpSoQ_003719_ood,ood,anomaly,0.3930741846561432,0.5215383172035217,0.375989705324173,0.30668801069259644,0.36808067560195923
Izf9l3VWQuo_003768_nonood,calib,normal,0.301828533411026,0.4612332582473755,0.3301142156124115,0.24038828909397125,0.175578311085701
Izf9l3VWQuo_003768_ood,ood,anomaly,0.5897067785263062,0.6999326944351196,0.6414502263069153,0.557428777217865,0.460015207529068
9Q0FCoNxL8I_004705_nonood,calib,normal,0.20138132572174072,0.33773165941238403,0.21244865655899048,0.1484837532043457,0.10686127096414566
9Q0FCoNxL8I_004705_ood,ood,anomaly,0.07132738828659058,0.1414971649646759,0.07111165672540665,0.04381711408495903,0.028883622959256172
yhtzAKqRyXw_001494_nonood,heldout,normal,0.20337525010108948,0.352297842502594,0.21184900403022766,0.1325303167104721,0.11682377010583878
yhtzAKqRyXw_001494_ood,ood,anomaly,0.13818055391311646,0.23504342138767242,0.12538017332553864,0.08907698094844818,0.10322166234254837
kVhgFPPG-wo_006087_nonood,heldout,normal,0.23886078596115112,0.39379259943962097,0.25560665130615234,0.17429836094379425,0.13174553215503693
kVhgFPPG-wo_006087_ood,ood,anomaly,0.22160500288009644,0.33694973587989807,0.21249312162399292,0.1520477682352066,0.18492932617664337
OPj7lUQOre8_004026_nonood,calib,normal,0.09262686967849731,0.18437859416007996,0.09630630165338516,0.05412721633911133,0.0356953926384449
OPj7lUQOre8_004026_ood,ood,anomaly,0.26723021268844604,0.37769725918769836,0.2379765510559082,0.18237310647964478,0.2708739638328552
Y4rb2_HaBdQ_000052_nonood,calib,normal,0.17728078365325928,0.2936369478702545,0.19132526218891144,0.13283619284629822,0.09132470190525055
Y4rb2_HaBdQ_000052_ood,ood,anomaly,0.36507076025009155,0.37923121452331543,0.3092889189720154,0.323038250207901,0.44872474670410156
fb5i7JlmJdg_000361_nonood,heldout,normal,0.19546744227409363,0.3302074670791626,0.20536494255065918,0.13720934092998505,0.1090879887342453
fb5i7JlmJdg_000361_ood,ood,anomaly,0.24590450525283813,0.3793453276157379,0.2597026824951172,0.19171574711799622,0.152854323387146
xVfPBzDnI2Q_002520_nonood,calib,normal,0.3130139708518982,0.4434128403663635,0.3366181552410126,0.2549929618835449,0.21703194081783295
xVfPBzDnI2Q_002520_ood,ood,anomaly,0.4448654055595398,0.5066272616386414,0.3975849151611328,0.38369253277778625,0.491556853055954
UjkeNSr2dXQ_005158_nonood,calib,normal,0.14611271023750305,0.25750821828842163,0.15699583292007446,0.10043644905090332,0.06951034069061279
UjkeNSr2dXQ_005158_ood,ood,anomaly,0.16546741127967834,0.27102145552635193,0.16501270234584808,0.11677765846252441,0.10905785113573074
ieP36TLihGM_002713_nonood,calib,normal,0.1812976896762848,0.32932230830192566,0.18962131440639496,0.11920616775751114,0.08704102039337158
ieP36TLihGM_002713_ood,ood,anomaly,0.12434476613998413,0.2439967840909958,0.12908707559108734,0.07614455372095108,0.04815063625574112
4wKjxDXnmYs_005595_nonood,calib,normal,0.1736348271369934,0.31009313464164734,0.18686623871326447,0.11987724900245667,0.07770267874002457
4wKjxDXnmYs_005595_ood,ood,anomaly,0.19688944518566132,0.3438479006290436,0.21088232100009918,0.13539716601371765,0.09743037074804306
sUbP4j8rAic_004829_nonood,calib,normal,0.19716554880142212,0.3455869257450104,0.2097974568605423,0.13653156161308289,0.09674620628356934
sUbP4j8rAic_004829_ood,ood,anomaly,0.21503588557243347,0.37275591492652893,0.2338760942220688,0.15128111839294434,0.10223043709993362
l1XbmdmGr0Q_004924_nonood,calib,normal,0.2673662602901459,0.4090184271335602,0.2933785021305084,0.21190392971038818,0.1551642119884491
l1XbmdmGr0Q_004924_ood,ood,anomaly,0.3095336854457855,0.45643627643585205,0.32905441522598267,0.259895384311676,0.19274863600730896
LfKfK4I5RPE_001162_nonood,calib,normal,0.17029990255832672,0.3108520805835724,0.16825678944587708,0.10695501416921616,0.09513573348522186
LfKfK4I5RPE_001162_ood,ood,anomaly,0.3124505877494812,0.42711564898490906,0.30548542737960815,0.26473623514175415,0.25246503949165344
RPNiqsdt6-w_003187_nonood,calib,normal,0.1466619372367859,0.25378161668777466,0.1504264920949936,0.10497421771287918,0.07746544480323792
RPNiqsdt6-w_003187_ood,ood,anomaly,0.2655978500843048,0.3666902184486389,0.2619083821773529,0.22398360073566437,0.20980919897556305
QeuzUfHIWYU_004226_nonood,heldout,normal,0.18026117980480194,0.3022518754005432,0.18018515408039093,0.12357388436794281,0.11503381282091141
QeuzUfHIWYU_004226_ood,ood,anomaly,0.14866936206817627,0.21556946635246277,0.13259358704090118,0.11181221902370453,0.1347021758556366
vdLn-qswnRo_005642_nonood,heldout,normal,0.23851150274276733,0.4010321795940399,0.2550886571407318,0.1752213090658188,0.12270389497280121
vdLn-qswnRo_005642_ood,ood,anomaly,0.1818307638168335,0.3096788823604584,0.1889122873544693,0.13113129138946533,0.097600556910038
6E2N9ld0eHg_001573_nonood,calib,normal,0.1519167125225067,0.27091196179389954,0.1585540473461151,0.10243815928697586,0.07576267421245575
6E2N9ld0eHg_001573_ood,ood,anomaly,0.21327179670333862,0.34855011105537415,0.2208036631345749,0.15473385155200958,0.12899957597255707
Tsl84N96WM8_005523_nonood,calib,normal,0.3092365860939026,0.45121273398399353,0.33954086899757385,0.2526905834674835,0.19350218772888184
Tsl84N96WM8_005523_ood,ood,anomaly,0.2963169515132904,0.44142574071884155,0.32103613018989563,0.23854227364063263,0.1842636615037918
jFFhYwgepmY_002201_nonood,calib,normal,0.1977999210357666,0.337758868932724,0.20679806172847748,0.1346701830625534,0.11197254806756973
jFFhYwgepmY_002201_ood,ood,anomaly,0.36175936460494995,0.44882065057754517,0.3449461758136749,0.3140973150730133,0.33917322754859924
y1vGuUK0db4_003670_nonood,heldout,normal,0.15779197216033936,0.2932532727718353,0.16563239693641663,0.10435875505208969,0.06792346388101578
y1vGuUK0db4_003670_ood,ood,anomaly,0.20242223143577576,0.3415503203868866,0.21311065554618835,0.14844566583633423,0.10658224672079086
vZSr9dhRxlE_003450_nonood,calib,normal,0.2103060483932495,0.3429786264896393,0.22049768269062042,0.15603135526180267,0.12171652913093567
vZSr9dhRxlE_003450_ood,ood,anomaly,0.20957140624523163,0.34373703598976135,0.2218920886516571,0.15470220148563385,0.1179543063044548
u33fdjUY_Iw_004621_nonood,calib,normal,0.2072790265083313,0.34695085883140564,0.21519531309604645,0.13660813868045807,0.13036179542541504
u33fdjUY_Iw_004621_ood,ood,anomaly,0.1374685913324356,0.2513078451156616,0.1419515162706375,0.09185802936553955,0.06475698947906494
Nc9SDBksPPA_004823_nonood,heldout,normal,0.20976774394512177,0.35812950134277344,0.2348676323890686,0.14881153404712677,0.09726232290267944
Nc9SDBksPPA_004823_ood,ood,anomaly,0.2773340344429016,0.4446503818035126,0.3112386167049408,0.21104533970355988,0.1424017697572708
Hx8FMhmdOQU_000905_nonood,calib,normal,0.13905318081378937,0.20826387405395508,0.13915368914604187,0.11261741071939468,0.09617776423692703
Hx8FMhmdOQU_000905_ood,ood,anomaly,0.13083061575889587,0.23024208843708038,0.13854272663593292,0.09153757244348526,0.06300008296966553
xVfPBzDnI2Q_002101_nonood,calib,normal,0.27842777967453003,0.41977110505104065,0.30130091309547424,0.22700874507427216,0.16563038527965546
xVfPBzDnI2Q_002101_ood,ood,anomaly,0.24999091029167175,0.38153859972953796,0.26350441575050354,0.20047421753406525,0.15444639325141907
sUbP4j8rAic_000700_nonood,calib,normal,0.2057892233133316,0.35765019059181213,0.21897180378437042,0.14399729669094086,0.1025375947356224
sUbP4j8rAic_000700_ood,ood,anomaly,0.1965494155883789,0.34415942430496216,0.20939092338085175,0.13883818686008453,0.093809112906456
hdOtS-BpUPY_000820_nonood,calib,normal,0.035087570548057556,0.07140746712684631,0.035029783844947815,0.020534953102469444,0.013378076255321503
hdOtS-BpUPY_000820_ood,ood,anomaly,0.07575861364603043,0.13408881425857544,0.08015620708465576,0.05305253341794014,0.03573690354824066
pQdl0apLT70_002193_nonood,calib,normal,0.10540302097797394,0.19884546101093292,0.10630634427070618,0.07107167690992355,0.0453885942697525
pQdl0apLT70_002193_ood,ood,anomaly,0.0987718403339386,0.19269993901252747,0.10115174204111099,0.06193379685282707,0.03930189087986946
T7TkJVmGyts_001628_nonood,calib,normal,0.13687407970428467,0.23296740651130676,0.14240701496601105,0.09893311560153961,0.07318878918886185
T7TkJVmGyts_001628_ood,ood,anomaly,0.130376935005188,0.23451416194438934,0.13467907905578613,0.0879281535744667,0.06438634544610977
RPNiqsdt6-w_002780_nonood,calib,normal,0.24031749367713928,0.41431114077568054,0.259817510843277,0.16983440518379211,0.11730692535638809
RPNiqsdt6-w_002780_ood,ood,anomaly,0.3883253335952759,0.48357921838760376,0.3611880838871002,0.3156968355178833,0.39283713698387146
y4Evv5By6sg_000075_nonood,calib,normal,0.31995028257369995,0.4725029170513153,0.34366390109062195,0.24678479135036469,0.21684952080249786
y4Evv5By6sg_000075_ood,ood,anomaly,0.18702471256256104,0.3182753026485443,0.1999601572751999,0.13600695133209229,0.09385646879673004
HzVbo46kkBA_005295_nonood,heldout,normal,0.05861228331923485,0.10557141900062561,0.06127137690782547,0.04121643304824829,0.02638990990817547
HzVbo46kkBA_005295_ood,ood,anomaly,0.18826824426651,0.3142891526222229,0.1935442090034485,0.13235807418823242,0.11288157850503922
fHUJcUaW2mE_003544_nonood,calib,normal,0.24966469407081604,0.4059889614582062,0.2579910457134247,0.1826108992099762,0.1520678550004959
fHUJcUaW2mE_003544_ood,ood,anomaly,0.4282855987548828,0.5076645016670227,0.4000881016254425,0.34960195422172546,0.4557877779006958
Z9K13eBUwJM_000061_nonood,heldout,normal,0.2982637286186218,0.46721696853637695,0.32348307967185974,0.22473131120204926,0.1776234656572342
Z9K13eBUwJM_000061_ood,ood,anomaly,0.47478845715522766,0.6149647831916809,0.5051281452178955,0.4078507423400879,0.3712101876735687
gDjeTHGWX9c_000257_nonood,calib,normal,0.2189408540725708,0.34794533252716064,0.24334971606731415,0.1677977591753006,0.11667060852050781
gDjeTHGWX9c_000257_ood,ood,anomaly,0.21353477239608765,0.3415571451187134,0.23547811806201935,0.16294002532958984,0.1141638532280922
dZG1VKsgs60_000936_nonood,heldout,normal,0.2731345295906067,0.428881973028183,0.29786744713783264,0.20227673649787903,0.1635119467973709
dZG1VKsgs60_000936_ood,ood,anomaly,0.5164798498153687,0.6261060833930969,0.5395548939704895,0.4649140536785126,0.43534427881240845
fdvMUP8qvzw_005325_nonood,heldout,normal,0.20982012152671814,0.35907694697380066,0.21574054658412933,0.13847394287586212,0.12598903477191925
fdvMUP8qvzw_005325_ood,ood,anomaly,0.21299251914024353,0.357095867395401,0.21811020374298096,0.14750756323337555,0.1292564570903778
uO2zGO5ydBc_002909_nonood,calib,normal,0.10290370881557465,0.1941806823015213,0.10604806989431381,0.067295141518116,0.04409094154834747
uO2zGO5ydBc_002909_ood,ood,anomaly,0.12168142944574356,0.22284528613090515,0.12627723813056946,0.08326278626918793,0.05434039980173111
DyzL2sahobA_004719_nonood,calib,normal,0.11523649096488953,0.22987447679042816,0.11638246476650238,0.06927423924207687,0.045414771884679794
DyzL2sahobA_004719_ood,ood,anomaly,0.06215602904558182,0.12594027817249298,0.0637979730963707,0.03608248755335808,0.022803381085395813
pWZSG2cUdEo_001889_nonood,calib,normal,0.1415596902370453,0.2480769157409668,0.15022426843643188,0.10044364631175995,0.06749392300844193
pWZSG2cUdEo_001889_ood,ood,anomaly,0.025451982393860817,0.04794074594974518,0.028444835916161537,0.01553353015333414,0.009888819418847561
uFwnmh0GpBo_001232_nonood,heldout,normal,0.24138347804546356,0.37068790197372437,0.23579804599285126,0.18267856538295746,0.17636936902999878
uFwnmh0GpBo_001232_ood,ood,anomaly,0.24937006831169128,0.3090890049934387,0.19286149740219116,0.166652649641037,0.32887712121009827
EY8x-fyQkbk_002450_nonood,calib,normal,0.2218591868877411,0.37758922576904297,0.24013127386569977,0.1615481972694397,0.10816808044910431
EY8x-fyQkbk_002450_ood,ood,anomaly,0.2548477351665497,0.3995799124240875,0.27921512722969055,0.20003686845302582,0.14055904746055603
eN6y6-4C1Rc_003883_nonood,heldout,normal,0.19900433719158173,0.33691373467445374,0.21693578362464905,0.14356981217861176,0.09859801828861237
eN6y6-4C1Rc_003883_ood,ood,anomaly,0.22368621826171875,0.3721202611923218,0.238921120762825,0.1668616235256195,0.1168418899178505
lKMwX4nA64k_004695_nonood,calib,normal,0.16010212898254395,0.27100738883018494,0.16009101271629333,0.11428485065698624,0.09502523392438889
lKMwX4nA64k_004695_ood,ood,anomaly,0.11349537968635559,0.1889955997467041,0.11407722532749176,0.08434277027845383,0.06656593084335327
WWyeuvpHmfc_004370_nonood,calib,normal,0.2571895122528076,0.3791055977344513,0.28883856534957886,0.21329493820667267,0.14751894772052765
WWyeuvpHmfc_004370_ood,ood,anomaly,0.2854479253292084,0.41710343956947327,0.3117257356643677,0.2304433137178421,0.18251925706863403
3tEZvtQZ18Q_004250_nonood,calib,normal,0.06388675421476364,0.12819011509418488,0.06458055973052979,0.03773907199501991,0.025037260726094246
3tEZvtQZ18Q_004250_ood,ood,anomaly,0.0750981792807579,0.1273547261953354,0.07568512111902237,0.054931510239839554,0.04242134466767311
cfrLchAShxQ_001208_nonood,calib,normal,0.1684044897556305,0.2952404022216797,0.17935098707675934,0.1148466244339943,0.08417996764183044
cfrLchAShxQ_001208_ood,ood,anomaly,0.308549165725708,0.4023411273956299,0.29457902908325195,0.24327833950519562,0.29399818181991577
bhA2ckvE-TQ_000522_nonood,calib,normal,0.20183265209197998,0.33359798789024353,0.21289443969726562,0.15212394297122955,0.10871422290802002
bhA2ckvE-TQ_000522_ood,ood,anomaly,0.21636560559272766,0.338408499956131,0.21403969824314117,0.16976159811019897,0.14325259625911713
dZG1VKsgs60_004008_nonood,calib,normal,0.07205895334482193,0.13402199745178223,0.07546544075012207,0.04724855720996857,0.031499821692705154
dZG1VKsgs60_004008_ood,ood,anomaly,0.05719516798853874,0.10933858156204224,0.05601086840033531,0.03848831728100777,0.024942904710769653
gZbGLa253Ak_000621_nonood,heldout,normal,0.23175223171710968,0.37036508321762085,0.24827058613300323,0.1768484115600586,0.13152484595775604
gZbGLa253Ak_000621_ood,ood,anomaly,0.5593662261962891,0.6038051843643188,0.5563383102416992,0.5290621519088745,0.548259437084198
lmykriTbncM_002565_nonood,calib,normal,0.07784956693649292,0.12700927257537842,0.08625304698944092,0.057255640625953674,0.04088032245635986
lmykriTbncM_002565_ood,ood,anomaly,0.12630879878997803,0.16429771482944489,0.12243276089429855,0.09535615146160126,0.12314853817224503
gXezhrOijmQ_005158_nonood,calib,normal,0.047335829585790634,0.09593413025140762,0.04839243367314339,0.02699081227183342,0.01802593469619751
gXezhrOijmQ_005158_ood,ood,anomaly,0.035742808133363724,0.07711870968341827,0.03419258072972298,0.01954960823059082,0.012110342271625996
90gyBengKDs_003275_nonood,calib,normal,0.23730579018592834,0.4026332497596741,0.25202682614326477,0.1740965098142624,0.12046657502651215
90gyBengKDs_003275_ood,ood,anomaly,0.3585463762283325,0.43948817253112793,0.33154183626174927,0.3301022946834564,0.33305320143699646
HaC3LrJiTmQ_001752_nonood,calib,normal,0.288813978433609,0.4632229208946228,0.31518852710723877,0.21949546039104462,0.15734897553920746
HaC3LrJiTmQ_001752_ood,ood,anomaly,0.05162516236305237,0.08286065608263016,0.048956990242004395,0.04074649140238762,0.0339365191757679
ujVRDgGVzlQ_003210_nonood,calib,normal,0.3022195100784302,0.42479270696640015,0.3215547800064087,0.26022836565971375,0.20230211317539215
ujVRDgGVzlQ_003210_ood,ood,anomaly,0.26648205518722534,0.3771427273750305,0.29690688848495483,0.22728048264980316,0.16459815204143524
D_pyFV4nKd4_001665_nonood,calib,normal,0.24906887114048004,0.4101961553096771,0.2687007486820221,0.18170365691184998,0.13567490875720978
D_pyFV4nKd4_001665_ood,ood,anomaly,0.6111873388290405,0.6172972917556763,0.5622469782829285,0.6059982776641846,0.6592069268226624
X8VgGb1fJDU_003186_nonood,calib,normal,0.31221574544906616,0.4552842676639557,0.3324348032474518,0.2572440207004547,0.2038998305797577
X8VgGb1fJDU_003186_ood,ood,anomaly,0.3355887234210968,0.4498373568058014,0.34459829330444336,0.27849048376083374,0.2694288194179535
Vtpe3HAIEm4_004397_nonood,heldout,normal,0.155799999833107,0.27646300196647644,0.16335664689540863,0.10928608477115631,0.07409429550170898
Vtpe3HAIEm4_004397_ood,ood,anomaly,0.04515857249498367,0.07298906147480011,0.038613781332969666,0.03190271928906441,0.03712872415781021
kVhgFPPG-wo_002705_nonood,calib,normal,0.14618095755577087,0.2511498034000397,0.1531929075717926,0.10615808516740799,0.07422307133674622
kVhgFPPG-wo_002705_ood,ood,anomaly,0.11361095309257507,0.20664460957050323,0.1157793328166008,0.07723593711853027,0.054783936589956284
O9uvBFovKj8_004982_nonood,heldout,normal,0.02872234769165516,0.055803969502449036,0.02909979596734047,0.018148934468626976,0.011836692690849304
O9uvBFovKj8_004982_ood,ood,anomaly,0.09784610569477081,0.15081825852394104,0.08816595375537872,0.060499563813209534,0.09190064668655396
UjkeNSr2dXQ_004540_nonood,calib,normal,0.12489169836044312,0.2335420697927475,0.1341979205608368,0.07988802343606949,0.05193879082798958
UjkeNSr2dXQ_004540_ood,ood,anomaly,0.3252326250076294,0.413621187210083,0.33979135751724243,0.30019980669021606,0.24731813371181488
pWZSG2cUdEo_001679_nonood,calib,normal,0.24332119524478912,0.3910859525203705,0.2671586275100708,0.18686148524284363,0.128178671002388
pWZSG2cUdEo_001679_ood,ood,anomaly,0.381779283285141,0.4772929251194,0.3623437285423279,0.31759682297706604,0.36988359689712524
t4Cvbdtebk0_001385_nonood,calib,normal,0.06315523386001587,0.1266903430223465,0.06420204788446426,0.03792785108089447,0.023800671100616455
t4Cvbdtebk0_001385_ood,ood,anomaly,0.4674918055534363,0.4940776824951172,0.43238821625709534,0.4450133144855499,0.49848806858062744
vZSr9dhRxlE_004758_nonood,calib,normal,0.30133405327796936,0.45300790667533875,0.33901968598365784,0.2462126910686493,0.16709595918655396
vZSr9dhRxlE_004758_ood,ood,anomaly,0.29792290925979614,0.4392204284667969,0.3309747278690338,0.24655944108963013,0.17493708431720734
lmykriTbncM_001067_nonood,calib,normal,0.22541043162345886,0.3747099041938782,0.2432147115468979,0.16764086484909058,0.11607620865106583
lmykriTbncM_001067_ood,ood,anomaly,0.34117263555526733,0.4104706943035126,0.3024020493030548,0.278091698884964,0.3737260401248932
fWJbp43k644_003287_nonood,calib,normal,0.205924391746521,0.33020827174186707,0.22244657576084137,0.15959466993808746,0.1114480271935463
fWJbp43k644_003287_ood,ood,anomaly,0.11812075227499008,0.20353226363658905,0.11790381371974945,0.08230476826429367,0.06874217092990875
UbDCiQVuzPY_000075_nonood,heldout,normal,0.255008339881897,0.40441057085990906,0.27505114674568176,0.19738905131816864,0.1431826502084732
UbDCiQVuzPY_000075_ood,ood,anomaly,0.36975324153900146,0.49695077538490295,0.370701402425766,0.2890000343322754,0.32236069440841675
t4Cvbdtebk0_003096_nonood,calib,normal,0.3178340196609497,0.48834842443466187,0.3441082835197449,0.248276948928833,0.19060248136520386
t4Cvbdtebk0_003096_ood,ood,anomaly,0.4176865816116333,0.5309044122695923,0.4235217571258545,0.37213245034217834,0.3441876471042633
GDejMONyY4U_000423_nonood,heldout,normal,0.2050977498292923,0.35580649971961975,0.21527017652988434,0.14234395325183868,0.10697036236524582
GDejMONyY4U_000423_ood,ood,anomaly,0.491843044757843,0.6303107142448425,0.49202537536621094,0.43810033798217773,0.4069356322288513
UbDCiQVuzPY_003172_nonood,calib,normal,0.2905063331127167,0.45892271399497986,0.31308507919311523,0.2153063267469406,0.1747111827135086
UbDCiQVuzPY_003172_ood,ood,anomaly,0.26043468713760376,0.39331018924713135,0.2810019850730896,0.21130521595478058,0.1561213880777359
y4Evv5By6sg_001238_nonood,calib,normal,0.096405528485775,0.18953749537467957,0.09746956825256348,0.05889422446489334,0.03972083330154419
y4Evv5By6sg_001238_ood,ood,anomaly,0.19042980670928955,0.31476202607154846,0.1916726976633072,0.13358424603939056,0.12170024961233139
xjbbH74SwTg_005290_nonood,heldout,normal,0.2882908284664154,0.4366244077682495,0.311957985162735,0.23014219105243683,0.17443878948688507
xjbbH74SwTg_005290_ood,ood,anomaly,0.2510896623134613,0.3983789086341858,0.274135559797287,0.18909354507923126,0.14275065064430237
xVfPBzDnI2Q_001529_nonood,calib,normal,0.15313971042633057,0.2732289433479309,0.16314972937107086,0.10716194659471512,0.06901822239160538
xVfPBzDnI2Q_001529_ood,ood,anomaly,0.18501535058021545,0.3024514615535736,0.1932276040315628,0.13803791999816895,0.10634440928697586
WWyeuvpHmfc_003816_nonood,calib,normal,0.00759672187268734,0.0167530570179224,0.006930485833436251,0.003984298091381788,0.0027190474793314934
WWyeuvpHmfc_003816_ood,ood,anomaly,0.22864976525306702,0.30209025740623474,0.19326655566692352,0.15561699867248535,0.26362526416778564
kld-iYpdjyo_001523_nonood,heldout,normal,0.4533561170101166,0.5378064513206482,0.4224824011325836,0.3585211932659149,0.4946143925189972
kld-iYpdjyo_001523_ood,ood,anomaly,0.46385812759399414,0.5805997848510742,0.48830726742744446,0.430406779050827,0.35611870884895325
0RJPQ_97dcs_000199_nonood,calib,normal,0.1632482260465622,0.2986837923526764,0.16913624107837677,0.10844661295413971,0.07672625035047531
0RJPQ_97dcs_000199_ood,ood,anomaly,0.4535300135612488,0.5457902550697327,0.4415532350540161,0.3768826425075531,0.44989386200904846
RPNiqsdt6-w_005405_nonood,calib,normal,0.3650710880756378,0.4972369372844696,0.3869608938694,0.3064259886741638,0.2696605324745178
RPNiqsdt6-w_005405_ood,ood,anomaly,0.36543208360671997,0.5278668999671936,0.40547996759414673,0.3016112148761749,0.22677019238471985
yhtzAKqRyXw_000209_nonood,calib,normal,0.13920623064041138,0.24580736458301544,0.14706279337406158,0.09716694802045822,0.06678780168294907
yhtzAKqRyXw_000209_ood,ood,anomaly,0.1452631652355194,0.24264873564243317,0.14929337799549103,0.1030111312866211,0.08609943091869354
Y4rb2_HaBdQ_002708_nonood,calib,normal,0.29414740204811096,0.4606909155845642,0.31706011295318604,0.22532939910888672,0.1735091507434845
Y4rb2_HaBdQ_002708_ood,ood,anomaly,0.11747421324253082,0.21129104495048523,0.12065616995096207,0.07886992394924164,0.059079740196466446
6E2N9ld0eHg_003898_nonood,calib,normal,0.23603415489196777,0.39485543966293335,0.251099556684494,0.17237059772014618,0.12581105530261993
6E2N9ld0eHg_003898_ood,ood,anomaly,0.47467777132987976,0.5759432911872864,0.4797994792461395,0.4384757876396179,0.4044925272464752
ujVRDgGVzlQ_003547_nonood,calib,normal,0.34759587049484253,0.4935635030269623,0.3702889680862427,0.28510406613349915,0.24142691493034363
ujVRDgGVzlQ_003547_ood,ood,anomaly,0.13216093182563782,0.20629630982875824,0.11481256037950516,0.09323547780513763,0.11429940164089203
nvVk7L3GrJQ_003279_nonood,calib,normal,0.25139904022216797,0.391655832529068,0.2667487561702728,0.18214882910251617,0.1650427132844925
nvVk7L3GrJQ_003279_ood,ood,anomaly,0.1654430776834488,0.25364962220191956,0.15150447189807892,0.12047627568244934,0.13614194095134735
f482qwPz7ns_000644_nonood,calib,normal,0.19242528080940247,0.3103109896183014,0.20211893320083618,0.14472265541553497,0.11254853755235672
f482qwPz7ns_000644_ood,ood,anomaly,0.4836009442806244,0.5230987668037415,0.4557698667049408,0.45491668581962585,0.5006185173988342
yhtzAKqRyXw_005208_nonood,calib,normal,0.19831565022468567,0.33876052498817444,0.21593637764453888,0.14256760478019714,0.09599810093641281
yhtzAKqRyXw_005208_ood,ood,anomaly,0.3759772777557373,0.5085064768791199,0.40386655926704407,0.3167860209941864,0.27475008368492126
jFFhYwgepmY_004462_nonood,calib,normal,0.12290748953819275,0.23130393028259277,0.12810106575489044,0.07962211221456528,0.05260288342833519
jFFhYwgepmY_004462_ood,ood,anomaly,0.2521141767501831,0.37055832147598267,0.24140901863574982,0.18247820436954498,0.21401114761829376
Tsl84N96WM8_002262_nonood,heldout,normal,0.22393439710140228,0.36866825819015503,0.23899346590042114,0.16519451141357422,0.12288134545087814
Tsl84N96WM8_002262_ood,ood,anomaly,0.24101431667804718,0.3750019073486328,0.24271038174629211,0.17860214412212372,0.16774286329746246
T89zSiaMNgM_005373_nonood,calib,normal,0.13541311025619507,0.24054037034511566,0.13758553564548492,0.09001800417900085,0.07350853085517883
T89zSiaMNgM_005373_ood,ood,anomaly,0.18654558062553406,0.31174951791763306,0.18998391926288605,0.1348530650138855,0.10959585011005402
sdqIDbZJfy0_000291_nonood,calib,normal,0.20228934288024902,0.3583541214466095,0.2144005298614502,0.13858188688755035,0.09782086312770844
sdqIDbZJfy0_000291_ood,ood,anomaly,0.25126320123672485,0.3956800699234009,0.2771436274051666,0.19463801383972168,0.13759106397628784
y1vGuUK0db4_000564_nonood,calib,normal,0.32405826449394226,0.45578956604003906,0.3444491922855377,0.28644874691963196,0.20954561233520508
y1vGuUK0db4_000564_ood,ood,anomaly,0.3749767243862152,0.4798598885536194,0.3889993727207184,0.3312668800354004,0.2997806966304779
bFGmOp9H3MA_002756_nonood,calib,normal,0.18083223700523376,0.31416839361190796,0.19190390408039093,0.12409472465515137,0.0931619256734848
bFGmOp9H3MA_002756_ood,ood,anomaly,0.24558782577514648,0.4002512991428375,0.2678243815898895,0.18089887499809265,0.13337673246860504
9Q0FCoNxL8I_004971_nonood,calib,normal,0.24538879096508026,0.3744482100009918,0.24529971182346344,0.18969102203845978,0.1721162050962448
9Q0FCoNxL8I_004971_ood,ood,anomaly,0.293265700340271,0.35919326543807983,0.2424343377351761,0.2113708108663559,0.36006441712379456
Eq7_uD2yN5Y_004239_nonood,calib,normal,0.191095232963562,0.3292580842971802,0.19004985690116882,0.1193619817495346,0.12571099400520325
Eq7_uD2yN5Y_004239_ood,ood,anomaly,0.21603338420391083,0.36524367332458496,0.22015900909900665,0.1458204835653305,0.13291038572788239
P5MjgFmqouA_001697_nonood,calib,normal,0.24791698157787323,0.38879266381263733,0.26392996311187744,0.19233067333698273,0.14661464095115662
P5MjgFmqouA_001697_ood,ood,anomaly,0.26227250695228577,0.41052311658859253,0.2841367721557617,0.1989334672689438,0.15549667179584503
JV0D-YkWHD8_004103_nonood,heldout,normal,0.22528228163719177,0.3748968243598938,0.2459731101989746,0.16681723296642303,0.11344192177057266
JV0D-YkWHD8_004103_ood,ood,anomaly,0.15421193838119507,0.2832942306995392,0.1651754379272461,0.10201886296272278,0.06635922938585281
u33fdjUY_Iw_001746_nonood,heldout,normal,0.2570990025997162,0.4140534996986389,0.29022538661956787,0.19168539345264435,0.13243171572685242
u33fdjUY_Iw_001746_ood,ood,anomaly,0.45140892267227173,0.5539268851280212,0.461158812046051,0.4119347929954529,0.37861520051956177
e3hXj7S3QyA_000706_nonood,calib,normal,0.1428638994693756,0.24598312377929688,0.14898687601089478,0.09856019169092178,0.07792538404464722
e3hXj7S3QyA_000706_ood,ood,anomaly,0.11749272793531418,0.20680101215839386,0.12609250843524933,0.08231464773416519,0.054762739688158035
h4OXsRSWLLc_000022_nonood,calib,normal,0.42228248715400696,0.5044481754302979,0.4028047025203705,0.37717682123184204,0.4047001898288727
h4OXsRSWLLc_000022_ood,ood,anomaly,0.7003794312477112,0.6724778413772583,0.6530809998512268,0.670729398727417,0.8052294850349426
Eq7_uD2yN5Y_003939_nonood,calib,normal,0.24485231935977936,0.4134891629219055,0.2629603445529938,0.1773138791322708,0.12564584612846375
Eq7_uD2yN5Y_003939_ood,ood,anomaly,0.2751292884349823,0.45141568779945374,0.29826653003692627,0.20052257180213928,0.1503124237060547
T7TkJVmGyts_003933_nonood,calib,normal,0.2612038552761078,0.422834575176239,0.2760258913040161,0.19626647233963013,0.1496885120868683
T7TkJVmGyts_003933_ood,ood,anomaly,0.20285454392433167,0.3381179869174957,0.2006906121969223,0.1488933116197586,0.12371628731489182
PEwiwzyTjX0_004681_nonood,calib,normal,0.17654304206371307,0.32005682587623596,0.18456433713436127,0.12101295590400696,0.0805380567908287
PEwiwzyTjX0_004681_ood,ood,anomaly,0.19364534318447113,0.31229525804519653,0.20997649431228638,0.14733247458934784,0.10497715324163437
L334aqEJxys_001874_nonood,calib,normal,0.19785812497138977,0.3519803285598755,0.21478697657585144,0.13444489240646362,0.09022026509046555
L334aqEJxys_001874_ood,ood,anomaly,0.22940000891685486,0.3884495794773102,0.2436552345752716,0.16068872809410095,0.12480650097131729
jFFhYwgepmY_005142_nonood,heldout,normal,0.23226746916770935,0.3918529450893402,0.25924596190452576,0.1650545597076416,0.11291638761758804
jFFhYwgepmY_005142_ood,ood,anomaly,0.2265663892030716,0.3692314326763153,0.23245170712471008,0.15977390110492706,0.14480853080749512
fHUJcUaW2mE_001521_nonood,calib,normal,0.30257606506347656,0.45302286744117737,0.32315748929977417,0.23827899992465973,0.1958448588848114
fHUJcUaW2mE_001521_ood,ood,anomaly,0.567328691482544,0.589654266834259,0.5451198220252991,0.530289888381958,0.6042506098747253
3Sqeb-l1RPA_000983_nonood,heldout,normal,0.33527082204818726,0.49940523505210876,0.3752712309360504,0.2771892547607422,0.18921752274036407
3Sqeb-l1RPA_000983_ood,ood,anomaly,0.413424015045166,0.517424464225769,0.39462822675704956,0.32254907488822937,0.4190942049026489
ujVRDgGVzlQ_005768_nonood,calib,normal,0.19886386394500732,0.3275243937969208,0.2124735563993454,0.14463424682617188,0.11082328855991364
ujVRDgGVzlQ_005768_ood,ood,anomaly,0.24430373311042786,0.3548434376716614,0.23826384544372559,0.18972206115722656,0.1943856030702591
QERvirE3S5s_004710_nonood,heldout,normal,0.28760087490081787,0.40026479959487915,0.3111518621444702,0.24497048556804657,0.19401627779006958
QERvirE3S5s_004710_ood,ood,anomaly,0.3543180823326111,0.45415836572647095,0.3519868850708008,0.3139925003051758,0.29713454842567444
OWtbKblBOKI_000176_nonood,calib,normal,0.19597841799259186,0.33400431275367737,0.20270909368991852,0.1403401643037796,0.10686009377241135
OWtbKblBOKI_000176_ood,ood,anomaly,0.3604092299938202,0.48972606658935547,0.34830740094184875,0.289337694644928,0.31426578760147095
gXezhrOijmQ_004127_nonood,heldout,normal,0.27140116691589355,0.42979198694229126,0.29187700152397156,0.2132105529308319,0.1507250815629959
gXezhrOijmQ_004127_ood,ood,anomaly,0.24908393621444702,0.4052776098251343,0.25556910037994385,0.17948956787586212,0.15599949657917023
r6_ZhT7rmhM_003846_nonood,calib,normal,0.20186582207679749,0.3561098277568817,0.21779558062553406,0.14059805870056152,0.09295981377363205
r6_ZhT7rmhM_003846_ood,ood,anomaly,0.17592278122901917,0.3073500692844391,0.1773991882801056,0.11891806125640869,0.10002384334802628
J-j5eIHg8I0_005010_nonood,calib,normal,0.22466860711574554,0.39415135979652405,0.23143760859966278,0.16128742694854736,0.11179806292057037
J-j5eIHg8I0_005010_ood,ood,anomaly,0.3991825580596924,0.46065887808799744,0.3025704622268677,0.2500055432319641,0.5834953188896179
IOoVklIZLMw_003545_nonood,calib,normal,0.33345192670822144,0.5088566541671753,0.3659934997558594,0.26696816086769104,0.19198931753635406
IOoVklIZLMw_003545_ood,ood,anomaly,0.572348415851593,0.6301099061965942,0.5311957597732544,0.487042099237442,0.641045868396759
y1vGuUK0db4_005626_nonood,calib,normal,0.15234214067459106,0.2653539478778839,0.1524045169353485,0.10526525974273682,0.086344875395298
y1vGuUK0db4_005626_ood,ood,anomaly,0.17328429222106934,0.25543341040611267,0.17741328477859497,0.1419336348772049,0.1183568611741066
y1vGuUK0db4_002278_nonood,heldout,normal,0.3032221496105194,0.474640429019928,0.3389637768268585,0.23810511827468872,0.16117925941944122
y1vGuUK0db4_002278_ood,ood,anomaly,0.34303563833236694,0.4920903742313385,0.366666316986084,0.2949954569339752,0.2183903604745865
uO2zGO5ydBc_004544_nonood,calib,normal,0.13333600759506226,0.2476169764995575,0.13914498686790466,0.08644580841064453,0.06013623997569084
uO2zGO5ydBc_004544_ood,ood,anomaly,0.43016231060028076,0.4789099097251892,0.3448146879673004,0.348168283700943,0.5487563014030457
Q7VBPeGwJWw_002331_nonood,heldout,normal,0.2567795515060425,0.3768482208251953,0.26249831914901733,0.19551274180412292,0.19225887954235077
Q7VBPeGwJWw_002331_ood,ood,anomaly,0.23410698771476746,0.3707951307296753,0.23864813148975372,0.17088232934474945,0.15610238909721375
RASKiMoxhOE_001671_nonood,heldout,normal,0.26088351011276245,0.41215917468070984,0.2810707688331604,0.19440670311450958,0.15589743852615356
RASKiMoxhOE_001671_ood,ood,anomaly,0.482299268245697,0.5454736351966858,0.4476344883441925,0.38641300797462463,0.5496758818626404
2SAby_5t94M_002446_nonood,heldout,normal,0.4342699348926544,0.5518779754638672,0.42710915207862854,0.39028605818748474,0.3678065836429596
2SAby_5t94M_002446_ood,ood,anomaly,0.34884876012802124,0.4677983522415161,0.35056957602500916,0.3104373812675476,0.2665896415710449
t4Cvbdtebk0_000195_nonood,calib,normal,0.29804694652557373,0.45436176657676697,0.3262268304824829,0.23582349717617035,0.17577560245990753
t4Cvbdtebk0_000195_ood,ood,anomaly,0.3830288052558899,0.5207129716873169,0.4170452654361725,0.3364142179489136,0.257942795753479
vdLn-qswnRo_001232_nonood,calib,normal,0.3364957869052887,0.5159064531326294,0.37282314896583557,0.26734018325805664,0.18991337716579437
vdLn-qswnRo_001232_ood,ood,anomaly,0.2457333654165268,0.3661768436431885,0.23543913662433624,0.17187124490737915,0.2094462662935257
UKBuDqU8qTM_003310_nonood,calib,normal,0.0909094586968422,0.16612927615642548,0.09495764225721359,0.06028160825371742,0.04226932302117348
UKBuDqU8qTM_003310_ood,ood,anomaly,0.08684875071048737,0.1617434173822403,0.08656693994998932,0.05691095069050789,0.04217367619276047
RASKiMoxhOE_001897_nonood,calib,normal,0.23143327236175537,0.3729645013809204,0.2544653117656708,0.1716841608285904,0.12661907076835632
RASKiMoxhOE_001897_ood,ood,anomaly,0.37628641724586487,0.4704429805278778,0.34802907705307007,0.3274492621421814,0.3592243790626526
4wKjxDXnmYs_001351_nonood,heldout,normal,0.11264681816101074,0.2126542329788208,0.11720503866672516,0.07209821790456772,0.04862978309392929
4wKjxDXnmYs_001351_ood,ood,anomaly,0.24711231887340546,0.40161949396133423,0.2557891309261322,0.1700829118490219,0.16095778346061707
UKBuDqU8qTM_000701_nonood,calib,normal,0.26250356435775757,0.4151213467121124,0.2848283350467682,0.19519244134426117,0.15487214922904968
UKBuDqU8qTM_000701_ood,ood,anomaly,0.20992892980575562,0.34233608841896057,0.21129775047302246,0.1421642005443573,0.14391769468784332
5vKPYV5w6pw_000874_nonood,calib,normal,0.20819345116615295,0.33911022543907166,0.20936517417430878,0.13540790975093842,0.14889049530029297
5vKPYV5w6pw_000874_ood,ood,anomaly,0.2588982582092285,0.41723331809043884,0.27920469641685486,0.19773513078689575,0.14141984283924103
OWtbKblBOKI_005256_nonood,heldout,normal,0.22452431917190552,0.3794720470905304,0.24164748191833496,0.16253657639026642,0.11444120854139328
OWtbKblBOKI_005256_ood,ood,anomaly,0.22637394070625305,0.34713879227638245,0.2116268277168274,0.15307754278182983,0.19365260004997253
CyeT8rEQOpQ_000660_nonood,calib,normal,0.19685202836990356,0.32687321305274963,0.20891213417053223,0.14803452789783478,0.10358830541372299
CyeT8rEQOpQ_000660_ood,ood,anomaly,0.20084942877292633,0.3179331123828888,0.20372195541858673,0.14542852342128754,0.13631410896778107
UOjQsfDXjO0_000761_nonood,calib,normal,0.10977631062269211,0.17513832449913025,0.11667089909315109,0.0859842598438263,0.0613117553293705
UOjQsfDXjO0_000761_ood,ood,anomaly,0.1034020483493805,0.17312386631965637,0.10749682784080505,0.07201936841011047,0.060968149453401566
Eq7_uD2yN5Y_001004_nonood,calib,normal,0.21808397769927979,0.33618804812431335,0.23786666989326477,0.17451518774032593,0.12376604229211807
Eq7_uD2yN5Y_001004_ood,ood,anomaly,0.2692301273345947,0.38683515787124634,0.2769503593444824,0.2234114557504654,0.18972361087799072
QERvirE3S5s_001573_nonood,calib,normal,0.2732245922088623,0.4403996169567108,0.284734308719635,0.19709450006484985,0.17066995799541473
QERvirE3S5s_001573_ood,ood,anomaly,0.3403097987174988,0.47281017899513245,0.32643893361091614,0.24447642266750336,0.31751367449760437
nADqn-DZ-Dc_000430_nonood,calib,normal,0.19716188311576843,0.33625009655952454,0.20901475846767426,0.1367834359407425,0.10659927874803543
nADqn-DZ-Dc_000430_ood,ood,anomaly,0.22203238308429718,0.3523925840854645,0.22241264581680298,0.16437874734401703,0.14894552528858185
YBEYOS3A3Ic_005749_nonood,heldout,normal,0.18252480030059814,0.29469814896583557,0.1960926502943039,0.13858984410762787,0.10071858018636703
YBEYOS3A3Ic_005749_ood,ood,anomaly,0.39794808626174927,0.5144355893135071,0.3928792178630829,0.3119397759437561,0.3725377917289734
t4Cvbdtebk0_002644_nonood,calib,normal,0.06461457908153534,0.10834682732820511,0.06330607086420059,0.05061221867799759,0.036193206906318665
t4Cvbdtebk0_002644_ood,ood,anomaly,0.10216820985078812,0.17153818905353546,0.1092739924788475,0.07352600246667862,0.05433466285467148
bFGmOp9H3MA_000355_nonood,heldout,normal,0.3233448266983032,0.436662495136261,0.3560701608657837,0.2867980897426605,0.21384859085083008
bFGmOp9H3MA_000355_ood,ood,anomaly,0.20106354355812073,0.34460487961769104,0.21637719869613647,0.14509443938732147,0.09817765653133392
W6YrlYyWguc_003326_nonood,calib,normal,0.22053262591362,0.37841907143592834,0.2391674816608429,0.157949760556221,0.10659420490264893
W6YrlYyWguc_003326_ood,ood,anomaly,0.27091968059539795,0.42478179931640625,0.2961413264274597,0.21253758668899536,0.1502179652452469
fHUJcUaW2mE_003831_nonood,heldout,normal,0.17867621779441833,0.30654042959213257,0.18873511254787445,0.1284894198179245,0.09093985706567764
fHUJcUaW2mE_003831_ood,ood,anomaly,0.20978179574012756,0.3640376627445221,0.22126606106758118,0.14956791698932648,0.1042555719614029
WWyeuvpHmfc_001537_nonood,heldout,normal,0.26798009872436523,0.41627636551856995,0.2965237498283386,0.21403636038303375,0.14508391916751862
WWyeuvpHmfc_001537_ood,ood,anomaly,0.3056226968765259,0.44895341992378235,0.3345387279987335,0.2549605667591095,0.18403805792331696
kjVywUi1WK4_003060_nonood,calib,normal,0.13639512658119202,0.25071874260902405,0.14233480393886566,0.08549147099256516,0.06703547388315201
kjVywUi1WK4_003060_ood,ood,anomaly,0.18353185057640076,0.29560503363609314,0.17168119549751282,0.12459540367126465,0.14224575459957123
EY8x-fyQkbk_005676_nonood,calib,normal,0.32583487033843994,0.47146400809288025,0.3505692780017853,0.26416292786598206,0.21714326739311218
EY8x-fyQkbk_005676_ood,ood,anomaly,0.5558639764785767,0.6324731111526489,0.5140361785888672,0.48459064960479736,0.5923560857772827
O9uvBFovKj8_002250_nonood,calib,normal,0.20670674741268158,0.3534075915813446,0.21654538810253143,0.1462050825357437,0.11066894978284836
O9uvBFovKj8_002250_ood,ood,anomaly,0.20400512218475342,0.3483039438724518,0.2202896773815155,0.142729252576828,0.10469762235879898
HzVbo46kkBA_004563_nonood,calib,normal,0.1967662125825882,0.3398068845272064,0.2140166312456131,0.13861437141895294,0.09462693333625793
HzVbo46kkBA_004563_ood,ood,anomaly,0.17553168535232544,0.3073000907897949,0.18762736022472382,0.1250457465648651,0.0821535512804985
krPRThe7R4g_002937_nonood,calib,normal,0.11604297906160355,0.21467764675617218,0.1175820603966713,0.08011865615844727,0.05179354175925255
krPRThe7R4g_002937_ood,ood,anomaly,0.21101997792720795,0.3095961809158325,0.20181557536125183,0.15679480135440826,0.17587333917617798
fHUJcUaW2mE_001204_nonood,calib,normal,0.2090371698141098,0.36588922142982483,0.22619067132472992,0.14658312499523163,0.09748569130897522
fHUJcUaW2mE_001204_ood,ood,anomaly,0.2591823935508728,0.40925365686416626,0.2826281785964966,0.19797012209892273,0.14687758684158325
0z7J7rOpTic_006272_nonood,calib,normal,0.21952542662620544,0.3668958246707916,0.23904173076152802,0.1575080007314682,0.11465618759393692
0z7J7rOpTic_006272_ood,ood,anomaly,0.3922427296638489,0.5349076390266418,0.4377046823501587,0.34834548830986023,0.24801312386989594
bFGmOp9H3MA_001738_nonood,calib,normal,0.24585311114788055,0.3485720753669739,0.2596290707588196,0.216452494263649,0.15875880420207977
bFGmOp9H3MA_001738_ood,ood,anomaly,0.378740131855011,0.5191477537155151,0.40502724051475525,0.3218000531196594,0.2689855098724365
t4Cvbdtebk0_000445_nonood,calib,normal,0.27375903725624084,0.41399842500686646,0.2943960428237915,0.2160734385251999,0.17056822776794434
t4Cvbdtebk0_000445_ood,ood,anomaly,0.364575058221817,0.45938682556152344,0.37925827503204346,0.3438241183757782,0.275831013917923
bI9JzQSrEGo_004051_nonood,calib,normal,0.20651781558990479,0.3517501652240753,0.22519925236701965,0.14590613543987274,0.10321567952632904
bI9JzQSrEGo_004051_ood,ood,anomaly,0.20459571480751038,0.3158682882785797,0.19297240674495697,0.1466023325920105,0.1629398614168167
LfKfK4I5RPE_002737_nonood,calib,normal,0.2492707371711731,0.4182069003582001,0.27107927203178406,0.18136917054653168,0.12642762064933777
LfKfK4I5RPE_002737_ood,ood,anomaly,0.18590104579925537,0.32529810070991516,0.2009911835193634,0.1302613466978073,0.08705355226993561
xVfPBzDnI2Q_004775_nonood,calib,normal,0.1325981616973877,0.2379520684480667,0.1394558846950531,0.09181807190179825,0.06116659194231033
xVfPBzDnI2Q_004775_ood,ood,anomaly,0.1349768042564392,0.2540854513645172,0.14409545063972473,0.08634243160486221,0.05538384988903999
PEwiwzyTjX0_004472_nonood,calib,normal,0.12896448373794556,0.23510336875915527,0.13491804897785187,0.08750016242265701,0.05833633616566658
PEwiwzyTjX0_004472_ood,ood,anomaly,0.2045375108718872,0.3270866572856903,0.20939332246780396,0.1458629071712494,0.13580718636512756
UbDCiQVuzPY_000814_nonood,calib,normal,0.1412981003522873,0.2693161070346832,0.1451713740825653,0.09037087857723236,0.06033403426408768
UbDCiQVuzPY_000814_ood,ood,anomaly,0.16070622205734253,0.2906993627548218,0.16973161697387695,0.10875875502824783,0.07363513112068176
VxWJchENocA_000308_nonood,calib,normal,0.24318447709083557,0.3931763470172882,0.2424253672361374,0.1638675481081009,0.17326867580413818
VxWJchENocA_000308_ood,ood,anomaly,0.09098328649997711,0.1683313101530075,0.09451154619455338,0.05879220739006996,0.04229806736111641
d2SCftR5sWc_000191_nonood,calib,normal,0.20159433782100677,0.3077622354030609,0.21302910149097443,0.16247010231018066,0.12311588227748871
d2SCftR5sWc_000191_ood,ood,anomaly,0.3196863532066345,0.3931276500225067,0.2951112985610962,0.265411913394928,0.3250945806503296
DpQBo4gb6Lw_003924_nonood,heldout,normal,0.1424408257007599,0.2551847994327545,0.15145204961299896,0.0973437950015068,0.06578264385461807
DpQBo4gb6Lw_003924_ood,ood,anomaly,0.11974617838859558,0.2241870015859604,0.12456785142421722,0.07895246148109436,0.05127740278840065
PfJ2CudpCgE_004074_nonood,calib,normal,0.32907161116600037,0.4708828032016754,0.34540045261383057,0.2542494833469391,0.24575376510620117
PfJ2CudpCgE_004074_ood,ood,anomaly,0.7617529630661011,0.7637112736701965,0.7274823784828186,0.785621166229248,0.7701971530914307
HaC3LrJiTmQ_005125_nonood,calib,normal,0.07559859752655029,0.13604046404361725,0.07672550529241562,0.05240051448345184,0.037227921187877655
HaC3LrJiTmQ_005125_ood,ood,anomaly,0.1628241240978241,0.28035616874694824,0.16336573660373688,0.11333759874105453,0.09423704445362091
TlBhM9Xbr2o_002234_nonood,calib,normal,0.18737849593162537,0.33045947551727295,0.2001667618751526,0.13114526867866516,0.08774251490831375
TlBhM9Xbr2o_002234_ood,ood,anomaly,0.09695029258728027,0.16515186429023743,0.09124059975147247,0.06412582844495773,0.06728287786245346
K1r3m5OrmB4_003389_nonood,calib,normal,0.14822232723236084,0.22897985577583313,0.14662344753742218,0.10192457586526871,0.11536142975091934
K1r3m5OrmB4_003389_ood,ood,anomaly,0.21517926454544067,0.29403918981552124,0.20433378219604492,0.17200061678886414,0.1903434544801712
ujVRDgGVzlQ_003313_nonood,calib,normal,0.35729721188545227,0.5258312225341797,0.383688360452652,0.2850727140903473,0.23459656536579132
ujVRDgGVzlQ_003313_ood,ood,anomaly,0.18746241927146912,0.3189777731895447,0.1969149112701416,0.12920624017715454,0.10475075989961624
d2SCftR5sWc_003574_nonood,heldout,normal,0.19081030786037445,0.3343631327152252,0.1967894732952118,0.13020619750022888,0.10188242793083191
d2SCftR5sWc_003574_ood,ood,anomaly,0.17148077487945557,0.3138352632522583,0.17414003610610962,0.1173601970076561,0.08058759570121765
gZbGLa253Ak_001583_nonood,heldout,normal,0.11059693247079849,0.1933826357126236,0.11539830267429352,0.07778723537921906,0.0558195635676384
gZbGLa253Ak_001583_ood,ood,anomaly,0.2203884869813919,0.33264660835266113,0.22081813216209412,0.16364431381225586,0.16444487869739532
t4Cvbdtebk0_001663_nonood,calib,normal,0.29152214527130127,0.4551354646682739,0.3228763937950134,0.22797198593616486,0.16010481119155884
t4Cvbdtebk0_001663_ood,ood,anomaly,0.41725867986679077,0.4961935579776764,0.40144437551498413,0.3613533079624176,0.41004350781440735
ieP36TLihGM_001404_nonood,calib,normal,0.28328272700309753,0.45316505432128906,0.3151313364505768,0.2174435257911682,0.14739099144935608
ieP36TLihGM_001404_ood,ood,anomaly,0.25819772481918335,0.3837515115737915,0.25693586468696594,0.18247133493423462,0.20963218808174133
UKBuDqU8qTM_000080_nonood,calib,normal,0.378956139087677,0.5453532338142395,0.4171091318130493,0.3119209408760071,0.24144120514392853
UKBuDqU8qTM_000080_ood,ood,anomaly,0.299783855676651,0.41954150795936584,0.2911619246006012,0.22315055131912231,0.26528146862983704
9Q0FCoNxL8I_001552_nonood,heldout,normal,0.32932695746421814,0.4558228552341461,0.3308190703392029,0.2540670931339264,0.2765987515449524
9Q0FCoNxL8I_001552_ood,ood,anomaly,0.391084223985672,0.46781063079833984,0.3569785952568054,0.32114771008491516,0.41839995980262756
5vKPYV5w6pw_003173_nonood,calib,normal,0.21602681279182434,0.3572807013988495,0.23198562860488892,0.16044433414936066,0.11439665406942368
5vKPYV5w6pw_003173_ood,ood,anomaly,0.40656065940856934,0.5039095282554626,0.40211302042007446,0.34678786993026733,0.3734321594238281
GR4c34BIcVw_001288_nonood,calib,normal,0.22910979390144348,0.3681304156780243,0.2439088374376297,0.16883741319179535,0.1355624794960022
GR4c34BIcVw_001288_ood,ood,anomaly,0.38176846504211426,0.4985615313053131,0.39205390214920044,0.3251376748085022,0.3113206923007965
fTmYppzzloc_000301_nonood,heldout,normal,0.17530353367328644,0.31304946541786194,0.18195244669914246,0.12092193216085434,0.08529030531644821
fTmYppzzloc_000301_ood,ood,anomaly,0.1768735647201538,0.2971722185611725,0.17831191420555115,0.12147407978773117,0.11053604632616043
V3--0ubJkNE_005741_nonood,heldout,normal,0.18849703669548035,0.30746668577194214,0.20151551067829132,0.14291344583034515,0.10209251195192337
V3--0ubJkNE_005741_ood,ood,anomaly,0.4094577431678772,0.494597852230072,0.411532998085022,0.36876624822616577,0.3629339039325714
Hfs4AlBmg70_005511_nonood,heldout,normal,0.00859963521361351,0.01905316859483719,0.008233376778662205,0.004261494614183903,0.0028505020309239626
Hfs4AlBmg70_005511_ood,ood,anomaly,0.12651297450065613,0.21074716746807098,0.13072998821735382,0.09158418327569962,0.0729905217885971
WWyeuvpHmfc_002770_nonood,calib,normal,0.202700674533844,0.3318840265274048,0.21481585502624512,0.15049727261066437,0.11360552906990051
WWyeuvpHmfc_002770_ood,ood,anomaly,0.20430046319961548,0.32586807012557983,0.21330764889717102,0.15766628086566925,0.12035981565713882
kjVywUi1WK4_000381_nonood,calib,normal,0.2357865869998932,0.3889088034629822,0.257283091545105,0.17121393978595734,0.12574048340320587
kjVywUi1WK4_000381_ood,ood,anomaly,0.2750714421272278,0.40247923135757446,0.2793613076210022,0.21670903265476227,0.2017361968755722
xjbbH74SwTg_002787_nonood,calib,normal,0.025789815932512283,0.052025094628334045,0.026503341272473335,0.015076885931193829,0.009553943760693073
xjbbH74SwTg_002787_ood,ood,anomaly,0.05400274693965912,0.09039583802223206,0.048960041254758835,0.03893539309501648,0.037719715386629105
kVhgFPPG-wo_000427_nonood,calib,normal,0.16335222125053406,0.2869540750980377,0.16923557221889496,0.11280766874551773,0.08441156893968582
kVhgFPPG-wo_000427_ood,ood,anomaly,0.3576678931713104,0.4307354986667633,0.3508163392543793,0.32913509011268616,0.3199846148490906
3tEZvtQZ18Q_004640_nonood,heldout,normal,0.13429376482963562,0.2340242564678192,0.13667555153369904,0.09329283237457275,0.07318238914012909
3tEZvtQZ18Q_004640_ood,ood,anomaly,0.25252193212509155,0.35775598883628845,0.26880019903182983,0.21278022229671478,0.17075136303901672
Nc9SDBksPPA_003206_nonood,heldout,normal,0.054412923753261566,0.11345224827528,0.05493634194135666,0.02979276329278946,0.01947033777832985
Nc9SDBksPPA_003206_ood,ood,anomaly,0.10238641500473022,0.1691783219575882,0.10483527183532715,0.07836607098579407,0.057166021317243576
Nc9SDBksPPA_003735_nonood,calib,normal,0.18757635354995728,0.3187924921512604,0.18807142972946167,0.1277185082435608,0.11572296172380447
Nc9SDBksPPA_003735_ood,ood,anomaly,0.42131444811820984,0.4989486336708069,0.375834196805954,0.32940298318862915,0.48107200860977173
Eq7_uD2yN5Y_001392_nonood,calib,normal,0.11702725291252136,0.2078024297952652,0.12459802627563477,0.08207432180643082,0.05363423004746437
Eq7_uD2yN5Y_001392_ood,ood,anomaly,0.21326039731502533,0.357048898935318,0.22489997744560242,0.14788153767585754,0.12321117520332336
5vKPYV5w6pw_003098_nonood,calib,normal,0.16009745001792908,0.2896280884742737,0.16676032543182373,0.10990278422832489,0.0740986168384552
5vKPYV5w6pw_003098_ood,ood,anomaly,0.1850191205739975,0.2583196759223938,0.18277014791965485,0.1625388264656067,0.13644783198833466
uFwnmh0GpBo_005240_nonood,calib,normal,0.09374761581420898,0.17429256439208984,0.097873754799366,0.06034570187330246,0.04247844219207764
uFwnmh0GpBo_005240_ood,ood,anomaly,0.04976882413029671,0.09648382663726807,0.050264567136764526,0.03159983828663826,0.020727068185806274
xjbbH74SwTg_001279_nonood,calib,normal,0.3228776156902313,0.48512357473373413,0.33748945593833923,0.2616643011569977,0.20723314583301544
xjbbH74SwTg_001279_ood,ood,anomaly,0.2869313359260559,0.3727978765964508,0.24518397450447083,0.20015794038772583,0.32958555221557617
Q7VBPeGwJWw_002595_nonood,calib,normal,0.31404727697372437,0.4477381110191345,0.34091219305992126,0.2710300087928772,0.19650883972644806
Q7VBPeGwJWw_002595_ood,ood,anomaly,0.16418924927711487,0.26689133048057556,0.1721215397119522,0.12111597508192062,0.0966280996799469
3Sqeb-l1RPA_001528_nonood,calib,normal,0.21040156483650208,0.31006160378456116,0.19484908878803253,0.13073277473449707,0.20596277713775635
3Sqeb-l1RPA_001528_ood,ood,anomaly,0.26846957206726074,0.36882051825523376,0.2725551426410675,0.21689310669898987,0.21560950577259064
TNZv-NBcV5U_002660_nonood,heldout,normal,0.3485495150089264,0.47838106751441956,0.352558970451355,0.26861682534217834,0.29464125633239746
TNZv-NBcV5U_002660_ood,ood,anomaly,0.18974947929382324,0.3136778473854065,0.2005704790353775,0.140792578458786,0.10395701974630356
ieP36TLihGM_004687_nonood,calib,normal,0.2211769074201584,0.3561811149120331,0.23986700177192688,0.16835767030715942,0.12030185759067535
ieP36TLihGM_004687_ood,ood,anomaly,0.7011205554008484,0.7068131566047668,0.6938354969024658,0.7226890325546265,0.6811445951461792
bFGmOp9H3MA_003916_nonood,calib,normal,0.15628871321678162,0.29105085134506226,0.1622580885887146,0.10181037336587906,0.07003556936979294
bFGmOp9H3MA_003916_ood,ood,anomaly,0.07534795999526978,0.14294487237930298,0.07882167398929596,0.04811745882034302,0.03150781989097595
Hkui6PJboFg_004420_nonood,calib,normal,0.30713924765586853,0.46276241540908813,0.32439669966697693,0.23571692407131195,0.2056809514760971
Hkui6PJboFg_004420_ood,ood,anomaly,0.2288666069507599,0.3888450264930725,0.24176321923732758,0.16471226513385773,0.12014590203762054
bI9JzQSrEGo_002469_nonood,heldout,normal,0.3313373923301697,0.5057533383369446,0.3588026463985443,0.26122528314590454,0.19956833124160767
bI9JzQSrEGo_002469_ood,ood,anomaly,0.2981485426425934,0.4255489706993103,0.30231189727783203,0.24619847536087036,0.21853482723236084
0z7J7rOpTic_000072_nonood,calib,normal,0.08846284449100494,0.1393592655658722,0.08793608099222183,0.07095951586961746,0.05559653788805008
0z7J7rOpTic_000072_ood,ood,anomaly,0.2313043624162674,0.3443198800086975,0.22757737338542938,0.16864821314811707,0.18467195332050323
sUbP4j8rAic_004739_nonood,heldout,normal,0.3082295060157776,0.45728975534439087,0.33767563104629517,0.24927134811878204,0.18868130445480347
sUbP4j8rAic_004739_ood,ood,anomaly,0.26079168915748596,0.35326382517814636,0.2491624653339386,0.20004479587078094,0.24069568514823914
bhA2ckvE-TQ_000612_nonood,calib,normal,0.18883685767650604,0.33179861307144165,0.20167802274227142,0.13046573102474213,0.09140506386756897
bhA2ckvE-TQ_000612_ood,ood,anomaly,0.19492506980895996,0.31631264090538025,0.20138202607631683,0.14631842076778412,0.11568721383810043
UOjQsfDXjO0_001718_nonood,heldout,normal,0.04232720285654068,0.0868869349360466,0.04017007350921631,0.024350155144929886,0.01790163852274418
UOjQsfDXjO0_001718_ood,ood,anomaly,0.1456746906042099,0.23585158586502075,0.1361035853624344,0.0980992466211319,0.11264434456825256
TNZv-NBcV5U_000156_nonood,calib,normal,0.38595879077911377,0.5380218625068665,0.40531373023986816,0.3071238696575165,0.2933756113052368
TNZv-NBcV5U_000156_ood,ood,anomaly,0.4353228807449341,0.5534770488739014,0.4175719916820526,0.3436438739299774,0.42659857869148254
jFFhYwgepmY_000889_nonood,heldout,normal,0.10509511828422546,0.20839621126651764,0.10435289889574051,0.06345844268798828,0.044172897934913635
jFFhYwgepmY_000889_ood,ood,anomaly,0.1823618859052658,0.3083914816379547,0.17752084136009216,0.11617793142795563,0.12735728919506073
bFGmOp9H3MA_004273_nonood,heldout,normal,0.2874249219894409,0.4304142892360687,0.30509012937545776,0.23200474679470062,0.18219061195850372
bFGmOp9H3MA_004273_ood,ood,anomaly,0.26718634366989136,0.40557971596717834,0.2727360129356384,0.2008848339319229,0.18954484164714813
ieP36TLihGM_000611_nonood,calib,normal,0.2975601553916931,0.40762463212013245,0.2695852518081665,0.2075873166322708,0.3054434359073639
ieP36TLihGM_000611_ood,ood,anomaly,0.36204659938812256,0.474057137966156,0.36855247616767883,0.2892816662788391,0.3162950277328491
Nc9SDBksPPA_001462_nonood,calib,normal,0.32569754123687744,0.47702476382255554,0.35158804059028625,0.2648116648197174,0.20936575531959534
Nc9SDBksPPA_001462_ood,ood,anomaly,0.2949828803539276,0.4150221347808838,0.2969741225242615,0.2421594262123108,0.2257758229970932
1u69z-wsDIc_001251_nonood,calib,normal,0.2100287675857544,0.345004677772522,0.2176327258348465,0.1490698903799057,0.1284077912569046
1u69z-wsDIc_001251_ood,ood,anomaly,0.19221380352973938,0.32940584421157837,0.20071561634540558,0.1362413913011551,0.10249240696430206
mrIFkGZbNjc_002100_nonood,calib,normal,0.16071388125419617,0.2713569104671478,0.16827206313610077,0.11937735229730606,0.0838492289185524
mrIFkGZbNjc_002100_ood,ood,anomaly,0.19018948078155518,0.31323006749153137,0.19994542002677917,0.14039179682731628,0.10719060897827148
IFhWIS-Gwps_000227_nonood,calib,normal,0.2496364414691925,0.3870297968387604,0.2813156545162201,0.1961544305086136,0.13404591381549835
IFhWIS-Gwps_000227_ood,ood,anomaly,0.30078378319740295,0.3751288950443268,0.28347575664520264,0.23862536251544952,0.30590513348579407
90gyBengKDs_000372_nonood,calib,normal,0.16862386465072632,0.2921326458454132,0.17746883630752563,0.1165492832660675,0.08834467828273773
90gyBengKDs_000372_ood,ood,anomaly,0.30449938774108887,0.4102860987186432,0.3038349747657776,0.2804609537124634,0.22341543436050415
OWtbKblBOKI_002688_nonood,calib,normal,0.18587033450603485,0.3166479468345642,0.19939501583576202,0.13277986645698547,0.0946585088968277
OWtbKblBOKI_002688_ood,ood,anomaly,0.20285195112228394,0.3175957500934601,0.20233646035194397,0.15724417567253113,0.13423143327236176
nHvTqyRntbY_001604_nonood,calib,normal,0.15184837579727173,0.27840951085090637,0.1619611382484436,0.10020964592695236,0.06681319326162338
nHvTqyRntbY_001604_ood,ood,anomaly,0.15093007683753967,0.2629541754722595,0.1607963591814041,0.10705379396677017,0.07291597872972488
xToi8YVZM8o_003642_nonood,heldout,normal,0.2623637616634369,0.39536041021347046,0.2842797338962555,0.21569176018238068,0.15412314236164093
xToi8YVZM8o_003642_ood,ood,anomaly,0.32071733474731445,0.47487178444862366,0.3498465120792389,0.26289355754852295,0.19525747001171112
hdOtS-BpUPY_001551_nonood,heldout,normal,0.10380694270133972,0.17527301609516144,0.10139893740415573,0.06836666166782379,0.07018917053937912
hdOtS-BpUPY_001551_ood,ood,anomaly,0.3236650228500366,0.38596370816230774,0.30901744961738586,0.289043128490448,0.3106357753276825
Z9K13eBUwJM_005905_nonood,calib,normal,0.14743033051490784,0.278554767370224,0.15417194366455078,0.09534798562526703,0.061646606773138046
Z9K13eBUwJM_005905_ood,ood,anomaly,0.21904052793979645,0.3685525953769684,0.23044782876968384,0.15619727969169617,0.12096439301967621
DpQBo4gb6Lw_002972_nonood,calib,normal,0.052387870848178864,0.10581263154745102,0.05322832986712456,0.031004752963781357,0.019505776464939117
DpQBo4gb6Lw_002972_ood,ood,anomaly,0.07828333973884583,0.1466691792011261,0.0773022323846817,0.053934138268232346,0.035227809101343155
hfwb3mZZ0fs_003109_nonood,calib,normal,0.02241024374961853,0.040710899978876114,0.023785505443811417,0.014177722856402397,0.01096684206277132
hfwb3mZZ0fs_003109_ood,ood,anomaly,0.033493608236312866,0.06762286275625229,0.03384588286280632,0.019964592531323433,0.01254110224545002
X8VgGb1fJDU_000052_nonood,calib,normal,0.2769591510295868,0.4397217929363251,0.3054651618003845,0.2149440199136734,0.14770562946796417
X8VgGb1fJDU_000052_ood,ood,anomaly,0.17975473403930664,0.2804543673992157,0.18677039444446564,0.13548791408538818,0.11630623787641525
ieP36TLihGM_001324_nonood,heldout,normal,0.26213401556015015,0.434177041053772,0.2832315266132355,0.19295723736286163,0.1381702423095703
ieP36TLihGM_001324_ood,ood,anomaly,0.24160876870155334,0.3980732262134552,0.25196054577827454,0.1829114705324173,0.13348984718322754
pQdl0apLT70_003935_nonood,calib,normal,0.2836025357246399,0.4417246878147125,0.31374865770339966,0.2232362926006317,0.15570050477981567
pQdl0apLT70_003935_ood,ood,anomaly,0.34896552562713623,0.4666039049625397,0.3517182767391205,0.2788168489933014,0.29872313141822815
2TmFM9p1KF8_002228_nonood,calib,normal,0.17597836256027222,0.28517618775367737,0.19031289219856262,0.12957663834095,0.09884771704673767
2TmFM9p1KF8_002228_ood,ood,anomaly,0.21184363961219788,0.2652393877506256,0.1791859269142151,0.1580791175365448,0.24487008154392242
u33fdjUY_Iw_001511_nonood,calib,normal,0.21800634264945984,0.36155882477760315,0.23190398514270782,0.16125118732452393,0.11731139570474625
u33fdjUY_Iw_001511_ood,ood,anomaly,0.2293136864900589,0.3521248400211334,0.22592242062091827,0.16467434167861938,0.17453312873840332
8dI7OolIEXY_004224_nonood,calib,normal,0.13699465990066528,0.2582453787326813,0.1408511996269226,0.08836768567562103,0.060514356940984726
8dI7OolIEXY_004224_ood,ood,anomaly,0.31699228286743164,0.3804428279399872,0.2696458101272583,0.2528599798679352,0.36502042412757874
fdvMUP8qvzw_000713_nonood,calib,normal,0.23420701920986176,0.383224219083786,0.2614934742450714,0.17482058703899384,0.11728981137275696
fdvMUP8qvzw_000713_ood,ood,anomaly,0.41618186235427856,0.4951781630516052,0.39375418424606323,0.3671197295188904,0.40867534279823303
4wKjxDXnmYs_004962_nonood,heldout,normal,0.14146991074085236,0.2656407654285431,0.1458338350057602,0.09231918305158615,0.06208588182926178
4wKjxDXnmYs_004962_ood,ood,anomaly,0.08392003178596497,0.15781545639038086,0.08521123975515366,0.05474834144115448,0.037905097007751465
pOJpwWmEcFg_001728_nonood,heldout,normal,0.1857263445854187,0.33381837606430054,0.19373607635498047,0.12867558002471924,0.08667532354593277
pOJpwWmEcFg_001728_ood,ood,anomaly,0.24336521327495575,0.3653382360935211,0.24046508967876434,0.18104620277881622,0.1866113543510437
O9uvBFovKj8_001467_nonood,heldout,normal,0.011418658308684826,0.024833202362060547,0.010677482932806015,0.00620317505672574,0.003960772417485714
O9uvBFovKj8_001467_ood,ood,anomaly,0.04676707834005356,0.07265394926071167,0.04699738696217537,0.03853670880198479,0.028880277648568153
p-fBcE77G4c_004988_nonood,calib,normal,0.19024088978767395,0.3154486119747162,0.19942985475063324,0.13720643520355225,0.1088787093758583
p-fBcE77G4c_004988_ood,ood,anomaly,0.2729318141937256,0.4061436057090759,0.28130829334259033,0.21765562891960144,0.18661978840827942
jv7vz_55H8M_000486_nonood,calib,normal,0.13072317838668823,0.2362440973520279,0.13725072145462036,0.08767007291316986,0.06172784045338631
jv7vz_55H8M_000486_ood,ood,anomaly,0.27841705083847046,0.3871757984161377,0.25260597467422485,0.2089272290468216,0.26495927572250366
gDjeTHGWX9c_004930_nonood,calib,normal,0.19408968091011047,0.33157575130462646,0.20794577896595,0.14098401367664337,0.09585318714380264
gDjeTHGWX9c_004930_ood,ood,anomaly,0.3052046000957489,0.4412672221660614,0.31091028451919556,0.24663250148296356,0.22200842201709747
Hd2IzHAfkCI_005643_nonood,calib,normal,0.27033305168151855,0.4519719183444977,0.293161541223526,0.19483308494091034,0.14136558771133423
Hd2IzHAfkCI_005643_ood,ood,anomaly,0.24035859107971191,0.38798537850379944,0.23947817087173462,0.15974248945713043,0.17422831058502197
eA-kbOZ1_sc_003253_nonood,calib,normal,0.38093841075897217,0.5312544703483582,0.39812031388282776,0.3122595250606537,0.2821193337440491
eA-kbOZ1_sc_003253_ood,ood,anomaly,0.3705329895019531,0.4794584810733795,0.3383551836013794,0.2761516273021698,0.3881666362285614
Rrcjy5t8b20_004499_nonood,heldout,normal,0.03687955066561699,0.06996078044176102,0.03805122151970863,0.0233601164072752,0.016146080568432808
Rrcjy5t8b20_004499_ood,ood,anomaly,0.054899439215660095,0.09764979779720306,0.05767885968089104,0.03577742353081703,0.0284916702657938
fWJbp43k644_004611_nonood,calib,normal,0.16499444842338562,0.2927952706813812,0.1744513064622879,0.11573420464992523,0.07699701189994812
fWJbp43k644_004611_ood,ood,anomaly,0.10383298993110657,0.19168418645858765,0.10223572701215744,0.06771004945039749,0.05370200425386429
W6YrlYyWguc_002776_nonood,heldout,normal,0.18740549683570862,0.3269042372703552,0.19888322055339813,0.12981100380420685,0.09402350336313248
W6YrlYyWguc_002776_ood,ood,anomaly,0.22378146648406982,0.36561092734336853,0.22554124891757965,0.16767756640911102,0.1362961083650589
P5MjgFmqouA_000823_nonood,calib,normal,0.18460077047348022,0.3111720681190491,0.19062353670597076,0.13254177570343018,0.10406570881605148
P5MjgFmqouA_000823_ood,ood,anomaly,0.3064577877521515,0.38603413105010986,0.28312286734580994,0.271799236536026,0.28487488627433777
ruiSuGHJf6Q_000075_nonood,calib,normal,0.19149662554264069,0.3147159814834595,0.20084574818611145,0.14448978006839752,0.1059350073337555
ruiSuGHJf6Q_000075_ood,ood,anomaly,0.5003095865249634,0.55771803855896,0.4809986352920532,0.4634387195110321,0.4990829527378082
PEwiwzyTjX0_002082_nonood,calib,normal,0.2831018567085266,0.434756338596344,0.30779901146888733,0.22407467663288116,0.1657773107290268
PEwiwzyTjX0_002082_ood,ood,anomaly,0.2961004674434662,0.4228488504886627,0.3052782118320465,0.23842991888523102,0.2178448587656021
oZaUkhs_H-s_000295_nonood,calib,normal,0.2741468846797943,0.4383387863636017,0.29260286688804626,0.2095239907503128,0.1561218649148941
oZaUkhs_H-s_000295_ood,ood,anomaly,0.44335711002349854,0.5369842052459717,0.4731341004371643,0.4001351594924927,0.36317509412765503
HaC3LrJiTmQ_003884_nonood,calib,normal,0.4559803307056427,0.5650647282600403,0.43059784173965454,0.35341331362724304,0.4748454689979553
HaC3LrJiTmQ_003884_ood,ood,anomaly,0.5071827173233032,0.6164355874061584,0.5194492936134338,0.44953033328056335,0.4433157742023468
hfwb3mZZ0fs_003306_nonood,calib,normal,0.26302236318588257,0.38516873121261597,0.2715661823749542,0.21510975062847137,0.18024475872516632
hfwb3mZZ0fs_003306_ood,ood,anomaly,0.2144741266965866,0.32458972930908203,0.20721246302127838,0.14359018206596375,0.18250414729118347
YBEYOS3A3Ic_001426_nonood,calib,normal,0.30070480704307556,0.44206687808036804,0.33262431621551514,0.24056488275527954,0.18756310641765594
YBEYOS3A3Ic_001426_ood,ood,anomaly,0.4516237676143646,0.4470630884170532,0.3618399202823639,0.3817095160484314,0.6158825755119324
qYonJ4w6SZs_003336_nonood,calib,normal,0.19335871934890747,0.31461969017982483,0.20195242762565613,0.1507275104522705,0.1061352863907814
qYonJ4w6SZs_003336_ood,ood,anomaly,0.4409286379814148,0.533306360244751,0.4531034529209137,0.4061291515827179,0.3711756765842438
4wKjxDXnmYs_003089_nonood,calib,normal,0.08506841957569122,0.1639188975095749,0.08640793710947037,0.05271279066801071,0.037234026938676834
4wKjxDXnmYs_003089_ood,ood,anomaly,0.3261827230453491,0.42880168557167053,0.3072776794433594,0.25346043705940247,0.3151911795139313
dZG1VKsgs60_002494_nonood,heldout,normal,0.27034303545951843,0.4230423867702484,0.28623154759407043,0.2076764702796936,0.16442173719406128
dZG1VKsgs60_002494_ood,ood,anomaly,0.37740573287010193,0.4606389105319977,0.3812497556209564,0.3380962312221527,0.3296380341053009
bI9JzQSrEGo_000346_nonood,heldout,normal,0.20138829946517944,0.3544439375400543,0.21150599420070648,0.1417224407196045,0.09788083285093307
bI9JzQSrEGo_000346_ood,ood,anomaly,0.15344791114330292,0.2817073166370392,0.15881164371967316,0.10013464093208313,0.07313802093267441
h55PiQMnlJY_000073_nonood,heldout,normal,0.3228943347930908,0.452487587928772,0.3466615080833435,0.2658737003803253,0.2265544980764389
h55PiQMnlJY_000073_ood,ood,anomaly,0.44914668798446655,0.5962978005409241,0.5101909637451172,0.4038492739200592,0.28624874353408813
IQwS7BEjUxM_003927_nonood,heldout,normal,0.18858018517494202,0.3185665011405945,0.20087830722332,0.1358720362186432,0.09900389611721039
IQwS7BEjUxM_003927_ood,ood,anomaly,0.287924587726593,0.3951985538005829,0.2793634831905365,0.22053013741970062,0.25660616159439087
RPNiqsdt6-w_002660_nonood,calib,normal,0.14209067821502686,0.23206809163093567,0.1476866751909256,0.10700813680887222,0.08159981667995453
RPNiqsdt6-w_002660_ood,ood,anomaly,0.21129962801933289,0.30393317341804504,0.2110801786184311,0.16869068145751953,0.16149449348449707
t4Cvbdtebk0_004664_nonood,calib,normal,0.3341076374053955,0.4884647727012634,0.37259435653686523,0.27511146664619446,0.20025987923145294
t4Cvbdtebk0_004664_ood,ood,anomaly,0.5930857062339783,0.6390985250473022,0.6226892471313477,0.5717008709907532,0.53885418176651
ieP36TLihGM_002893_nonood,calib,normal,0.33387356996536255,0.5182364583015442,0.37265723943710327,0.2606971561908722,0.1839035004377365
ieP36TLihGM_002893_ood,ood,anomaly,0.2296634316444397,0.33625373244285583,0.24743753671646118,0.1914057433605194,0.14355677366256714
88LcRU7uEFE_005267_nonood,calib,normal,0.1335386335849762,0.2499355524778366,0.13646894693374634,0.0875706821680069,0.060179371386766434
88LcRU7uEFE_005267_ood,ood,anomaly,0.31615227460861206,0.434721976518631,0.3074098825454712,0.2513335645198822,0.27114376425743103
hdOtS-BpUPY_001772_nonood,calib,normal,0.3662465214729309,0.5153210163116455,0.4082986116409302,0.3075798451900482,0.23378658294677734
hdOtS-BpUPY_001772_ood,ood,anomaly,0.41458624601364136,0.5532000660896301,0.4457927942276001,0.368573397397995,0.290778785943985
sdqIDbZJfy0_001491_nonood,calib,normal,0.11651017516851425,0.2248147875070572,0.11909428983926773,0.07353788614273071,0.04859372600913048
sdqIDbZJfy0_001491_ood,ood,anomaly,0.23376891016960144,0.3572254776954651,0.23110665380954742,0.17449048161506653,0.1722530573606491
D_pyFV4nKd4_004800_nonood,calib,normal,0.30348455905914307,0.47630152106285095,0.32430270314216614,0.22860223054885864,0.18473179638385773
D_pyFV4nKd4_004800_ood,ood,anomaly,0.2373029589653015,0.3747510015964508,0.24959278106689453,0.17793123424053192,0.14693686366081238
Hx8FMhmdOQU_003882_nonood,calib,normal,0.1994774341583252,0.32088762521743774,0.21566534042358398,0.1546103060245514,0.10674644261598587
Hx8FMhmdOQU_003882_ood,ood,anomaly,0.4196799695491791,0.5409314036369324,0.45936107635498047,0.378710001707077,0.2997173070907593
90gyBengKDs_004112_nonood,calib,normal,0.13014546036720276,0.23933018743991852,0.13605709373950958,0.08461308479309082,0.060581497848033905
90gyBengKDs_004112_ood,ood,anomaly,0.13166239857673645,0.2385440468788147,0.13752490282058716,0.08380625396966934,0.0667744055390358
lKMwX4nA64k_005606_nonood,heldout,normal,0.17986944317817688,0.3004130423069,0.16861458122730255,0.10881903767585754,0.1416310966014862
lKMwX4nA64k_005606_ood,ood,anomaly,0.08070635050535202,0.12387567013502121,0.07386181503534317,0.0614556223154068,0.0636322870850563
UbDCiQVuzPY_002851_nonood,heldout,normal,0.20988190174102783,0.31914275884628296,0.1931799054145813,0.1385977864265442,0.18860717117786407
UbDCiQVuzPY_002851_ood,ood,anomaly,0.2174719274044037,0.31850460171699524,0.21258433163166046,0.17808794975280762,0.16071081161499023
yhtzAKqRyXw_000428_nonood,calib,normal,0.22855952382087708,0.3545050024986267,0.24465934932231903,0.17312555015087128,0.14194819331169128
yhtzAKqRyXw_000428_ood,ood,anomaly,0.2109321653842926,0.35071447491645813,0.23278355598449707,0.15451985597610474,0.10571076720952988
7uTMZ5-aWKA_003263_nonood,calib,normal,0.15129688382148743,0.258003294467926,0.14952589571475983,0.10219823569059372,0.09546010196208954
7uTMZ5-aWKA_003263_ood,ood,anomaly,0.24932923913002014,0.36754119396209717,0.23503319919109344,0.1798110157251358,0.21493153274059296
L334aqEJxys_000670_nonood,calib,normal,0.1710222214460373,0.30815786123275757,0.17360074818134308,0.11349941790103912,0.0888308733701706
L334aqEJxys_000670_ood,ood,anomaly,0.30969536304473877,0.44129958748817444,0.33281829953193665,0.2583150267601013,0.20634852349758148
gZbGLa253Ak_003759_nonood,calib,normal,0.14347490668296814,0.25781404972076416,0.14275717735290527,0.09595182538032532,0.0773765966296196
gZbGLa253Ak_003759_ood,ood,anomaly,0.10664664208889008,0.1699797362089157,0.10976888239383698,0.08511122316122055,0.061726730316877365
T7TkJVmGyts_002778_nonood,calib,normal,0.2579737901687622,0.413364052772522,0.2740926742553711,0.19995687901973724,0.14448155462741852
T7TkJVmGyts_002778_ood,ood,anomaly,0.03298204019665718,0.0626707375049591,0.03254750370979309,0.02195337414741516,0.014756547287106514
3Sqeb-l1RPA_005471_nonood,heldout,normal,0.22300371527671814,0.3526815176010132,0.24895864725112915,0.1732533574104309,0.11712132394313812
3Sqeb-l1RPA_005471_ood,ood,anomaly,0.4036664366722107,0.49615123867988586,0.4296793043613434,0.3705756962299347,0.31825950741767883
t4Cvbdtebk0_005158_nonood,calib,normal,0.19695262610912323,0.34092262387275696,0.2104964256286621,0.1373824030160904,0.09900907427072525
t4Cvbdtebk0_005158_ood,ood,anomaly,0.37264764308929443,0.527769923210144,0.3972415030002594,0.2954986095428467,0.2700805068016052
Eq7_uD2yN5Y_003100_nonood,calib,normal,0.3028349280357361,0.4551428258419037,0.31054311990737915,0.236807718873024,0.20884615182876587
Eq7_uD2yN5Y_003100_ood,ood,anomaly,0.4154006242752075,0.5540797114372253,0.4079374670982361,0.3180946707725525,0.3814906179904938
Nc9SDBksPPA_002268_nonood,calib,normal,0.14970168471336365,0.2693653106689453,0.15270841121673584,0.10286271572113037,0.07387033104896545
Nc9SDBksPPA_002268_ood,ood,anomaly,0.34223589301109314,0.43537193536758423,0.3286958336830139,0.27558639645576477,0.32928937673568726
gXezhrOijmQ_000949_nonood,heldout,normal,0.26945120096206665,0.44112884998321533,0.29522576928138733,0.2042011022567749,0.13724912703037262
gXezhrOijmQ_000949_ood,ood,anomaly,0.2806977331638336,0.44280314445495605,0.30462387204170227,0.21494562923908234,0.1604183316230774
Tsl84N96WM8_003957_nonood,calib,normal,0.3018757104873657,0.4306873679161072,0.30935290455818176,0.25791624188423157,0.2095462828874588
Tsl84N96WM8_003957_ood,ood,anomaly,0.295032262802124,0.3916671574115753,0.2941584587097168,0.2562057077884674,0.23809772729873657
YBEYOS3A3Ic_002478_nonood,calib,normal,0.12297220528125763,0.2236160784959793,0.12836332619190216,0.08360869437456131,0.056300725787878036
YBEYOS3A3Ic_002478_ood,ood,anomaly,0.2478170394897461,0.35974523425102234,0.24604564905166626,0.18195216357707977,0.203525111079216
krPRThe7R4g_000515_nonood,calib,normal,0.19779959321022034,0.33147886395454407,0.21914434432983398,0.14500315487384796,0.09557206183671951
krPRThe7R4g_000515_ood,ood,anomaly,0.485107958316803,0.49377578496932983,0.43960434198379517,0.475040078163147,0.5320116877555847
DpQBo4gb6Lw_002691_nonood,calib,normal,0.27154111862182617,0.42793193459510803,0.282301664352417,0.20926542580127716,0.16666541993618011
DpQBo4gb6Lw_002691_ood,ood,anomaly,0.17972053587436676,0.32469668984413147,0.18766814470291138,0.11946359276771545,0.08705368638038635
Eq7_uD2yN5Y_001841_nonood,calib,normal,0.19542011618614197,0.31676632165908813,0.21214771270751953,0.14254505932331085,0.11022133380174637
Eq7_uD2yN5Y_001841_ood,ood,anomaly,0.3303369879722595,0.4561704099178314,0.3221736550331116,0.2628306746482849,0.28017330169677734
ha-IeID24As_003429_nonood,calib,normal,0.29232949018478394,0.4365238547325134,0.3241673707962036,0.2413855642080307,0.16724123060703278
ha-IeID24As_003429_ood,ood,anomaly,0.23748230934143066,0.40350285172462463,0.2575318515300751,0.16992785036563873,0.11896667629480362
2TmFM9p1KF8_003505_nonood,heldout,normal,0.1261519491672516,0.2252342700958252,0.12636834383010864,0.0828922837972641,0.07011286169290543
2TmFM9p1KF8_003505_ood,ood,anomaly,0.13772696256637573,0.224164217710495,0.13599824905395508,0.0992157980799675,0.09152954816818237
UjkeNSr2dXQ_001723_nonood,heldout,normal,0.03892160952091217,0.0814313217997551,0.03772139549255371,0.022614851593971252,0.013918866403400898
UjkeNSr2dXQ_001723_ood,ood,anomaly,0.04852815344929695,0.08687404543161392,0.047009799629449844,0.03558393195271492,0.02464483305811882
eA-kbOZ1_sc_000668_nonood,calib,normal,0.1506926417350769,0.27419358491897583,0.1562136709690094,0.09841690212488174,0.07394643872976303
eA-kbOZ1_sc_000668_ood,ood,anomaly,0.15815985202789307,0.25939592719078064,0.1628187745809555,0.11234594881534576,0.09807879477739334
fdvMUP8qvzw_000969_nonood,calib,normal,0.30674219131469727,0.4563218355178833,0.3260074853897095,0.23842085897922516,0.2062186449766159
fdvMUP8qvzw_000969_ood,ood,anomaly,0.6984052658081055,0.6998415589332581,0.6877601146697998,0.7003257870674133,0.7056936621665955
ujVRDgGVzlQ_003142_nonood,calib,normal,0.22630560398101807,0.3468154966831207,0.2371440976858139,0.18324507772922516,0.13801775872707367
ujVRDgGVzlQ_003142_ood,ood,anomaly,0.3999972641468048,0.4872225224971771,0.3831680119037628,0.33807602524757385,0.39152246713638306
QERvirE3S5s_004618_nonood,calib,normal,0.2791418433189392,0.4340846836566925,0.30971813201904297,0.21967846155166626,0.15308615565299988
QERvirE3S5s_004618_ood,ood,anomaly,0.3506195545196533,0.4555917978286743,0.33117353916168213,0.27152878046035767,0.34418416023254395
fb5i7JlmJdg_005442_nonood,calib,normal,0.16840483248233795,0.2777172923088074,0.1807854175567627,0.1245836541056633,0.09053296595811844
fb5i7JlmJdg_005442_ood,ood,anomaly,0.3622590899467468,0.39604464173316956,0.270309716463089,0.254071444272995,0.5286105275154114
3tEZvtQZ18Q_003265_nonood,calib,normal,0.290947288274765,0.4296438694000244,0.31912586092948914,0.23960620164871216,0.17541319131851196
3tEZvtQZ18Q_003265_ood,ood,anomaly,0.4414181709289551,0.5270964503288269,0.44024911522865295,0.3786965608596802,0.4196304976940155
y1vGuUK0db4_004994_nonood,calib,normal,0.19531835615634918,0.3283366858959198,0.20929990708827972,0.1412893831729889,0.1023474708199501
y1vGuUK0db4_004994_ood,ood,anomaly,0.1461058109998703,0.2663205564022064,0.1519857794046402,0.09631243348121643,0.06980446726083755
oZaUkhs_H-s_004142_nonood,calib,normal,0.2305935025215149,0.3786982297897339,0.24507321417331696,0.17209529876708984,0.12650729715824127
oZaUkhs_H-s_004142_ood,ood,anomaly,0.30308160185813904,0.4578540623188019,0.32559844851493835,0.24333541095256805,0.18553848564624786
Nc9SDBksPPA_003835_nonood,calib,normal,0.04865945130586624,0.09033071994781494,0.04979497194290161,0.03193798288702965,0.022574136033654213
Nc9SDBksPPA_003835_ood,ood,anomaly,0.39587968587875366,0.4932774603366852,0.37570515275001526,0.3271311819553375,0.38740500807762146
ZIts2XH28SA_002006_nonood,calib,normal,0.20574116706848145,0.32038185000419617,0.22001180052757263,0.16401992738246918,0.1185510978102684
ZIts2XH28SA_002006_ood,ood,anomaly,0.3108883202075958,0.4282839596271515,0.31264135241508484,0.25371113419532776,0.2489168643951416
yB6fjM1UUC0_003505_nonood,calib,normal,0.3216734528541565,0.48188316822052,0.354108065366745,0.2652583420276642,0.18544426560401917
yB6fjM1UUC0_003505_ood,ood,anomaly,0.3302852511405945,0.41377997398376465,0.31879597902297974,0.2799661159515381,0.3085988461971283
Tsl84N96WM8_001791_nonood,calib,normal,0.2480396032333374,0.3794223964214325,0.2591947317123413,0.18958359956741333,0.1639576554298401
Tsl84N96WM8_001791_ood,ood,anomaly,0.5485771894454956,0.5538875460624695,0.49710020422935486,0.492452472448349,0.6508687138557434
eN6y6-4C1Rc_006099_nonood,calib,normal,0.22053802013397217,0.3702145218849182,0.2389894276857376,0.16184669733047485,0.1111014261841774
eN6y6-4C1Rc_006099_ood,ood,anomaly,0.23863789439201355,0.4015500545501709,0.2590610384941101,0.17516322433948517,0.11877722293138504
PfJ2CudpCgE_005355_nonood,heldout,normal,0.2174021154642105,0.3750695288181305,0.22393423318862915,0.14657384157180786,0.12403084337711334
PfJ2CudpCgE_005355_ood,ood,anomaly,0.23264457285404205,0.3738267123699188,0.232622891664505,0.16691027581691742,0.15721841156482697
y1vGuUK0db4_001730_nonood,calib,normal,0.3295412063598633,0.4956388473510742,0.37011727690696716,0.26244625449180603,0.1899624466896057
y1vGuUK0db4_001730_ood,ood,anomaly,0.25046783685684204,0.41756439208984375,0.26185694336891174,0.17668107151985168,0.14576901495456696
8dI7OolIEXY_001461_nonood,calib,normal,0.19033271074295044,0.3031531572341919,0.17950570583343506,0.12405110895633698,0.15462088584899902
8dI7OolIEXY_001461_ood,ood,anomaly,0.05532784014940262,0.08384052664041519,0.05092616379261017,0.041039030998945236,0.04550563544034958
J-j5eIHg8I0_003855_nonood,calib,normal,0.08908504247665405,0.17180772125720978,0.09271740913391113,0.056173741817474365,0.035641301423311234
J-j5eIHg8I0_003855_ood,ood,anomaly,0.08840254694223404,0.16843880712985992,0.09381530433893204,0.05549192428588867,0.03586414456367493
4wKjxDXnmYs_000908_nonood,calib,normal,0.18537157773971558,0.3200581967830658,0.19199056923389435,0.12514297664165497,0.10429459065198898
4wKjxDXnmYs_000908_ood,ood,anomaly,0.3802201747894287,0.47413137555122375,0.35894373059272766,0.29003021121025085,0.3977753818035126
fHUJcUaW2mE_003090_nonood,heldout,normal,0.24285461008548737,0.3903169631958008,0.2603175640106201,0.18444819748401642,0.13633571565151215
fHUJcUaW2mE_003090_ood,ood,anomaly,0.3934400677680969,0.4928238093852997,0.366310715675354,0.3281615376472473,0.38646411895751953
4OGV0AbV91U_004771_nonood,calib,normal,0.31851857900619507,0.47590723633766174,0.3473661243915558,0.25991424918174744,0.19088666141033173
4OGV0AbV91U_004771_ood,ood,anomaly,0.3391324579715729,0.4841829538345337,0.3637346029281616,0.2858407199382782,0.2227715402841568
JkYzYrJpSoQ_002520_nonood,calib,normal,0.31787437200546265,0.4857666790485382,0.34312212467193604,0.25441408157348633,0.18819458782672882
JkYzYrJpSoQ_002520_ood,ood,anomaly,0.4968332052230835,0.5450476408004761,0.45809391140937805,0.4157329797744751,0.5684582591056824
dZG1VKsgs60_002668_nonood,calib,normal,0.19218851625919342,0.3207603096961975,0.2034880667924881,0.14116308093070984,0.10334261506795883
dZG1VKsgs60_002668_ood,ood,anomaly,0.13230958580970764,0.2438679337501526,0.13209114968776703,0.08557076007127762,0.06770847737789154
h55PiQMnlJY_001034_nonood,calib,normal,0.30072924494743347,0.4295090436935425,0.33287912607192993,0.24292302131652832,0.19760581851005554
h55PiQMnlJY_001034_ood,ood,anomaly,0.3025522828102112,0.4126362204551697,0.3024900257587433,0.25279638171195984,0.2422865480184555
Izf9l3VWQuo_000925_nonood,calib,normal,0.1359873265028,0.23570019006729126,0.14518113434314728,0.0946752205491066,0.0683927834033966
Izf9l3VWQuo_000925_ood,ood,anomaly,0.19535201787948608,0.3082946240901947,0.2016391009092331,0.1592317670583725,0.11224259436130524
DyzL2sahobA_000073_nonood,calib,normal,0.08817785978317261,0.14877213537693024,0.0928604006767273,0.0661257952451706,0.04495308920741081
DyzL2sahobA_000073_ood,ood,anomaly,0.11187339574098587,0.15730127692222595,0.11447106301784515,0.09853555262088776,0.07718571275472641
qYonJ4w6SZs_004216_nonood,calib,normal,0.27849066257476807,0.4361632168292999,0.3045799434185028,0.21431908011436462,0.15890036523342133
qYonJ4w6SZs_004216_ood,ood,anomaly,0.22913998365402222,0.3651963174343109,0.23742634057998657,0.17702451348304749,0.13691280782222748
bFGmOp9H3MA_004484_nonood,calib,normal,0.15465310215950012,0.2777227461338043,0.16378384828567505,0.10394307971000671,0.07316270470619202
bFGmOp9H3MA_004484_ood,ood,anomaly,0.12193275988101959,0.21438860893249512,0.12346497178077698,0.08789757639169693,0.06197988986968994
UjkeNSr2dXQ_003465_nonood,calib,normal,0.14420461654663086,0.2568938434123993,0.15124259889125824,0.09860607236623764,0.07007600367069244
UjkeNSr2dXQ_003465_ood,ood,anomaly,0.16222035884857178,0.25788965821266174,0.16013064980506897,0.1235562413930893,0.1073048934340477
sUbP4j8rAic_004629_nonood,calib,normal,0.30447471141815186,0.47834792733192444,0.33719736337661743,0.23499377071857452,0.16735969483852386
sUbP4j8rAic_004629_ood,ood,anomaly,0.3767595887184143,0.5623114705085754,0.4009545147418976,0.2957249581813812,0.24804742634296417
Sihe6aeyLHg_005509_nonood,heldout,normal,0.32144156098365784,0.4641767144203186,0.3498503267765045,0.2679067552089691,0.20383238792419434
Sihe6aeyLHg_005509_ood,ood,anomaly,0.24542030692100525,0.36170411109924316,0.254232794046402,0.18463778495788574,0.1811065822839737
D_pyFV4nKd4_003993_nonood,heldout,normal,0.1794355809688568,0.29936960339546204,0.1953696608543396,0.13076379895210266,0.09223927557468414
D_pyFV4nKd4_003993_ood,ood,anomaly,0.28160011768341064,0.38651803135871887,0.28454452753067017,0.2274622917175293,0.22787566483020782
O9uvBFovKj8_003988_nonood,calib,normal,0.21221667528152466,0.34420862793922424,0.2323773205280304,0.15927661955356598,0.113004170358181
O9uvBFovKj8_003988_ood,ood,anomaly,0.495390921831131,0.5794491767883301,0.49264946579933167,0.46628305315971375,0.44318199157714844
Z9K13eBUwJM_005281_nonood,calib,normal,0.1891995370388031,0.3258538842201233,0.20011727511882782,0.13547563552856445,0.09535136818885803
Z9K13eBUwJM_005281_ood,ood,anomaly,0.18328207731246948,0.2658977508544922,0.1610136777162552,0.11826707422733307,0.18794985115528107
qzMjfBx1KI0_001259_nonood,calib,normal,0.40149760246276855,0.5503700375556946,0.44455963373184204,0.3494291305541992,0.2616316080093384
qzMjfBx1KI0_001259_ood,ood,anomaly,0.450884073972702,0.5833075046539307,0.4956003427505493,0.38921818137168884,0.3354102373123169
7uTMZ5-aWKA_001695_nonood,heldout,normal,0.2783620357513428,0.43013688921928406,0.30475494265556335,0.2200571447610855,0.15849921107292175
7uTMZ5-aWKA_001695_ood,ood,anomaly,0.5525890588760376,0.6323957443237305,0.5863438248634338,0.5334675908088684,0.4581492841243744
6E2N9ld0eHg_000751_nonood,heldout,normal,0.2574164867401123,0.43475595116615295,0.27661314606666565,0.1892910897731781,0.12900573015213013
6E2N9ld0eHg_000751_ood,ood,anomaly,0.2635277807712555,0.398039311170578,0.2589063346385956,0.18678954243659973,0.21037596464157104
L334aqEJxys_001608_nonood,calib,normal,0.22083184123039246,0.3654242157936096,0.23931725323200226,0.16764195263385773,0.11094396561384201
L334aqEJxys_001608_ood,ood,anomaly,0.6427749395370483,0.6636391282081604,0.6433638334274292,0.6542365550994873,0.6098602414131165
TNZv-NBcV5U_004778_nonood,calib,normal,0.2819696068763733,0.4047542214393616,0.3061799705028534,0.24344760179519653,0.17349660396575928
TNZv-NBcV5U_004778_ood,ood,anomaly,0.48110711574554443,0.4879907965660095,0.405312180519104,0.4155089557170868,0.615616500377655
xpOyD-qrQUw_003297_nonood,calib,normal,0.24356454610824585,0.3772413432598114,0.25902071595191956,0.1975310891866684,0.14046505093574524
xpOyD-qrQUw_003297_ood,ood,anomaly,0.3479159474372864,0.4863813817501068,0.3565567135810852,0.2765912711620331,0.2721345126628876
YBEYOS3A3Ic_001633_nonood,calib,normal,0.09681005775928497,0.185659259557724,0.0992828980088234,0.06113569065928459,0.041162390261888504
YBEYOS3A3Ic_001633_ood,ood,anomaly,0.26528018712997437,0.3847299814224243,0.266223281621933,0.21026189625263214,0.19990558922290802
vdLn-qswnRo_001505_nonood,calib,normal,0.1676294058561325,0.30647704005241394,0.17853088676929474,0.1117461696267128,0.07376350462436676
vdLn-qswnRo_001505_ood,ood,anomaly,0.2570224404335022,0.40788623690605164,0.2698666751384735,0.192750945687294,0.15758593380451202
IOoVklIZLMw_003435_nonood,calib,normal,0.23578119277954102,0.35523805022239685,0.25447878241539,0.18779924511909485,0.14560867846012115
IOoVklIZLMw_003435_ood,ood,anomaly,0.2555464804172516,0.36566272377967834,0.270598441362381,0.2057044357061386,0.1802203208208084
PYL3JcSsS6o_000862_nonood,calib,normal,0.2694830000400543,0.4115476906299591,0.28159353137016296,0.20581309497356415,0.17897768318653107
PYL3JcSsS6o_000862_ood,ood,anomaly,0.36951035261154175,0.5185363292694092,0.386484831571579,0.2963046431541443,0.27671557664871216
nvVk7L3GrJQ_003349_nonood,calib,normal,0.13081122934818268,0.23280811309814453,0.13807888329029083,0.09016845375299454,0.06218946725130081
nvVk7L3GrJQ_003349_ood,ood,anomaly,0.17287883162498474,0.284115731716156,0.16990014910697937,0.12557215988636017,0.11192724853754044
LfKfK4I5RPE_004254_nonood,calib,normal,0.13719654083251953,0.24213404953479767,0.1376722753047943,0.09106477349996567,0.0779150202870369
LfKfK4I5RPE_004254_ood,ood,anomaly,0.07055914402008057,0.1322990208864212,0.07282200455665588,0.04529924690723419,0.031816285103559494
gZbGLa253Ak_000073_nonood,calib,normal,0.3011516332626343,0.424265593290329,0.2887509763240814,0.220558300614357,0.2710316479206085
gZbGLa253Ak_000073_ood,ood,anomaly,0.5465549230575562,0.6022729277610779,0.5240728259086609,0.5139382481575012,0.5459356307983398
P5MjgFmqouA_001406_nonood,heldout,normal,0.23754940927028656,0.3828243613243103,0.2544357180595398,0.1802266389131546,0.13271090388298035
P5MjgFmqouA_001406_ood,ood,anomaly,0.13052049279212952,0.23058517277240753,0.1334616094827652,0.0915529802441597,0.06648221611976624
y1vGuUK0db4_000652_nonood,heldout,normal,0.15860408544540405,0.2835320830345154,0.16163979470729828,0.1094415932893753,0.07980284094810486
y1vGuUK0db4_000652_ood,ood,anomaly,0.17982439696788788,0.2923184633255005,0.17397435009479523,0.12724252045154572,0.12576228380203247
8dI7OolIEXY_002729_nonood,calib,normal,0.17665842175483704,0.3023006021976471,0.18979650735855103,0.12810379266738892,0.08643274754285812
8dI7OolIEXY_002729_ood,ood,anomaly,0.18601801991462708,0.28014421463012695,0.18678215146064758,0.15118196606636047,0.1259637475013733
HzVbo46kkBA_000447_nonood,calib,normal,0.2853061258792877,0.4512939453125,0.3161334693431854,0.21624508500099182,0.15755197405815125
HzVbo46kkBA_000447_ood,ood,anomaly,0.5016902685165405,0.6315189003944397,0.536983072757721,0.45968857407569885,0.378570556640625
PYL3JcSsS6o_002598_nonood,calib,normal,0.360248327255249,0.5204529166221619,0.40634897351264954,0.30431753396987915,0.20987389981746674
PYL3JcSsS6o_002598_ood,ood,anomaly,0.461028516292572,0.6084535717964172,0.5163767337799072,0.4101696014404297,0.3091142177581787
HaC3LrJiTmQ_000587_nonood,calib,normal,0.12433072924613953,0.2210886925458908,0.12947724759578705,0.08579717576503754,0.06095978990197182
HaC3LrJiTmQ_000587_ood,ood,anomaly,0.17742595076560974,0.2919270098209381,0.1852220743894577,0.13450677692890167,0.09804793447256088
gXezhrOijmQ_002530_nonood,calib,normal,0.2088494598865509,0.3728845417499542,0.222567617893219,0.14069610834121704,0.09924953430891037
gXezhrOijmQ_002530_ood,ood,anomaly,0.07721717655658722,0.14925707876682281,0.07919815927743912,0.04869494587182999,0.03171851485967636
mrIFkGZbNjc_000455_nonood,calib,normal,0.0736813098192215,0.1363520622253418,0.076033815741539,0.048669710755348206,0.033669669181108475
mrIFkGZbNjc_000455_ood,ood,anomaly,0.11092253774404526,0.17635680735111237,0.11045601218938828,0.0819394588470459,0.07493787258863449
Hd2IzHAfkCI_003611_nonood,calib,normal,0.11402024328708649,0.22778330743312836,0.11745657026767731,0.0677158460021019,0.04312524572014809
Hd2IzHAfkCI_003611_ood,ood,anomaly,0.040003303438425064,0.08126471191644669,0.04047543928027153,0.023190923035144806,0.015082140453159809
Hx8FMhmdOQU_000074_nonood,calib,normal,0.21005666255950928,0.3377635180950165,0.22374354302883148,0.1562797576189041,0.12243980914354324
Hx8FMhmdOQU_000074_ood,ood,anomaly,0.2336125671863556,0.3497423231601715,0.24340063333511353,0.1927262544631958,0.14858105778694153
zRZ9PJguIfE_004415_nonood,calib,normal,0.19207176566123962,0.324351042509079,0.20608338713645935,0.14197230339050293,0.09588033705949783
zRZ9PJguIfE_004415_ood,ood,anomaly,0.2432064563035965,0.3609570264816284,0.24985374510288239,0.19734014570713043,0.16467493772506714
hfwb3mZZ0fs_001134_nonood,calib,normal,0.20843657851219177,0.34900331497192383,0.22383584082126617,0.15010470151901245,0.11080244928598404
hfwb3mZZ0fs_001134_ood,ood,anomaly,0.25195685029029846,0.37858468294143677,0.24098984897136688,0.1732698529958725,0.21498297154903412
J-j5eIHg8I0_001514_nonood,calib,normal,0.22143077850341797,0.3713119328022003,0.23404179513454437,0.1579008400440216,0.12246857583522797
J-j5eIHg8I0_001514_ood,ood,anomaly,0.11635719239711761,0.20074422657489777,0.11928113549947739,0.07766590267419815,0.06773749738931656
xToi8YVZM8o_003151_nonood,calib,normal,0.26002880930900574,0.406372606754303,0.2636789381504059,0.18853764235973358,0.18152600526809692
xToi8YVZM8o_003151_ood,ood,anomaly,0.25812724232673645,0.3883225917816162,0.26000216603279114,0.19955065846443176,0.18463358283042908
JkYzYrJpSoQ_000665_nonood,calib,normal,0.22851088643074036,0.3746465742588043,0.24260319769382477,0.16887003183364868,0.12792369723320007
JkYzYrJpSoQ_000665_ood,ood,anomaly,0.34935855865478516,0.47141584753990173,0.35445499420166016,0.3020358681678772,0.26952749490737915
GkDXwJXjQx0_001355_nonood,calib,normal,0.2837929129600525,0.3829699754714966,0.2644161880016327,0.22035296261310577,0.26743242144584656
GkDXwJXjQx0_001355_ood,ood,anomaly,0.21615582704544067,0.32507991790771484,0.2171059399843216,0.17583005130290985,0.1466073840856552
PfJ2CudpCgE_003409_nonood,calib,normal,0.15981391072273254,0.27243906259536743,0.14925655722618103,0.09981117397546768,0.11774881929159164
PfJ2CudpCgE_003409_ood,ood,anomaly,0.039666272699832916,0.06908350437879562,0.03577786684036255,0.025570163503289223,0.02823355235159397
eN6y6-4C1Rc_000988_nonood,heldout,normal,0.20053821802139282,0.30911651253700256,0.22237136960029602,0.15846343338489532,0.11220155656337738
eN6y6-4C1Rc_000988_ood,ood,anomaly,0.27522045373916626,0.40322718024253845,0.29100772738456726,0.2283584624528885,0.17828845977783203
T89zSiaMNgM_002766_nonood,calib,normal,0.3035379648208618,0.4738343060016632,0.33709046244621277,0.2343796044588089,0.1688474863767624
T89zSiaMNgM_002766_ood,ood,anomaly,0.14820656180381775,0.2785246670246124,0.1539321094751358,0.0966535434126854,0.06371591240167618
vdLn-qswnRo_005566_nonood,calib,normal,0.14649100601673126,0.2617644667625427,0.15420472621917725,0.10063888132572174,0.06935594230890274
vdLn-qswnRo_005566_ood,ood,anomaly,0.11576682329177856,0.2118206024169922,0.11799078434705734,0.07580026239156723,0.0574556402862072
DpQBo4gb6Lw_000074_nonood,calib,normal,0.03533146157860756,0.06480908393859863,0.03422403335571289,0.025702722370624542,0.01659000851213932
DpQBo4gb6Lw_000074_ood,ood,anomaly,0.07019978016614914,0.12488879263401031,0.07346442341804504,0.048909783363342285,0.03353612497448921
Tsl84N96WM8_003867_nonood,heldout,normal,0.2973554730415344,0.44945091009140015,0.32006174325942993,0.23356591165065765,0.18634331226348877
Tsl84N96WM8_003867_ood,ood,anomaly,0.12273012101650238,0.2269323170185089,0.1260940581560135,0.08077353239059448,0.05712055414915085
sdqIDbZJfy0_002204_nonood,heldout,normal,0.030174829065799713,0.06448817253112793,0.029244549572467804,0.01663515344262123,0.010331436060369015
sdqIDbZJfy0_002204_ood,ood,anomaly,0.130833700299263,0.16075359284877777,0.12144841253757477,0.12365823239088058,0.11747455596923828
UbDCiQVuzPY_002951_nonood,calib,normal,0.1679641306400299,0.28631168603897095,0.1719416081905365,0.12321320921182632,0.09039000421762466
UbDCiQVuzPY_002951_ood,ood,anomaly,0.34639161825180054,0.44539377093315125,0.31358015537261963,0.2600308954715729,0.36656156182289124
Hd2IzHAfkCI_001472_nonood,calib,normal,0.056341663002967834,0.11320677399635315,0.05654047057032585,0.03318449854850769,0.02243489772081375
Hd2IzHAfkCI_001472_ood,ood,anomaly,0.07364550232887268,0.14290161430835724,0.07396958023309708,0.04689367488026619,0.030817117542028427
sdqIDbZJfy0_002738_nonood,calib,normal,0.20299869775772095,0.3393813967704773,0.21145951747894287,0.14380277693271637,0.11735109239816666
sdqIDbZJfy0_002738_ood,ood,anomaly,0.4692898392677307,0.5091225504875183,0.42544782161712646,0.4618774950504303,0.4807114005088806
ujVRDgGVzlQ_005062_nonood,calib,normal,0.2559289336204529,0.40461158752441406,0.27958330512046814,0.1991528421640396,0.14036798477172852
ujVRDgGVzlQ_005062_ood,ood,anomaly,0.4477723240852356,0.5551984906196594,0.47661125659942627,0.420297771692276,0.3389817774295807
hdOtS-BpUPY_000303_nonood,calib,normal,0.3796628713607788,0.5150324106216431,0.38884857296943665,0.31036654114723206,0.30440405011177063
hdOtS-BpUPY_000303_ood,ood,anomaly,0.5358715057373047,0.5936866402626038,0.5428573489189148,0.5185245275497437,0.48841747641563416
RPNiqsdt6-w_003937_nonood,calib,normal,0.3703767657279968,0.5305967926979065,0.389939546585083,0.2998191714286804,0.261151522397995
RPNiqsdt6-w_003937_ood,ood,anomaly,0.43758535385131836,0.529984176158905,0.42239487171173096,0.38304463028907776,0.41491779685020447
LfKfK4I5RPE_000073_nonood,calib,normal,0.2378012239933014,0.3654124140739441,0.24198801815509796,0.19270269572734833,0.151101753115654
LfKfK4I5RPE_000073_ood,ood,anomaly,0.6093553304672241,0.6323038935661316,0.5881220698356628,0.5625563263893127,0.6544390916824341
u33fdjUY_Iw_004735_nonood,calib,normal,0.30121147632598877,0.4346264898777008,0.3256551921367645,0.24105225503444672,0.20351192355155945
u33fdjUY_Iw_004735_ood,ood,anomaly,0.4282919764518738,0.5192580223083496,0.42410823702812195,0.34879860281944275,0.42100298404693604
pQdl0apLT70_004600_nonood,heldout,normal,0.3044339418411255,0.4492962062358856,0.33090460300445557,0.24693746864795685,0.1905975043773651
pQdl0apLT70_004600_ood,ood,anomaly,0.3440929055213928,0.4334052503108978,0.3357916474342346,0.3032058775424957,0.3039688169956207
D_pyFV4nKd4_004710_nonood,heldout,normal,0.1926133930683136,0.3425559997558594,0.20634394884109497,0.12896306812763214,0.09259059280157089
D_pyFV4nKd4_004710_ood,ood,anomaly,0.05477257817983627,0.09397594630718231,0.05566171929240227,0.03802516311407089,0.031427476555109024
LfKfK4I5RPE_000632_nonood,calib,normal,0.27570614218711853,0.46237605810165405,0.2991120517253876,0.19950291514396667,0.1418335884809494
LfKfK4I5RPE_000632_ood,ood,anomaly,0.31574028730392456,0.47153440117836,0.3391610383987427,0.25591692328453064,0.19634883105754852
y1vGuUK0db4_003966_nonood,heldout,normal,0.1983998566865921,0.3343867361545563,0.2105431854724884,0.13898922502994537,0.10968028008937836
y1vGuUK0db4_003966_ood,ood,anomaly,0.27727723121643066,0.3951382637023926,0.28848353028297424,0.23220232129096985,0.1932847648859024
bI9JzQSrEGo_001890_nonood,calib,normal,0.19685553014278412,0.3188076615333557,0.21200111508369446,0.14791113138198853,0.10870219767093658
bI9JzQSrEGo_001890_ood,ood,anomaly,0.2525153160095215,0.38279810547828674,0.2699587047100067,0.19433152675628662,0.1629728525876999
ruiSuGHJf6Q_002357_nonood,calib,normal,0.16651594638824463,0.2972116470336914,0.17564311623573303,0.1146664246916771,0.07854259014129639
ruiSuGHJf6Q_002357_ood,ood,anomaly,0.16010500490665436,0.2702038884162903,0.16641518473625183,0.11707907170057297,0.08672187477350235
kjVywUi1WK4_004617_nonood,calib,normal,0.21370799839496613,0.3580414354801178,0.22749000787734985,0.15817458927631378,0.11112594604492188
kjVywUi1WK4_004617_ood,ood,anomaly,0.23645645380020142,0.3873915672302246,0.25190064311027527,0.17620116472244263,0.13033244013786316
xjbbH74SwTg_004246_nonood,heldout,normal,0.3225630521774292,0.47858312726020813,0.3669449985027313,0.2610025703907013,0.18372149765491486
xjbbH74SwTg_004246_ood,ood,anomaly,0.3325132727622986,0.4367879331111908,0.33604732155799866,0.29796722531318665,0.25925058126449585
IQwS7BEjUxM_003470_nonood,calib,normal,0.28924795985221863,0.441177099943161,0.314852237701416,0.2289760857820511,0.171986386179924
IQwS7BEjUxM_003470_ood,ood,anomaly,0.29784929752349854,0.4574351906776428,0.32087427377700806,0.23237702250480652,0.18071076273918152
HbxPs2D_eJw_001347_nonood,calib,normal,0.07720831781625748,0.14148195087909698,0.08189371228218079,0.05180208384990692,0.03365552797913551
HbxPs2D_eJw_001347_ood,ood,anomaly,0.14674624800682068,0.2780763804912567,0.1548716127872467,0.0926300659775734,0.0614069439470768
T7TkJVmGyts_002905_nonood,calib,normal,0.359713077545166,0.4816764295101166,0.3509070575237274,0.2543690502643585,0.35189974308013916
T7TkJVmGyts_002905_ood,ood,anomaly,0.31684818863868713,0.4547535479068756,0.32440656423568726,0.23375923931598663,0.25447335839271545
xVfPBzDnI2Q_005312_nonood,calib,normal,0.13458916544914246,0.21909856796264648,0.14636720716953278,0.10311663150787354,0.06977427005767822
xVfPBzDnI2Q_005312_ood,ood,anomaly,0.24580690264701843,0.33755961060523987,0.23272909224033356,0.18928702175617218,0.22365188598632812
gDjeTHGWX9c_005001_nonood,heldout,normal,0.08939576148986816,0.13179250061511993,0.09589169919490814,0.07407482713460922,0.05582401528954506
gDjeTHGWX9c_005001_ood,ood,anomaly,0.1381285935640335,0.16792231798171997,0.1254362016916275,0.11340776830911636,0.1457480937242508
lKMwX4nA64k_002645_nonood,heldout,normal,0.13794171810150146,0.22603392601013184,0.14643672108650208,0.0994296446442604,0.07986661046743393
lKMwX4nA64k_002645_ood,ood,anomaly,0.08585721254348755,0.1557328701019287,0.08415928483009338,0.05514834448695183,0.048388343304395676
TlBhM9Xbr2o_000962_nonood,calib,normal,0.22565022110939026,0.3545113205909729,0.2510996460914612,0.17599405348300934,0.12099589407444
TlBhM9Xbr2o_000962_ood,ood,anomaly,0.32991036772727966,0.4332209825515747,0.3351951837539673,0.2735128104686737,0.27771249413490295
LfKfK4I5RPE_000522_nonood,calib,normal,0.04937346652150154,0.10248728841543198,0.04814888536930084,0.02875467762351036,0.018103018403053284
LfKfK4I5RPE_000522_ood,ood,anomaly,0.17273065447807312,0.2770887613296509,0.17194132506847382,0.13132455945014954,0.11056792736053467
e3hXj7S3QyA_001748_nonood,calib,normal,0.24739104509353638,0.38994482159614563,0.27261680364608765,0.19334879517555237,0.13365373015403748
e3hXj7S3QyA_001748_ood,ood,anomaly,0.546236515045166,0.5370047688484192,0.4347604811191559,0.48875343799591064,0.724427342414856
ieP36TLihGM_004797_nonood,calib,normal,0.2398940622806549,0.4060647785663605,0.2599853575229645,0.17709343135356903,0.11643271893262863
ieP36TLihGM_004797_ood,ood,anomaly,0.12906551361083984,0.2215268462896347,0.13447798788547516,0.09421610832214355,0.06604111939668655
RASKiMoxhOE_000622_nonood,calib,normal,0.06261519342660904,0.12843312323093414,0.06145910546183586,0.03695117309689522,0.023617364466190338
RASKiMoxhOE_000622_ood,ood,anomaly,0.06400968134403229,0.11964649707078934,0.06742312759160995,0.04147437587380409,0.027494724839925766
88LcRU7uEFE_001913_nonood,calib,normal,0.1608029007911682,0.28902992606163025,0.17157699167728424,0.10843764245510101,0.07416701316833496
88LcRU7uEFE_001913_ood,ood,anomaly,0.34901803731918335,0.457263320684433,0.3524031341075897,0.30610451102256775,0.28030115365982056
dZG1VKsgs60_000213_nonood,calib,normal,0.14756467938423157,0.2689026892185211,0.15386554598808289,0.09900428354740143,0.06848621368408203
dZG1VKsgs60_000213_ood,ood,anomaly,0.3340943157672882,0.41442546248435974,0.3262690305709839,0.315616250038147,0.28006646037101746
PfJ2CudpCgE_005947_nonood,calib,normal,0.16557535529136658,0.2811007797718048,0.1761493682861328,0.12019697576761246,0.08485430479049683
PfJ2CudpCgE_005947_ood,ood,anomaly,0.1788656860589981,0.2872982621192932,0.18042956292629242,0.11737685650587082,0.13035805523395538
xpOyD-qrQUw_002464_nonood,calib,normal,0.15453124046325684,0.21627818048000336,0.15846651792526245,0.13820114731788635,0.10517913848161697
xpOyD-qrQUw_002464_ood,ood,anomaly,0.3484267592430115,0.4553888142108917,0.3545388877391815,0.29837462306022644,0.2854047417640686
y4Evv5By6sg_001148_nonood,calib,normal,0.3421046733856201,0.5001624226570129,0.37545982003211975,0.2736831307411194,0.2191133201122284
y4Evv5By6sg_001148_ood,ood,anomaly,0.2781676650047302,0.41148641705513,0.2943086624145508,0.22615946829319,0.18071620166301727
PfJ2CudpCgE_000181_nonood,calib,normal,0.24520710110664368,0.40179723501205444,0.2582652270793915,0.18026407063007355,0.1405019313097
PfJ2CudpCgE_000181_ood,ood,anomaly,0.2698880434036255,0.4087716341018677,0.27385213971138,0.22158494591712952,0.17534340918064117
Izf9l3VWQuo_001250_nonood,heldout,normal,0.20449990034103394,0.3455222547054291,0.22042815387248993,0.14244885742664337,0.10960037261247635
Izf9l3VWQuo_001250_ood,ood,anomaly,0.3859720528125763,0.5440235137939453,0.4070044159889221,0.3245335817337036,0.26832669973373413
t_bCDlNOhJc_005521_nonood,calib,normal,0.021534236147999763,0.04818800836801529,0.020392492413520813,0.010734637267887592,0.006821806542575359
t_bCDlNOhJc_005521_ood,ood,anomaly,0.040837377309799194,0.0818125456571579,0.03992430865764618,0.025531092658638954,0.01608155481517315
vdLn-qswnRo_000468_nonood,calib,normal,0.19723200798034668,0.3417404592037201,0.21240538358688354,0.13977816700935364,0.09500407427549362
vdLn-qswnRo_000468_ood,ood,anomaly,0.21017739176750183,0.33349907398223877,0.21694019436836243,0.16271093487739563,0.12755939364433289
fWJbp43k644_004034_nonood,calib,normal,0.22878417372703552,0.38073596358299255,0.24151118099689484,0.17197707295417786,0.12091249972581863
fWJbp43k644_004034_ood,ood,anomaly,0.08446629345417023,0.14672839641571045,0.08790536969900131,0.06071703881025314,0.04251435771584511
Pbw0A-RCjcw_000326_nonood,calib,normal,0.4277115762233734,0.5593698620796204,0.45028358697891235,0.37113261222839355,0.3300602436065674
Pbw0A-RCjcw_000326_ood,ood,anomaly,0.07777351140975952,0.15860040485858917,0.0775454044342041,0.04583483561873436,0.029113391414284706
4wKjxDXnmYs_001994_nonood,calib,normal,0.21908417344093323,0.3070179224014282,0.22484149038791656,0.18849141895771027,0.15598589181900024
4wKjxDXnmYs_001994_ood,ood,anomaly,0.24252444505691528,0.3113493025302887,0.23763468861579895,0.21961066126823425,0.20150312781333923
fHUJcUaW2mE_002702_nonood,calib,normal,0.16712608933448792,0.30316734313964844,0.1742420792579651,0.10960519313812256,0.08148975670337677
fHUJcUaW2mE_002702_ood,ood,anomaly,0.18382135033607483,0.23533374071121216,0.1755787879228592,0.16214731335639954,0.16222558915615082
sdqIDbZJfy0_002086_nonood,calib,normal,0.40244990587234497,0.570846676826477,0.4448765218257904,0.33886048197746277,0.25521597266197205
sdqIDbZJfy0_002086_ood,ood,anomaly,0.4137812554836273,0.5673626065254211,0.4368042051792145,0.34033721685409546,0.3106209933757782
Tsl84N96WM8_003386_nonood,calib,normal,0.14545181393623352,0.26143157482147217,0.15105725824832916,0.0985284373164177,0.07078996300697327
Tsl84N96WM8_003386_ood,ood,anomaly,0.12046097218990326,0.21995040774345398,0.12119975686073303,0.07882042974233627,0.06187330558896065
DSBGS6aRzgc_002550_nonood,calib,normal,0.3476678431034088,0.48504459857940674,0.3408997058868408,0.26666805148124695,0.29805904626846313
DSBGS6aRzgc_002550_ood,ood,anomaly,0.29382339119911194,0.4514743983745575,0.30157503485679626,0.21883104741573334,0.20341308414936066
oZaUkhs_H-s_004703_nonood,calib,normal,0.2427709400653839,0.3878994584083557,0.26307377219200134,0.18313871324062347,0.1369718462228775
oZaUkhs_H-s_004703_ood,ood,anomaly,0.20249585807323456,0.35611864924430847,0.21700641512870789,0.14030906558036804,0.09654930979013443
DSBGS6aRzgc_001418_nonood,calib,normal,0.30907973647117615,0.44954702258110046,0.3500424921512604,0.25971242785453796,0.1770169734954834
DSBGS6aRzgc_001418_ood,ood,anomaly,0.3488684296607971,0.4972645342350006,0.38525062799453735,0.2959548532962799,0.217003732919693
T89zSiaMNgM_005313_nonood,calib,normal,0.1396993100643158,0.2231992930173874,0.1458979696035385,0.10877203941345215,0.08092790842056274
T89zSiaMNgM_005313_ood,ood,anomaly,0.20970362424850464,0.2979685962200165,0.21191158890724182,0.16941633820533752,0.15951797366142273
ZIts2XH28SA_000441_nonood,calib,normal,0.23648601770401,0.4055976867675781,0.2594201862812042,0.16642460227012634,0.11450164765119553
ZIts2XH28SA_000441_ood,ood,anomaly,0.24112576246261597,0.36839404702186584,0.2503378093242645,0.18441593647003174,0.16135528683662415
ha-IeID24As_005296_nonood,calib,normal,0.4802798628807068,0.6642132997512817,0.5251066088676453,0.4187595546245575,0.31303998827934265
ha-IeID24As_005296_ood,ood,anomaly,0.2829205393791199,0.4476433992385864,0.30260372161865234,0.21177752315998077,0.16965751349925995
UOjQsfDXjO0_002597_nonood,calib,normal,0.18250605463981628,0.3012962341308594,0.1826658993959427,0.13453562557697296,0.1115265041589737
UOjQsfDXjO0_002597_ood,ood,anomaly,0.1814194768667221,0.30702659487724304,0.19455809891223907,0.12955746054649353,0.0945357233285904
uO2zGO5ydBc_004454_nonood,calib,normal,0.21993878483772278,0.3480023443698883,0.22666341066360474,0.1708856076002121,0.1342037171125412
uO2zGO5ydBc_004454_ood,ood,anomaly,0.264151930809021,0.4146957993507385,0.2751569151878357,0.2002348154783249,0.16652020812034607
ujVRDgGVzlQ_002470_nonood,calib,normal,0.18331632018089294,0.3331490457057953,0.19100478291511536,0.12221043556928635,0.086900994181633
ujVRDgGVzlQ_002470_ood,ood,anomaly,0.30376166105270386,0.41322585940361023,0.2907848060131073,0.23589035868644714,0.27514562010765076
YBEYOS3A3Ic_001727_nonood,calib,normal,0.17908115684986115,0.32796016335487366,0.19197796285152435,0.11828206479549408,0.07810444384813309
YBEYOS3A3Ic_001727_ood,ood,anomaly,0.38015294075012207,0.4460722506046295,0.30839088559150696,0.2622818350791931,0.5038667917251587
y4Evv5By6sg_000878_nonood,calib,normal,0.03659228980541229,0.05824076011776924,0.033939529210329056,0.030422111973166466,0.02376675233244896
y4Evv5By6sg_000878_ood,ood,anomaly,0.06430740654468536,0.10594312101602554,0.06557194143533707,0.043446555733680725,0.04226802662014961
fdvMUP8qvzw_004293_nonood,calib,normal,0.21804651618003845,0.33483177423477173,0.24115678668022156,0.16949132084846497,0.12670622766017914
fdvMUP8qvzw_004293_ood,ood,anomaly,0.20498567819595337,0.3308177590370178,0.20626200735569,0.15046781301498413,0.1323951631784439
Vtpe3HAIEm4_000631_nonood,heldout,normal,0.15398545563220978,0.28115028142929077,0.16216805577278137,0.10268012434244156,0.06994334608316422
Vtpe3HAIEm4_000631_ood,ood,anomaly,0.26924699544906616,0.3762108087539673,0.25938475131988525,0.20502616465091705,0.23636624217033386
hdOtS-BpUPY_002777_nonood,heldout,normal,0.2621398866176605,0.4398459792137146,0.283104807138443,0.19454997777938843,0.13105875253677368
hdOtS-BpUPY_002777_ood,ood,anomaly,0.2001829445362091,0.3027149736881256,0.21281738579273224,0.15418192744255066,0.13101747632026672
PEwiwzyTjX0_003882_nonood,heldout,normal,0.2234182059764862,0.3774985671043396,0.23560912907123566,0.168267622590065,0.11229753494262695
PEwiwzyTjX0_003882_ood,ood,anomaly,0.21390977501869202,0.3011460304260254,0.19378593564033508,0.15489321947097778,0.2058139443397522
HzVbo46kkBA_004225_nonood,calib,normal,0.16639553010463715,0.25522342324256897,0.18156881630420685,0.1335497349500656,0.09524012356996536
HzVbo46kkBA_004225_ood,ood,anomaly,0.19904035329818726,0.312874436378479,0.21846544742584229,0.15791350603103638,0.10690805315971375
fWJbp43k644_000749_nonood,heldout,normal,0.15572310984134674,0.26586776971817017,0.17155998945236206,0.11230497807264328,0.07315970957279205
fWJbp43k644_000749_ood,ood,anomaly,0.40399786829948425,0.4888652265071869,0.39042678475379944,0.3307015299797058,0.4059979021549225
ecRog9N1Qf0_002116_nonood,calib,normal,0.2812808156013489,0.4493497312068939,0.30852460861206055,0.21416036784648895,0.15308859944343567
ecRog9N1Qf0_002116_ood,ood,anomaly,0.33583223819732666,0.5040419697761536,0.35846617817878723,0.2628702223300934,0.21795052289962769
f482qwPz7ns_001405_nonood,calib,normal,0.2568814754486084,0.39268308877944946,0.27076196670532227,0.18786752223968506,0.1762133687734604
f482qwPz7ns_001405_ood,ood,anomaly,0.3888767957687378,0.5084563493728638,0.40725356340408325,0.3293638229370117,0.31043344736099243
Sihe6aeyLHg_005275_nonood,heldout,normal,0.24548748135566711,0.4006127417087555,0.27011939883232117,0.18170788884162903,0.12950992584228516
Sihe6aeyLHg_005275_ood,ood,anomaly,0.2439061850309372,0.40090715885162354,0.2565525770187378,0.1781311184167862,0.14003390073776245
sUbP4j8rAic_003555_nonood,heldout,normal,0.11129820346832275,0.2199777364730835,0.11418994516134262,0.06791374832391739,0.04311138391494751
sUbP4j8rAic_003555_ood,ood,anomaly,0.14217345416545868,0.2584869861602783,0.15192687511444092,0.09630530327558517,0.061974670737981796
3sGShQb_HwU_005692_nonood,heldout,normal,0.0809871107339859,0.107066310942173,0.07508909702301025,0.06688671559095383,0.07490631192922592
3sGShQb_HwU_005692_ood,ood,anomaly,0.1798495054244995,0.2517111599445343,0.16957218945026398,0.15019913017749786,0.1479155570268631
6E2N9ld0eHg_000390_nonood,calib,normal,0.04075874015688896,0.07599303126335144,0.04154254123568535,0.02810339815914631,0.0173959881067276
6E2N9ld0eHg_000390_ood,ood,anomaly,0.11361529678106308,0.17554080486297607,0.12337459623813629,0.0917835533618927,0.06376224011182785
PqbpIHZvjMA_001138_nonood,calib,normal,0.23180679976940155,0.3641680181026459,0.24467672407627106,0.17805439233779907,0.1403280645608902
PqbpIHZvjMA_001138_ood,ood,anomaly,0.16379660367965698,0.24884600937366486,0.16220714151859283,0.1261959671974182,0.11793731153011322
GdyJqgxlSxs_003144_nonood,calib,normal,0.22606539726257324,0.35734596848487854,0.22580285370349884,0.16061772406101227,0.16049504280090332
GdyJqgxlSxs_003144_ood,ood,anomaly,0.4346995949745178,0.5124267935752869,0.40604329109191895,0.3458172678947449,0.474511057138443
ieP36TLihGM_004344_nonood,calib,normal,0.16322052478790283,0.2777126133441925,0.1736345887184143,0.11975312232971191,0.08178175240755081
ieP36TLihGM_004344_ood,ood,anomaly,0.2812221348285675,0.42548826336860657,0.29344940185546875,0.2202042192220688,0.1857466697692871
kEcbnTbgi4A_001465_nonood,heldout,normal,0.4460395276546478,0.5868024826049805,0.4869932234287262,0.3969178795814514,0.3134445250034332
kEcbnTbgi4A_001465_ood,ood,anomaly,0.4287204146385193,0.5483095049858093,0.4319857656955719,0.37453562021255493,0.36005067825317383
y4Evv5By6sg_000538_nonood,calib,normal,0.07109667360782623,0.13931390643119812,0.07307825237512589,0.04398001730442047,0.028014536947011948
y4Evv5By6sg_000538_ood,ood,anomaly,0.1054622083902359,0.1775251030921936,0.10601764172315598,0.08034036308526993,0.057965703308582306
Zpo0kwg1XEQ_000321_nonood,calib,normal,0.1658518761396408,0.29173052310943604,0.1749533861875534,0.11501950770616531,0.08170405775308609
Zpo0kwg1XEQ_000321_ood,ood,anomaly,0.20705588161945343,0.33212795853614807,0.21225333213806152,0.1594291776418686,0.12441309541463852
y1vGuUK0db4_002569_nonood,heldout,normal,0.19304654002189636,0.3312414884567261,0.21070915460586548,0.1382797509431839,0.09195579588413239
y1vGuUK0db4_002569_ood,ood,anomaly,0.26223939657211304,0.4220729470252991,0.27226367592811584,0.19923193752765656,0.15538907051086426
J-j5eIHg8I0_004779_nonood,calib,normal,0.28886884450912476,0.4051043391227722,0.29040512442588806,0.22719089686870575,0.23277497291564941
J-j5eIHg8I0_004779_ood,ood,anomaly,0.27434012293815613,0.4031188189983368,0.28401169180870056,0.2107546627521515,0.19947531819343567
sUbP4j8rAic_005313_nonood,calib,normal,0.22256878018379211,0.3752075433731079,0.23238897323608398,0.15782655775547028,0.12485203891992569
sUbP4j8rAic_005313_ood,ood,anomaly,0.19598276913166046,0.33051615953445435,0.19292013347148895,0.13984593749046326,0.1206488385796547
fHUJcUaW2mE_000181_nonood,heldout,normal,0.3276522159576416,0.49636492133140564,0.37119707465171814,0.2622005045413971,0.18084634840488434
fHUJcUaW2mE_000181_ood,ood,anomaly,0.39697229862213135,0.5359950065612793,0.41690441966056824,0.3393643796443939,0.2956252992153168
t_bCDlNOhJc_001742_nonood,calib,normal,0.20194432139396667,0.34085777401924133,0.2084950953722,0.14281685650348663,0.11560753732919693
t_bCDlNOhJc_001742_ood,ood,anomaly,0.4300975799560547,0.568871021270752,0.44656309485435486,0.37150558829307556,0.33345064520835876
5vKPYV5w6pw_000773_nonood,heldout,normal,0.26307037472724915,0.4143339693546295,0.2888299822807312,0.20449887216091156,0.14461863040924072
5vKPYV5w6pw_000773_ood,ood,anomaly,0.22342883050441742,0.34339800477027893,0.20199815928936005,0.13590432703495026,0.21241484582424164
8dI7OolIEXY_002454_nonood,calib,normal,0.14745038747787476,0.2615314722061157,0.1552637815475464,0.1052718237042427,0.06773447245359421
8dI7OolIEXY_002454_ood,ood,anomaly,0.4386952221393585,0.5107536315917969,0.42749056220054626,0.3858643174171448,0.43067237734794617
nvVk7L3GrJQ_000778_nonood,heldout,normal,0.19501957297325134,0.3340684175491333,0.21086984872817993,0.14296822249889374,0.09217183291912079
nvVk7L3GrJQ_000778_ood,ood,anomaly,0.16284556686878204,0.2793160080909729,0.17053766548633575,0.12003672122955322,0.0814918801188469
HzVbo46kkBA_004124_nonood,calib,normal,0.1431589424610138,0.23567958176136017,0.12342025339603424,0.07930954545736313,0.13422642648220062
HzVbo46kkBA_004124_ood,ood,anomaly,0.046809494495391846,0.08686331659555435,0.046761468052864075,0.03252049908041954,0.02109268680214882
0qfbmt4G8Rw_000435_nonood,calib,normal,0.16555257141590118,0.29637035727500916,0.17991644144058228,0.11170778423547745,0.07421571761369705
0qfbmt4G8Rw_000435_ood,ood,anomaly,0.5181787610054016,0.590522050857544,0.507824718952179,0.48204243183135986,0.49232590198516846
TNZv-NBcV5U_003333_nonood,calib,normal,0.19102555513381958,0.2973574995994568,0.19912348687648773,0.14616593718528748,0.12145527452230453
TNZv-NBcV5U_003333_ood,ood,anomaly,0.21352079510688782,0.32949569821357727,0.21112658083438873,0.15808574855327606,0.15537510812282562
gZbGLa253Ak_004574_nonood,calib,normal,0.23507879674434662,0.37907782196998596,0.2567994296550751,0.18047982454299927,0.12395811080932617
gZbGLa253Ak_004574_ood,ood,anomaly,0.20883601903915405,0.3449370563030243,0.2243850976228714,0.15263596177101135,0.11338596791028976
Y4rb2_HaBdQ_002036_nonood,calib,normal,0.04862500727176666,0.09624166041612625,0.05132576450705528,0.028906643390655518,0.0180259607732296
Y4rb2_HaBdQ_002036_ood,ood,anomaly,0.04688325524330139,0.08783949911594391,0.04701288416981697,0.030660325661301613,0.022020310163497925
K1r3m5OrmB4_002474_nonood,heldout,normal,0.31466296315193176,0.4454886019229889,0.34734010696411133,0.2583674490451813,0.20745573937892914
K1r3m5OrmB4_002474_ood,ood,anomaly,0.36598682403564453,0.47468101978302,0.3585112988948822,0.29289066791534424,0.3378642797470093
p-fBcE77G4c_002340_nonood,calib,normal,0.1208004355430603,0.23047052323818207,0.1271943598985672,0.07668863981962204,0.048848237842321396
p-fBcE77G4c_002340_ood,ood,anomaly,0.04167193919420242,0.0864965096116066,0.04005252942442894,0.02431212179362774,0.015826605260372162
kVhgFPPG-wo_004185_nonood,calib,normal,0.2782490849494934,0.43413543701171875,0.3087804913520813,0.21813419461250305,0.15194617211818695
kVhgFPPG-wo_004185_ood,ood,anomaly,0.2734154760837555,0.41435977816581726,0.28687217831611633,0.21461664140224457,0.17781327664852142
ZIts2XH28SA_000171_nonood,calib,normal,0.19572874903678894,0.337666779756546,0.20524762570858002,0.13651758432388306,0.10348305851221085
ZIts2XH28SA_000171_ood,ood,anomaly,0.24040792882442474,0.37302881479263306,0.23081642389297485,0.16532577574253082,0.19246070086956024
a_VxrUq9PmA_005362_nonood,calib,normal,0.18600477278232574,0.3213885724544525,0.190501406788826,0.13060815632343292,0.10152093321084976
a_VxrUq9PmA_005362_ood,ood,anomaly,0.18466156721115112,0.3160282373428345,0.1884184628725052,0.13389131426811218,0.10030827671289444
mrIFkGZbNjc_002430_nonood,calib,normal,0.15145641565322876,0.27278757095336914,0.16039007902145386,0.10210156440734863,0.07054641842842102
mrIFkGZbNjc_002430_ood,ood,anomaly,0.10030344873666763,0.1822350025177002,0.10629310458898544,0.06545945256948471,0.047226231545209885
4wKjxDXnmYs_001752_nonood,heldout,normal,0.2889982759952545,0.44110697507858276,0.31330740451812744,0.22599631547927856,0.1755824238061905
4wKjxDXnmYs_001752_ood,ood,anomaly,0.13668745756149292,0.25750288367271423,0.14019343256950378,0.08403994143009186,0.06501355767250061
f482qwPz7ns_005169_nonood,calib,normal,0.026357050985097885,0.057350028306245804,0.0251417625695467,0.013911060057580471,0.009025350213050842
f482qwPz7ns_005169_ood,ood,anomaly,0.4015660583972931,0.49189820885658264,0.43389639258384705,0.36630716919898987,0.3141624331474304
xpOyD-qrQUw_004004_nonood,calib,normal,0.30765998363494873,0.44815805554389954,0.33932921290397644,0.26292192935943604,0.18023081123828888
xpOyD-qrQUw_004004_ood,ood,anomaly,0.19741913676261902,0.3065643310546875,0.19529075920581818,0.139658585190773,0.1481628715991974
t4Cvbdtebk0_003004_nonood,calib,normal,0.2679134011268616,0.42004406452178955,0.2947055399417877,0.20592030882835388,0.15098364651203156
t4Cvbdtebk0_003004_ood,ood,anomaly,0.44523775577545166,0.6128916144371033,0.4637995958328247,0.35680291056632996,0.34745702147483826
Hd2IzHAfkCI_002351_nonood,calib,normal,0.1682485044002533,0.29814422130584717,0.17521971464157104,0.11964599043130875,0.07998406141996384
Hd2IzHAfkCI_002351_ood,ood,anomaly,0.24407711625099182,0.3796239495277405,0.25550562143325806,0.18702220916748047,0.1541566550731659
jBbKXYgwpX0_001546_nonood,heldout,normal,0.16465912759304047,0.29480352997779846,0.17271862924098969,0.11484531313180923,0.07626904547214508
jBbKXYgwpX0_001546_ood,ood,anomaly,0.21219098567962646,0.33792027831077576,0.21801814436912537,0.15751682221889496,0.13530869781970978
D_pyFV4nKd4_003233_nonood,calib,normal,0.24419674277305603,0.3945915400981903,0.2627050578594208,0.1813458651304245,0.13814452290534973
D_pyFV4nKd4_003233_ood,ood,anomaly,0.26595360040664673,0.40504229068756104,0.28166940808296204,0.2041657716035843,0.17293694615364075
Hkui6PJboFg_005752_nonood,heldout,normal,0.12788324058055878,0.2196405977010727,0.12372273951768875,0.09066314995288849,0.07750646770000458
Hkui6PJboFg_005752_ood,ood,anomaly,0.13745754957199097,0.22070176899433136,0.12979474663734436,0.09631440788507462,0.10301928222179413
eN6y6-4C1Rc_006167_nonood,calib,normal,0.27502065896987915,0.3953210115432739,0.29873234033584595,0.22809195518493652,0.17793740332126617
eN6y6-4C1Rc_006167_ood,ood,anomaly,0.2461925446987152,0.3935014009475708,0.2558814287185669,0.19038556516170502,0.14500178396701813
JmwUVoOrgk8_000467_nonood,calib,normal,0.25537028908729553,0.4236389398574829,0.2687625586986542,0.18035702407360077,0.14872261881828308
JmwUVoOrgk8_000467_ood,ood,anomaly,0.18697065114974976,0.2613593637943268,0.17948828637599945,0.15670114755630493,0.15033383667469025
2SAby_5t94M_001932_nonood,heldout,normal,0.1886361539363861,0.29735273122787476,0.21180707216262817,0.1432133913040161,0.1021713837981224
2SAby_5t94M_001932_ood,ood,anomaly,0.2538232207298279,0.35647889971733093,0.2715286314487457,0.2110409140586853,0.17624440789222717
eN6y6-4C1Rc_001843_nonood,calib,normal,0.21475261449813843,0.3475593328475952,0.23502953350543976,0.16192476451396942,0.11449684202671051
eN6y6-4C1Rc_001843_ood,ood,anomaly,0.23631472885608673,0.3491040766239166,0.23780637979507446,0.18506748974323273,0.17328092455863953
kjVywUi1WK4_003940_nonood,heldout,normal,0.03368135169148445,0.04889949783682823,0.03251945972442627,0.02631964161992073,0.026986805722117424
kjVywUi1WK4_003940_ood,ood,anomaly,0.08185525238513947,0.1597469598054886,0.08373043686151505,0.05005815252661705,0.03388546034693718
bhA2ckvE-TQ_004628_nonood,heldout,normal,0.2522129416465759,0.41807815432548523,0.2619594633579254,0.18289388716220856,0.14592018723487854
bhA2ckvE-TQ_004628_ood,ood,anomaly,0.37368500232696533,0.43277043104171753,0.3536441922187805,0.34142765402793884,0.3668977916240692
ezY7QrSWeWw_000837_nonood,heldout,normal,0.1724727302789688,0.31279686093330383,0.18432874977588654,0.11710483580827713,0.07566046714782715
ezY7QrSWeWw_000837_ood,ood,anomaly,0.09042015671730042,0.16568125784397125,0.09322493523359299,0.05889052897691727,0.04388390854001045
K1r3m5OrmB4_005116_nonood,calib,normal,0.2755858302116394,0.4195147752761841,0.30599111318588257,0.220770925283432,0.15606652200222015
K1r3m5OrmB4_005116_ood,ood,anomaly,0.37204498052597046,0.4608656167984009,0.36279842257499695,0.2977200448513031,0.3667958676815033
a_VxrUq9PmA_002894_nonood,calib,normal,0.25094372034072876,0.40536704659461975,0.2707163393497467,0.1918342411518097,0.1358572244644165
a_VxrUq9PmA_002894_ood,ood,anomaly,0.26158997416496277,0.4066798985004425,0.2751190960407257,0.20616409182548523,0.15839679539203644
ha-IeID24As_004213_nonood,calib,normal,0.23010212182998657,0.384364515542984,0.25185680389404297,0.16753125190734863,0.11665596067905426
ha-IeID24As_004213_ood,ood,anomaly,0.2855446934700012,0.4247024357318878,0.2940370738506317,0.22522088885307312,0.19821834564208984
ZIts2XH28SA_002402_nonood,calib,normal,0.21254074573516846,0.3451730012893677,0.2249305546283722,0.16063526272773743,0.11942418664693832
ZIts2XH28SA_002402_ood,ood,anomaly,0.14652971923351288,0.25620901584625244,0.14736638963222504,0.0984494611620903,0.08409400284290314
RPNiqsdt6-w_003547_nonood,calib,normal,0.14487048983573914,0.2740028202533722,0.1481260508298874,0.08872280269861221,0.06863033771514893
RPNiqsdt6-w_003547_ood,ood,anomaly,0.14628706872463226,0.2685913145542145,0.15169262886047363,0.09495804458856583,0.06990630179643631
r6_ZhT7rmhM_002652_nonood,calib,normal,0.041526369750499725,0.0647798553109169,0.03862040117383003,0.02979988604784012,0.03290533274412155
r6_ZhT7rmhM_002652_ood,ood,anomaly,0.02237045392394066,0.04449968412518501,0.02205042354762554,0.013975328765809536,0.00895637646317482
nHvTqyRntbY_003086_nonood,calib,normal,0.33426809310913086,0.5320465564727783,0.37293827533721924,0.256365567445755,0.17572195827960968
nHvTqyRntbY_003086_ood,ood,anomaly,0.28932783007621765,0.4143337309360504,0.2655792534351349,0.2189386636018753,0.2584596872329712
HzVbo46kkBA_003834_nonood,calib,normal,0.21995677053928375,0.37122082710266113,0.23147089779376984,0.1488824188709259,0.12825296819210052
HzVbo46kkBA_003834_ood,ood,anomaly,0.4377307593822479,0.49832385778427124,0.3679279685020447,0.37642574310302734,0.5082454681396484
8dI7OolIEXY_002376_nonood,calib,normal,0.26444506645202637,0.40164586901664734,0.2789265811443329,0.20860545337200165,0.1686023622751236
8dI7OolIEXY_002376_ood,ood,anomaly,0.26671257615089417,0.3823433816432953,0.2719229757785797,0.20858143270015717,0.20400254428386688
xToi8YVZM8o_000951_nonood,heldout,normal,0.2612495422363281,0.41780614852905273,0.2755291163921356,0.19681662321090698,0.15484631061553955
xToi8YVZM8o_000951_ood,ood,anomaly,0.6109634637832642,0.6602485775947571,0.5911100506782532,0.5892764329910278,0.6032188534736633
nADqn-DZ-Dc_000075_nonood,calib,normal,0.351769357919693,0.5055942535400391,0.39105573296546936,0.290828138589859,0.21959932148456573
nADqn-DZ-Dc_000075_ood,ood,anomaly,0.6384621262550354,0.6895331740379333,0.6378889083862305,0.6134094595909119,0.6130169034004211
4K_6s1n6BpU_002324_nonood,calib,normal,0.25817859172821045,0.41009002923965454,0.2864826023578644,0.20036397874355316,0.1357778012752533
4K_6s1n6BpU_002324_ood,ood,anomaly,0.3887823224067688,0.4908396005630493,0.40416407585144043,0.36512136459350586,0.2950042188167572
GJr8wKk8-YA_000851_nonood,calib,normal,0.2801573872566223,0.4209384322166443,0.3074941635131836,0.22891923785209656,0.16327765583992004
GJr8wKk8-YA_000851_ood,ood,anomaly,0.2914208173751831,0.4132656753063202,0.2914005517959595,0.23269960284233093,0.2283174693584442
Tsl84N96WM8_000961_nonood,heldout,normal,0.3014236092567444,0.42795196175575256,0.3217014968395233,0.25557616353034973,0.20046478509902954
Tsl84N96WM8_000961_ood,ood,anomaly,0.5311888456344604,0.6264584064483643,0.5758455991744995,0.5080598592758179,0.4143914580345154
fb5i7JlmJdg_001324_nonood,calib,normal,0.2352563738822937,0.4118156135082245,0.25599026679992676,0.16460956633090973,0.10861003398895264
fb5i7JlmJdg_001324_ood,ood,anomaly,0.238252654671669,0.3759377896785736,0.23760400712490082,0.16478078067302704,0.17468804121017456
HeK6zbf8I9Y_005063_nonood,calib,normal,0.16793645918369293,0.2848948836326599,0.15693068504333496,0.10474453866481781,0.12517571449279785
HeK6zbf8I9Y_005063_ood,ood,anomaly,0.08508527278900146,0.13084763288497925,0.08121751993894577,0.057291701436042786,0.07098422199487686
yr0gNIxRluE_001361_nonood,calib,normal,0.0820174440741539,0.13582146167755127,0.08576087653636932,0.061884451657533646,0.044602978974580765
yr0gNIxRluE_001361_ood,ood,anomaly,0.05064191296696663,0.09341319650411606,0.052685704082250595,0.03325491026043892,0.023213842883706093
OPj7lUQOre8_000075_nonood,calib,normal,0.07582703232765198,0.1414128690958023,0.07714908570051193,0.04972771927714348,0.035018473863601685
OPj7lUQOre8_000075_ood,ood,anomaly,0.05528741329908371,0.10917263478040695,0.055677320808172226,0.033886756747961044,0.022412944585084915
Hd2IzHAfkCI_004321_nonood,calib,normal,0.2370382845401764,0.3987637758255005,0.24811679124832153,0.1642955094575882,0.13697703182697296
Hd2IzHAfkCI_004321_ood,ood,anomaly,0.4159395098686218,0.4532703757286072,0.34135347604751587,0.30189990997314453,0.567234218120575
QeuzUfHIWYU_005648_nonood,calib,normal,0.20290744304656982,0.3658083379268646,0.21204236149787903,0.13733333349227905,0.09644575417041779
QeuzUfHIWYU_005648_ood,ood,anomaly,0.1774768978357315,0.2945862412452698,0.16769224405288696,0.110634446144104,0.1369946449995041
3tEZvtQZ18Q_004890_nonood,calib,normal,0.31682246923446655,0.5015247464179993,0.3458986282348633,0.24682408571243286,0.17304246127605438
3tEZvtQZ18Q_004890_ood,ood,anomaly,0.641436755657196,0.6895859241485596,0.6298490166664124,0.6486347317695618,0.59767746925354
xjbbH74SwTg_005163_nonood,calib,normal,0.18556800484657288,0.29975295066833496,0.18052458763122559,0.13060906529426575,0.13138538599014282
xjbbH74SwTg_005163_ood,ood,anomaly,0.10512243211269379,0.17353232204914093,0.10753405094146729,0.08248934894800186,0.05693403258919716
cfrLchAShxQ_001515_nonood,calib,normal,0.10761267691850662,0.19274087250232697,0.1141045093536377,0.07407347112894058,0.04953186213970184
cfrLchAShxQ_001515_ood,ood,anomaly,0.14928311109542847,0.25940877199172974,0.14630042016506195,0.09698457270860672,0.09443870186805725
OPj7lUQOre8_004116_nonood,calib,normal,0.05240423232316971,0.10674642026424408,0.052438993006944656,0.031089898198843002,0.019341617822647095
OPj7lUQOre8_004116_ood,ood,anomaly,0.30664291977882385,0.41410842537879944,0.28890788555145264,0.26297834515571594,0.2605770528316498
3Sqeb-l1RPA_005123_nonood,calib,normal,0.19180476665496826,0.32482779026031494,0.20354121923446655,0.13893041014671326,0.09991960972547531
3Sqeb-l1RPA_005123_ood,ood,anomaly,0.23241430521011353,0.3550063371658325,0.23231029510498047,0.18096768856048584,0.16137291491031647
2TmFM9p1KF8_005473_nonood,calib,normal,0.3057935833930969,0.4673892557621002,0.325939804315567,0.23283010721206665,0.19701524078845978
2TmFM9p1KF8_005473_ood,ood,anomaly,0.2502644658088684,0.36484476923942566,0.23862245678901672,0.1859799176454544,0.21161076426506042
eN6y6-4C1Rc_002023_nonood,heldout,normal,0.19695931673049927,0.35215848684310913,0.2091725915670395,0.13470803201198578,0.09179811179637909
eN6y6-4C1Rc_002023_ood,ood,anomaly,0.24628904461860657,0.38221409916877747,0.24580055475234985,0.18201254308223724,0.1751289814710617
p8q77QzOdUs_000652_nonood,calib,normal,0.2169743776321411,0.35475996136665344,0.22258134186267853,0.15655595064163208,0.13400022685527802
p8q77QzOdUs_000652_ood,ood,anomaly,0.3966521620750427,0.444129079580307,0.35218343138694763,0.38032135367393494,0.4099748432636261
ZIts2XH28SA_002310_nonood,calib,normal,0.3608538508415222,0.505301833152771,0.385460764169693,0.31139302253723145,0.24125973880290985
ZIts2XH28SA_002310_ood,ood,anomaly,0.4531400501728058,0.5785230994224548,0.46284523606300354,0.3782283663749695,0.3929634690284729
88LcRU7uEFE_001137_nonood,calib,normal,0.24541452527046204,0.3970004916191101,0.2697705328464508,0.184660404920578,0.13022661209106445
88LcRU7uEFE_001137_ood,ood,anomaly,0.22170180082321167,0.35945022106170654,0.2140500843524933,0.15403762459754944,0.1592692881822586
Eq7_uD2yN5Y_001731_nonood,heldout,normal,0.18404102325439453,0.3228881061077118,0.19851136207580566,0.12728027999401093,0.08748430758714676
Eq7_uD2yN5Y_001731_ood,ood,anomaly,0.3261587619781494,0.4295678436756134,0.32576948404312134,0.27071720361709595,0.27858054637908936
qYonJ4w6SZs_000332_nonood,calib,normal,0.32762467861175537,0.5077539682388306,0.3610629141330719,0.254958838224411,0.1867230236530304
qYonJ4w6SZs_000332_ood,ood,anomaly,0.35628244280815125,0.4912945032119751,0.35723671317100525,0.2889738082885742,0.2876247465610504
2SAby_5t94M_002971_nonood,calib,normal,0.18090783059597015,0.31959205865859985,0.18829114735126495,0.12485740333795547,0.09089072793722153
2SAby_5t94M_002971_ood,ood,anomaly,0.37113967537879944,0.4820716679096222,0.3628220558166504,0.3175033926963806,0.32216161489486694
ieP36TLihGM_002282_nonood,calib,normal,0.12646999955177307,0.21956467628479004,0.1307954043149948,0.09134844690561295,0.06417147070169449
ieP36TLihGM_002282_ood,ood,anomaly,0.18819530308246613,0.2953706383705139,0.17459285259246826,0.12105589359998703,0.1617618352174759
ieP36TLihGM_000994_nonood,calib,normal,0.2156737744808197,0.34541618824005127,0.22575290501117706,0.15710632503032684,0.13441972434520721
ieP36TLihGM_000994_ood,ood,anomaly,0.25701266527175903,0.3772309720516205,0.2611696422100067,0.21105626225471497,0.17859384417533875
ha-IeID24As_006032_nonood,calib,normal,0.13337494432926178,0.23853689432144165,0.1383804976940155,0.08886461704969406,0.0677177831530571
ha-IeID24As_006032_ood,ood,anomaly,0.13877829909324646,0.23213370144367218,0.14555269479751587,0.10267039388418198,0.07475642114877701
GdyJqgxlSxs_006828_nonood,calib,normal,0.14196713268756866,0.2367749959230423,0.1469324380159378,0.10414350032806396,0.0800175815820694
GdyJqgxlSxs_006828_ood,ood,anomaly,0.18412736058235168,0.27193260192871094,0.17931024730205536,0.14307019114494324,0.14219635725021362
bI9JzQSrEGo_003004_nonood,heldout,normal,0.22884738445281982,0.3498564064502716,0.24339300394058228,0.17143215239048004,0.15070794522762299
bI9JzQSrEGo_003004_ood,ood,anomaly,0.1285708248615265,0.21947713196277618,0.12409523129463196,0.08642420917749405,0.08428668230772018
DSBGS6aRzgc_002793_nonood,calib,normal,0.23898324370384216,0.3753959536552429,0.2594004273414612,0.1845366209745407,0.13659997284412384
DSBGS6aRzgc_002793_ood,ood,anomaly,0.2902715802192688,0.4474245607852936,0.3172227144241333,0.22320273518562317,0.17323634028434753
Tsl84N96WM8_004167_nonood,calib,normal,0.2479349970817566,0.4040432572364807,0.269608736038208,0.18681763112545013,0.1312703639268875
Tsl84N96WM8_004167_ood,ood,anomaly,0.20920704305171967,0.34250280261039734,0.20960097014904022,0.1462988406419754,0.1384255588054657
PqbpIHZvjMA_003367_nonood,calib,normal,0.18841445446014404,0.33542400598526,0.1957070231437683,0.12637798488140106,0.09614881128072739
PqbpIHZvjMA_003367_ood,ood,anomaly,0.4201168417930603,0.5366587042808533,0.4399433732032776,0.3643927574157715,0.3394725024700165
uO2zGO5ydBc_002156_nonood,calib,normal,0.22398510575294495,0.3369532823562622,0.24232859909534454,0.17870312929153442,0.1379554271697998
uO2zGO5ydBc_002156_ood,ood,anomaly,0.282321959733963,0.4218055307865143,0.2981603443622589,0.22409231960773468,0.18522967398166656
YBEYOS3A3Ic_003122_nonood,calib,normal,0.2513734698295593,0.3841627836227417,0.27426984906196594,0.20426395535469055,0.1427972912788391
YBEYOS3A3Ic_003122_ood,ood,anomaly,0.2452649474143982,0.3953879773616791,0.25786399841308594,0.18969085812568665,0.13811689615249634
QeuzUfHIWYU_003673_nonood,heldout,normal,0.29830145835876465,0.4680835008621216,0.3102475702762604,0.22100915014743805,0.19386564195156097
QeuzUfHIWYU_003673_ood,ood,anomaly,0.1609472632408142,0.2309400588274002,0.13575053215026855,0.10116448998451233,0.17593397200107574
OPj7lUQOre8_005647_nonood,calib,normal,0.16973844170570374,0.2860456705093384,0.17603272199630737,0.11857134848833084,0.09830404818058014
OPj7lUQOre8_005647_ood,ood,anomaly,0.2979627251625061,0.399813175201416,0.3023640215396881,0.24811358749866486,0.24156014621257782
u33fdjUY_Iw_000214_nonood,calib,normal,0.1635107398033142,0.28787529468536377,0.17919805645942688,0.11169566214084625,0.07527397572994232
u33fdjUY_Iw_000214_ood,ood,anomaly,0.5778835415840149,0.6011961102485657,0.5894917845726013,0.586020290851593,0.5348259806632996
bFGmOp9H3MA_002560_nonood,calib,normal,0.3395199179649353,0.47394296526908875,0.37142232060432434,0.2925800681114197,0.22013433277606964
bFGmOp9H3MA_002560_ood,ood,anomaly,0.2912651002407074,0.43365737795829773,0.28918737173080444,0.23111510276794434,0.21110060811042786
UOjQsfDXjO0_001011_nonood,calib,normal,0.23635557293891907,0.4055546820163727,0.2589186131954193,0.16723257303237915,0.11371641606092453
UOjQsfDXjO0_001011_ood,ood,anomaly,0.220791757106781,0.3735228180885315,0.23508183658123016,0.15965715050697327,0.1149052232503891
DSBGS6aRzgc_002651_nonood,calib,normal,0.24170389771461487,0.39397457242012024,0.25666487216949463,0.18081985414028168,0.13535629212856293
DSBGS6aRzgc_002651_ood,ood,anomaly,0.30079931020736694,0.4348127543926239,0.31770193576812744,0.2602224349975586,0.19046013057231903
K1r3m5OrmB4_002380_nonood,calib,normal,0.21638764441013336,0.34364673495292664,0.23193365335464478,0.1671513170003891,0.12281889468431473
K1r3m5OrmB4_002380_ood,ood,anomaly,0.38992369174957275,0.4713298976421356,0.3587856888771057,0.31005802750587463,0.41952115297317505
sUbP4j8rAic_001450_nonood,calib,normal,0.21497921645641327,0.36677804589271545,0.22329749166965485,0.14366769790649414,0.12617361545562744
sUbP4j8rAic_001450_ood,ood,anomaly,0.08177302777767181,0.15555503964424133,0.08499227464199066,0.05155275762081146,0.034992050379514694
QeuzUfHIWYU_000976_nonood,calib,normal,0.1181291863322258,0.2225818634033203,0.12209299206733704,0.07632414251565933,0.05151774361729622
QeuzUfHIWYU_000976_ood,ood,anomaly,0.07726933062076569,0.14564186334609985,0.07942674309015274,0.05056901276111603,0.03343971446156502
uO2zGO5ydBc_001091_nonood,calib,normal,0.3101027309894562,0.4437025487422943,0.3369409739971161,0.25301864743232727,0.20674873888492584
uO2zGO5ydBc_001091_ood,ood,anomaly,0.4908519387245178,0.5485824346542358,0.5035977959632874,0.44852393865585327,0.46270355582237244
Hx8FMhmdOQU_003992_nonood,heldout,normal,0.28261446952819824,0.4512779414653778,0.3143530488014221,0.2183467596769333,0.1464802324771881
Hx8FMhmdOQU_003992_ood,ood,anomaly,0.17077380418777466,0.2960604727268219,0.1841992735862732,0.12214253097772598,0.08069290965795517
L334aqEJxys_003180_nonood,heldout,normal,0.1961328536272049,0.3306735157966614,0.20845291018486023,0.14455391466617584,0.10085111111402512
L334aqEJxys_003180_ood,ood,anomaly,0.282172828912735,0.41236990690231323,0.29593244194984436,0.22032430768013,0.20006465911865234
DpQBo4gb6Lw_001175_nonood,calib,normal,0.058379530906677246,0.11451399326324463,0.058124516159296036,0.03622576221823692,0.02465386502444744
DpQBo4gb6Lw_001175_ood,ood,anomaly,0.22383910417556763,0.3842814862728119,0.23701421916484833,0.1614721268415451,0.11258862912654877
ha-IeID24As_001058_nonood,calib,normal,0.22613514959812164,0.36827993392944336,0.2331860065460205,0.16018067300319672,0.142893984913826
ha-IeID24As_001058_ood,ood,anomaly,0.289125919342041,0.41178563237190247,0.2954246401786804,0.22720596194267273,0.22208742797374725
7uTMZ5-aWKA_003948_nonood,calib,normal,0.22408674657344818,0.3753439486026764,0.24472106993198395,0.1655614674091339,0.11072050034999847
7uTMZ5-aWKA_003948_ood,ood,anomaly,0.09786229580640793,0.17835886776447296,0.10099400579929352,0.06612823158502579,0.04596807062625885
fHUJcUaW2mE_002364_nonood,calib,normal,0.2335471510887146,0.3777552843093872,0.2550666034221649,0.17700894176959991,0.12435771524906158
fHUJcUaW2mE_002364_ood,ood,anomaly,0.38659483194351196,0.49750715494155884,0.39457905292510986,0.3370486795902252,0.31724438071250916
P5MjgFmqouA_005382_nonood,calib,normal,0.3293396830558777,0.49487707018852234,0.3586852550506592,0.2697657346725464,0.19403056800365448
P5MjgFmqouA_005382_ood,ood,anomaly,0.36633753776550293,0.5205759406089783,0.3968711793422699,0.31613561511039734,0.2317674458026886
Sihe6aeyLHg_002718_nonood,calib,normal,0.14578105509281158,0.2698168158531189,0.1535523682832718,0.09334150701761246,0.06641355901956558
Sihe6aeyLHg_002718_ood,ood,anomaly,0.1659950166940689,0.2727023959159851,0.16654032468795776,0.11465295404195786,0.11008439213037491
t_bCDlNOhJc_000191_nonood,heldout,normal,0.058422841131687164,0.11884307861328125,0.05894017964601517,0.03418142348527908,0.02172669768333435
t_bCDlNOhJc_000191_ood,ood,anomaly,0.27045881748199463,0.4276507496833801,0.2915908098220825,0.21276384592056274,0.14982978999614716
UKBuDqU8qTM_000191_nonood,calib,normal,0.15938010811805725,0.2925404906272888,0.16671860218048096,0.10514342039823532,0.0731179490685463
UKBuDqU8qTM_000191_ood,ood,anomaly,0.22336840629577637,0.3456100821495056,0.21878565847873688,0.173444464802742,0.15563344955444336
f482qwPz7ns_003854_nonood,calib,normal,0.108247309923172,0.19498085975646973,0.11511775106191635,0.07320328801870346,0.04968731477856636
f482qwPz7ns_003854_ood,ood,anomaly,0.21236583590507507,0.321075439453125,0.21475791931152344,0.16493065655231476,0.1486993432044983
3Sqeb-l1RPA_005677_nonood,calib,normal,0.21614672243595123,0.3649219572544098,0.2406637966632843,0.157331183552742,0.10166993737220764
3Sqeb-l1RPA_005677_ood,ood,anomaly,0.3657534122467041,0.4320712685585022,0.33267655968666077,0.3071761429309845,0.3910895884037018
ha-IeID24As_002404_nonood,calib,normal,0.281085342168808,0.43453535437583923,0.29789999127388,0.21238897740840912,0.17951707541942596
ha-IeID24As_002404_ood,ood,anomaly,0.28519025444984436,0.4495421051979065,0.3060462772846222,0.22470156848430634,0.16047105193138123
LfKfK4I5RPE_004409_nonood,calib,normal,0.24575677514076233,0.3988487422466278,0.2720932364463806,0.18507909774780273,0.12700603902339935
LfKfK4I5RPE_004409_ood,ood,anomaly,0.22122140228748322,0.36544227600097656,0.24347607791423798,0.1659170687198639,0.11005018651485443
UjkeNSr2dXQ_001394_nonood,calib,normal,0.2141253501176834,0.35128822922706604,0.23692069947719574,0.1587284803390503,0.10956402122974396
UjkeNSr2dXQ_001394_ood,ood,anomaly,0.1991504579782486,0.34442803263664246,0.21336591243743896,0.13741996884346008,0.1013878732919693
O9uvBFovKj8_004782_nonood,calib,normal,0.2385287582874298,0.3938032388687134,0.2511433959007263,0.18223261833190918,0.12693575024604797
O9uvBFovKj8_004782_ood,ood,anomaly,0.5744985342025757,0.611937940120697,0.5689032077789307,0.5355258584022522,0.5816271901130676
JV0D-YkWHD8_001599_nonood,heldout,normal,0.3012120723724365,0.46842315793037415,0.3372321128845215,0.23536337912082672,0.1638297140598297
JV0D-YkWHD8_001599_ood,ood,anomaly,0.48130080103874207,0.5873454213142395,0.49588319659233093,0.43690988421440125,0.40506473183631897
d2SCftR5sWc_004173_nonood,heldout,normal,0.1526859849691391,0.2667599320411682,0.1603088080883026,0.10961107164621353,0.07406413555145264
d2SCftR5sWc_004173_ood,ood,anomaly,0.2517160177230835,0.3054684102535248,0.19992847740650177,0.158316507935524,0.34315067529678345
LfKfK4I5RPE_005001_nonood,calib,normal,0.29824259877204895,0.437789648771286,0.31854334473609924,0.2461308389902115,0.19050653278827667
LfKfK4I5RPE_005001_ood,ood,anomaly,0.29542237520217896,0.4310120940208435,0.31813785433769226,0.24178726971149445,0.19075223803520203
Vtpe3HAIEm4_002972_nonood,calib,normal,0.1271015703678131,0.21609841287136078,0.13290058076381683,0.09549416601657867,0.06391313672065735
Vtpe3HAIEm4_002972_ood,ood,anomaly,0.33369338512420654,0.40218210220336914,0.28615665435791016,0.26871457695961,0.3777202069759369
JV0D-YkWHD8_002950_nonood,calib,normal,0.234819695353508,0.38036102056503296,0.2477228194475174,0.1719900518655777,0.13920491933822632
JV0D-YkWHD8_002950_ood,ood,anomaly,0.29327115416526794,0.3643547594547272,0.23839892446994781,0.1783728152513504,0.391958087682724
dZG1VKsgs60_002768_nonood,calib,normal,0.2932157516479492,0.45452848076820374,0.32395029067993164,0.23131206631660461,0.16307227313518524
dZG1VKsgs60_002768_ood,ood,anomaly,0.6207751035690308,0.6043976545333862,0.5974987745285034,0.6090463995933533,0.6721575260162354
4OGV0AbV91U_003797_nonood,calib,normal,0.23225469887256622,0.34348970651626587,0.2485864907503128,0.1924629956483841,0.14447961747646332
4OGV0AbV91U_003797_ood,ood,anomaly,0.3377794623374939,0.4684657156467438,0.3301902413368225,0.25402048230171204,0.29844141006469727
fb5i7JlmJdg_000281_nonood,heldout,normal,0.17872567474842072,0.30911850929260254,0.18817538022994995,0.12298337370157242,0.09462544322013855
fb5i7JlmJdg_000281_ood,ood,anomaly,0.30043166875839233,0.41502079367637634,0.2959672212600708,0.23200055956840515,0.25873810052871704
lmykriTbncM_000169_nonood,calib,normal,0.1987842321395874,0.30551448464393616,0.21678590774536133,0.15870168805122375,0.11413490772247314
lmykriTbncM_000169_ood,ood,anomaly,0.25652608275413513,0.3909018337726593,0.24584902822971344,0.1843375712633133,0.2050158530473709
Hd2IzHAfkCI_003040_nonood,calib,normal,0.22542619705200195,0.3776088356971741,0.23213638365268707,0.16058583557605743,0.13137371838092804
Hd2IzHAfkCI_003040_ood,ood,anomaly,0.12067878246307373,0.21807023882865906,0.12289052456617355,0.08027803897857666,0.061476316303014755
TlBhM9Xbr2o_000062_nonood,heldout,normal,0.25449782609939575,0.3948541581630707,0.2717297673225403,0.2015070915222168,0.14990031719207764
TlBhM9Xbr2o_000062_ood,ood,anomaly,0.22488658130168915,0.35712146759033203,0.22848254442214966,0.1567646712064743,0.1571776270866394
d2SCftR5sWc_002516_nonood,calib,normal,0.06292373687028885,0.10227025300264359,0.059115488082170486,0.04513152316212654,0.04517767205834389
d2SCftR5sWc_002516_ood,ood,anomaly,0.04211495816707611,0.0854763314127922,0.04235299304127693,0.024666376411914825,0.01596412993967533
qzMjfBx1KI0_002785_nonood,calib,normal,0.23724688589572906,0.36145174503326416,0.2608550488948822,0.18726883828639984,0.13941188156604767
qzMjfBx1KI0_002785_ood,ood,anomaly,0.27391231060028076,0.3697018623352051,0.26051607728004456,0.21643802523612976,0.24899335205554962
T89zSiaMNgM_005466_nonood,calib,normal,0.355059415102005,0.5287325978279114,0.39618006348609924,0.28132742643356323,0.21399752795696259
T89zSiaMNgM_005466_ood,ood,anomaly,0.2504901885986328,0.40463799238204956,0.2563636600971222,0.16680993139743805,0.17414920032024384
r6_ZhT7rmhM_003295_nonood,calib,normal,0.10718408972024918,0.17636410892009735,0.10593948513269424,0.0806458368897438,0.06578691303730011
r6_ZhT7rmhM_003295_ood,ood,anomaly,0.0753418430685997,0.14264410734176636,0.07433443516492844,0.048124540597200394,0.03626428171992302
p8q77QzOdUs_001272_nonood,heldout,normal,0.26384907960891724,0.3929380476474762,0.28805869817733765,0.21209096908569336,0.16230858862400055
p8q77QzOdUs_001272_ood,ood,anomaly,0.25058674812316895,0.3704945147037506,0.2652074992656708,0.21334335207939148,0.15330161154270172
gXezhrOijmQ_004878_nonood,heldout,normal,0.07845839112997055,0.13308358192443848,0.08303233236074448,0.05756737291812897,0.04015027731657028
gXezhrOijmQ_004878_ood,ood,anomaly,0.08234380185604095,0.1492929458618164,0.08717799186706543,0.05662180483341217,0.03628244623541832
nvVk7L3GrJQ_001750_nonood,calib,normal,0.18739597499370575,0.30405256152153015,0.1803334802389145,0.13282905519008636,0.13236883282661438
nvVk7L3GrJQ_001750_ood,ood,anomaly,0.37158870697021484,0.4066654145717621,0.32557880878448486,0.30379724502563477,0.45031335949897766
fWJbp43k644_001672_nonood,calib,normal,0.24334076046943665,0.38738739490509033,0.2653733193874359,0.18349522352218628,0.13710707426071167
fWJbp43k644_001672_ood,ood,anomaly,0.2795742452144623,0.3836114704608917,0.2701137661933899,0.22522693872451782,0.2393447607755661
Nc9SDBksPPA_003306_nonood,heldout,normal,0.256972074508667,0.4060043692588806,0.2832675278186798,0.2007329761981964,0.13788333535194397
Nc9SDBksPPA_003306_ood,ood,anomaly,0.1501011699438095,0.23551590740680695,0.1539086401462555,0.10729532688856125,0.10368478298187256
UOjQsfDXjO0_001417_nonood,heldout,normal,0.14108461141586304,0.24085262417793274,0.1472894698381424,0.10272751748561859,0.07346884161233902
UOjQsfDXjO0_001417_ood,ood,anomaly,0.2195131778717041,0.32426854968070984,0.20373447239398956,0.15635180473327637,0.19369789958000183
p8q77QzOdUs_004110_nonood,calib,normal,0.05972624942660332,0.11438985913991928,0.06365437060594559,0.036562539637088776,0.024298228323459625
p8q77QzOdUs_004110_ood,ood,anomaly,0.5066412687301636,0.5178044438362122,0.4442808926105499,0.45845502614974976,0.6060247421264648
Izf9l3VWQuo_001419_nonood,calib,normal,0.15928587317466736,0.2379809468984604,0.15667513012886047,0.12924714386463165,0.11324025690555573
Izf9l3VWQuo_001419_ood,ood,anomaly,0.11988025158643723,0.19442445039749146,0.11587045341730118,0.0810985416173935,0.08812757581472397
WWyeuvpHmfc_002848_nonood,calib,normal,0.14576368033885956,0.27079764008522034,0.1537526398897171,0.09667359292507172,0.061830826103687286
WWyeuvpHmfc_002848_ood,ood,anomaly,0.16586533188819885,0.3097783327102661,0.17211036384105682,0.10710617899894714,0.07446641474962234
HzVbo46kkBA_000918_nonood,calib,normal,0.22323839366436005,0.38697606325149536,0.24196942150592804,0.15882150828838348,0.10518661141395569
HzVbo46kkBA_000918_ood,ood,anomaly,0.1855376958847046,0.3223744332790375,0.18919987976551056,0.12592193484306335,0.10465449839830399
ujVRDgGVzlQ_004366_nonood,calib,normal,0.0778578668832779,0.14528463780879974,0.08146899938583374,0.050975602120161057,0.03370223194360733
ujVRDgGVzlQ_004366_ood,ood,anomaly,0.2619510293006897,0.3892310559749603,0.2728395462036133,0.21252326667308807,0.1732102632522583
pOJpwWmEcFg_005127_nonood,heldout,normal,0.2601664364337921,0.41024523973464966,0.28475189208984375,0.19841255247592926,0.14725607633590698
pOJpwWmEcFg_005127_ood,ood,anomaly,0.3343620300292969,0.42013975977897644,0.30670252442359924,0.26389408111572266,0.34671181440353394
3sGShQb_HwU_001706_nonood,calib,normal,0.19369915127754211,0.32467857003211975,0.20218566060066223,0.14042264223098755,0.10750973224639893
3sGShQb_HwU_001706_ood,ood,anomaly,0.18831202387809753,0.32083606719970703,0.19696852564811707,0.1376044750213623,0.09783897548913956
uFwnmh0GpBo_004369_nonood,calib,normal,0.22792860865592957,0.35338813066482544,0.23943445086479187,0.1737940013408661,0.14509789645671844
uFwnmh0GpBo_004369_ood,ood,anomaly,0.33280056715011597,0.42047563195228577,0.3150075376033783,0.2541154623031616,0.34160366654396057
Hfs4AlBmg70_000258_nonood,calib,normal,0.2359958291053772,0.3901802599430084,0.2523593008518219,0.1742652803659439,0.12717847526073456
Hfs4AlBmg70_000258_ood,ood,anomaly,0.5337311029434204,0.5702255368232727,0.49696752429008484,0.45122137665748596,0.6165100336074829
YBEYOS3A3Ic_001201_nonood,calib,normal,0.15571105480194092,0.2765146493911743,0.16390392184257507,0.10857275873422623,0.07385290414094925
YBEYOS3A3Ic_001201_ood,ood,anomaly,0.4595770537853241,0.5084272027015686,0.4368448853492737,0.4457082152366638,0.44732794165611267
vdLn-qswnRo_003795_nonood,calib,normal,0.21789167821407318,0.34346696734428406,0.211798757314682,0.14847418665885925,0.1678267866373062
vdLn-qswnRo_003795_ood,ood,anomaly,0.24476370215415955,0.37969887256622314,0.2404370903968811,0.16659827530384064,0.1923205703496933
hfwb3mZZ0fs_001430_nonood,calib,normal,0.009686095640063286,0.019524667412042618,0.0092406515032053,0.005981035530567169,0.003998026251792908
hfwb3mZZ0fs_001430_ood,ood,anomaly,0.09999886155128479,0.1861463189125061,0.10662605613470078,0.06480991840362549,0.04241316393017769
2SAby_5t94M_000819_nonood,calib,normal,0.21838311851024628,0.37428605556488037,0.22885799407958984,0.1567392647266388,0.1136491447687149
2SAby_5t94M_000819_ood,ood,anomaly,0.35981759428977966,0.5163515210151672,0.383592814207077,0.2976314127445221,0.24169465899467468
UOjQsfDXjO0_002157_nonood,calib,normal,0.3637316823005676,0.40333226323127747,0.29209741950035095,0.24814364314079285,0.5113533735275269
UOjQsfDXjO0_002157_ood,ood,anomaly,0.20794329047203064,0.33649805188179016,0.21882447600364685,0.15618109703063965,0.12026951462030411
ZIts2XH28SA_000772_nonood,calib,normal,0.07453347742557526,0.13915811479091644,0.0759674608707428,0.04736746847629547,0.03564085066318512
ZIts2XH28SA_000772_ood,ood,anomaly,0.08350721746683121,0.14959844946861267,0.08578485995531082,0.058253560215234756,0.040392011404037476
O9uvBFovKj8_005434_nonood,heldout,normal,0.16581012308597565,0.28692927956581116,0.1749257594347,0.11633144319057465,0.08505398780107498
O9uvBFovKj8_005434_ood,ood,anomaly,0.15521183609962463,0.2728823125362396,0.16127239167690277,0.10713949054479599,0.07955317199230194
vdLn-qswnRo_004417_nonood,heldout,normal,0.22626152634620667,0.35032492876052856,0.2390749156475067,0.18558481335639954,0.13006147742271423
vdLn-qswnRo_004417_ood,ood,anomaly,0.3628759980201721,0.46976321935653687,0.3638278841972351,0.3088703155517578,0.3090425431728363
Sihe6aeyLHg_001139_nonood,calib,normal,0.26323163509368896,0.4205362796783447,0.2897863984107971,0.20594781637191772,0.13665597140789032
Sihe6aeyLHg_001139_ood,ood,anomaly,0.3848910629749298,0.46097448468208313,0.3422822058200836,0.3036050796508789,0.4327024817466736
V3--0ubJkNE_001913_nonood,calib,normal,0.24716803431510925,0.38674136996269226,0.2671850621700287,0.19454002380371094,0.14020565152168274
V3--0ubJkNE_001913_ood,ood,anomaly,0.346996933221817,0.4209485650062561,0.3246660530567169,0.3006654381752014,0.34170767664909363
fWJbp43k644_002658_nonood,calib,normal,0.27635419368743896,0.420817494392395,0.29329001903533936,0.20896942913532257,0.1823398768901825
fWJbp43k644_002658_ood,ood,anomaly,0.4168599843978882,0.5603899955749512,0.44289031624794006,0.35983312129974365,0.304326593875885
2TmFM9p1KF8_000218_nonood,calib,normal,0.1853121519088745,0.32801899313926697,0.20077259838581085,0.12662111222743988,0.08583586663007736
2TmFM9p1KF8_000218_ood,ood,anomaly,0.2556966543197632,0.3910861015319824,0.2795957326889038,0.2044789344072342,0.1476258933544159
Nc9SDBksPPA_000391_nonood,calib,normal,0.23937207460403442,0.4036756753921509,0.2528907060623169,0.16880476474761963,0.1321171224117279
Nc9SDBksPPA_000391_ood,ood,anomaly,0.23523201048374176,0.3888128697872162,0.250858873128891,0.1699177473783493,0.13133856654167175
0z7J7rOpTic_000261_nonood,calib,normal,0.22995343804359436,0.39285510778427124,0.25053390860557556,0.16172829270362854,0.11469648033380508
0z7J7rOpTic_000261_ood,ood,anomaly,0.5623394250869751,0.5601237416267395,0.4983513057231903,0.5541499257087708,0.6367326378822327
xpOyD-qrQUw_003463_nonood,calib,normal,0.19923309981822968,0.34635311365127563,0.21550722420215607,0.137314572930336,0.0977575033903122
xpOyD-qrQUw_003463_ood,ood,anomaly,0.2675689458847046,0.40685155987739563,0.2618418335914612,0.19151870906352997,0.2100636512041092
3sGShQb_HwU_001496_nonood,calib,normal,0.006653693970292807,0.015005800873041153,0.006024493370205164,0.0033039934933185577,0.002280488144606352
3sGShQb_HwU_001496_ood,ood,anomaly,0.14577847719192505,0.2348189353942871,0.13981302082538605,0.107203908264637,0.10127809643745422
y4Evv5By6sg_002822_nonood,calib,normal,0.16181832551956177,0.2809986472129822,0.16954977810382843,0.1123567670583725,0.08436813950538635
y4Evv5By6sg_002822_ood,ood,anomaly,0.2782403528690338,0.40650466084480286,0.28999996185302734,0.23139649629592896,0.1850602924823761
kjVywUi1WK4_001658_nonood,heldout,normal,0.018817851319909096,0.03825193643569946,0.018857955932617188,0.010695676319301128,0.007465837989002466
kjVywUi1WK4_001658_ood,ood,anomaly,0.019086303189396858,0.030530596151947975,0.019893761724233627,0.014623516239225864,0.011297334916889668
Sihe6aeyLHg_004230_nonood,calib,normal,0.17655077576637268,0.305957168340683,0.18694093823432922,0.12693580985069275,0.08636916428804398
Sihe6aeyLHg_004230_ood,ood,anomaly,0.3713763952255249,0.4815915524959564,0.35822954773902893,0.2768687307834625,0.36881574988365173
nvVk7L3GrJQ_004707_nonood,heldout,normal,0.3240116238594055,0.474432110786438,0.34615299105644226,0.26252785325050354,0.21293343603610992
nvVk7L3GrJQ_004707_ood,ood,anomaly,0.12220845371484756,0.21600808203220367,0.12878240644931793,0.07668537646532059,0.06735794991254807
lmykriTbncM_004427_nonood,calib,normal,0.21952378749847412,0.3592333197593689,0.23447898030281067,0.16501425206661224,0.1193685308098793
lmykriTbncM_004427_ood,ood,anomaly,0.20000383257865906,0.32207509875297546,0.19939777255058289,0.15412302315235138,0.1244194358587265
W6YrlYyWguc_004796_nonood,calib,normal,0.274299681186676,0.397647500038147,0.298104852437973,0.23646242916584015,0.1649838536977768
W6YrlYyWguc_004796_ood,ood,anomaly,0.40867161750793457,0.4496537446975708,0.40720322728157043,0.3899788558483124,0.3878506124019623
Hx8FMhmdOQU_004971_nonood,calib,normal,0.2433834820985794,0.39401715993881226,0.2641438841819763,0.18890458345413208,0.12646830081939697
Hx8FMhmdOQU_004971_ood,ood,anomaly,0.29760682582855225,0.4280655086040497,0.3008904457092285,0.23270352184772491,0.2287677675485611
pOJpwWmEcFg_001615_nonood,calib,normal,0.1751166433095932,0.30243778228759766,0.18826991319656372,0.1249251663684845,0.08483370393514633
pOJpwWmEcFg_001615_ood,ood,anomaly,0.12690436840057373,0.2369496077299118,0.13121150434017181,0.08447675406932831,0.054979581385850906
nvVk7L3GrJQ_003544_nonood,calib,normal,0.19796034693717957,0.3572942018508911,0.2113252878189087,0.13395901024341583,0.08926291018724442
nvVk7L3GrJQ_003544_ood,ood,anomaly,0.1562834084033966,0.26155057549476624,0.15777383744716644,0.10114429146051407,0.10466497391462326
fb5i7JlmJdg_005052_nonood,heldout,normal,0.2895159125328064,0.41855451464653015,0.31051576137542725,0.25131359696388245,0.17767977714538574
fb5i7JlmJdg_005052_ood,ood,anomaly,0.3113771677017212,0.44972631335258484,0.34383127093315125,0.257872998714447,0.19407804310321808
xpOyD-qrQUw_004442_nonood,calib,normal,0.2761765718460083,0.42071017622947693,0.30051445960998535,0.21973030269145966,0.1637512594461441
xpOyD-qrQUw_004442_ood,ood,anomaly,0.29763802886009216,0.4496602416038513,0.3288034498691559,0.2364027500152588,0.17568567395210266
0qfbmt4G8Rw_000970_nonood,calib,normal,0.31322818994522095,0.3624981939792633,0.3054172396659851,0.28681614995002747,0.2981811761856079
0qfbmt4G8Rw_000970_ood,ood,anomaly,0.2673240900039673,0.34383463859558105,0.2713208496570587,0.24570631980895996,0.20843450725078583
fWJbp43k644_000533_nonood,calib,normal,0.09158406406641006,0.18515898287296295,0.09137850999832153,0.05456899479031563,0.03522978350520134
fWJbp43k644_000533_ood,ood,anomaly,0.07097518444061279,0.12649424374103546,0.07384166866540909,0.04922892525792122,0.03433588519692421
kld-iYpdjyo_000558_nonood,heldout,normal,0.006025525275617838,0.013031757436692715,0.0057430570013821125,0.0031968108378350735,0.00213047512806952
kld-iYpdjyo_000558_ood,ood,anomaly,0.016961392015218735,0.03573179990053177,0.0164367463439703,0.009313189424574375,0.0063638282008469105
88LcRU7uEFE_001701_nonood,calib,normal,0.4635307490825653,0.6289524435997009,0.5189862847328186,0.40851908922195435,0.29766514897346497
88LcRU7uEFE_001701_ood,ood,anomaly,0.35608112812042236,0.5217485427856445,0.3691194951534271,0.26528236269950867,0.26817411184310913
HzVbo46kkBA_001750_nonood,calib,normal,0.248632550239563,0.4206494688987732,0.264251172542572,0.175085186958313,0.13454438745975494
HzVbo46kkBA_001750_ood,ood,anomaly,0.28332847356796265,0.4048630893230438,0.2743226885795593,0.2147953063249588,0.23933283984661102
uO2zGO5ydBc_004625_nonood,calib,normal,0.22205862402915955,0.35677769780158997,0.23609362542629242,0.16902004182338715,0.12634317576885223
uO2zGO5ydBc_004625_ood,ood,anomaly,0.3108130693435669,0.42754432559013367,0.31236007809638977,0.25873205065727234,0.2446158230304718
Hd2IzHAfkCI_004231_nonood,calib,normal,0.27509790658950806,0.4365234375,0.2993718683719635,0.21284295618534088,0.15165336430072784
Hd2IzHAfkCI_004231_ood,ood,anomaly,0.3991900086402893,0.47961944341659546,0.3657112121582031,0.2846706211566925,0.4667588472366333
2SAby_5t94M_003123_nonood,calib,normal,0.2203674614429474,0.3837285041809082,0.24108494818210602,0.15438003838062286,0.10227640718221664
2SAby_5t94M_003123_ood,ood,anomaly,0.2461186945438385,0.3745828866958618,0.26829665899276733,0.19585850834846497,0.1457366943359375
QERvirE3S5s_000840_nonood,calib,normal,0.15876764059066772,0.28337106108665466,0.1688355952501297,0.10823921114206314,0.07462470978498459
QERvirE3S5s_000840_ood,ood,anomaly,0.1588810384273529,0.28087136149406433,0.16361816227436066,0.10730113834142685,0.08373347669839859
PfJ2CudpCgE_000495_nonood,calib,normal,0.15756845474243164,0.2719365358352661,0.1634916514158249,0.11238699406385422,0.08245861530303955
PfJ2CudpCgE_000495_ood,ood,anomaly,0.27424564957618713,0.40407079458236694,0.2778727114200592,0.21795745193958282,0.19708159565925598
t4Cvbdtebk0_000996_nonood,heldout,normal,0.5142313241958618,0.5975528359413147,0.51931232213974,0.48206764459609985,0.4579923450946808
t4Cvbdtebk0_000996_ood,ood,anomaly,0.5512063503265381,0.5724943280220032,0.5196850299835205,0.5660061240196228,0.5466398596763611
DSBGS6aRzgc_001842_nonood,heldout,normal,0.285336434841156,0.45850107073783875,0.3063032925128937,0.20275254547595978,0.17378880083560944
DSBGS6aRzgc_001842_ood,ood,anomaly,0.22074154019355774,0.38270607590675354,0.23673397302627563,0.1517467200756073,0.1117793619632721
88LcRU7uEFE_000073_nonood,heldout,normal,0.1643354296684265,0.2907646596431732,0.16853046417236328,0.11472664773464203,0.08331993967294693
88LcRU7uEFE_000073_ood,ood,anomaly,0.20492812991142273,0.33549559116363525,0.20666611194610596,0.1470736712217331,0.13047713041305542
4wKjxDXnmYs_001113_nonood,calib,normal,0.25314265489578247,0.4006994962692261,0.2767476737499237,0.19960395991802216,0.13551943004131317
4wKjxDXnmYs_001113_ood,ood,anomaly,0.1981651782989502,0.34267011284828186,0.2096233069896698,0.13593459129333496,0.10443270951509476
eWWgJznGg6U_006506_nonood,calib,normal,0.17491135001182556,0.30326971411705017,0.1831207424402237,0.12542563676834106,0.08782929182052612
eWWgJznGg6U_006506_ood,ood,anomaly,0.11035053431987762,0.2062726765871048,0.11520445346832275,0.0716155543923378,0.04830944910645485
2SAby_5t94M_002329_nonood,calib,normal,0.21460860967636108,0.36773449182510376,0.23501399159431458,0.1541420966386795,0.10154382139444351
2SAby_5t94M_002329_ood,ood,anomaly,0.2470371127128601,0.40903034806251526,0.26788392663002014,0.18338558077812195,0.12784862518310547
xpOyD-qrQUw_005050_nonood,calib,normal,0.2997733950614929,0.45189931988716125,0.32053110003471375,0.2464599907398224,0.18020319938659668
xpOyD-qrQUw_005050_ood,ood,anomaly,0.35580796003341675,0.48622995615005493,0.3612818121910095,0.2876373827457428,0.28808268904685974
3u_CIo9IaWo_003276_nonood,heldout,normal,0.2904320955276489,0.4369007647037506,0.32952091097831726,0.23604948818683624,0.15925714373588562
3u_CIo9IaWo_003276_ood,ood,anomaly,0.4879481792449951,0.5494740605354309,0.5001782178878784,0.42645907402038574,0.4756813049316406
90gyBengKDs_004312_nonood,heldout,normal,0.24515631794929504,0.3746252655982971,0.2712763249874115,0.1949455738067627,0.13977810740470886
90gyBengKDs_004312_ood,ood,anomaly,0.2898422181606293,0.4298698902130127,0.30970826745033264,0.22789748013019562,0.1918932944536209
bI9JzQSrEGo_004441_nonood,heldout,normal,0.3284837007522583,0.4683800935745239,0.33509552478790283,0.27088239789009094,0.2395768165588379
bI9JzQSrEGo_004441_ood,ood,anomaly,0.2524709701538086,0.37273266911506653,0.2596985399723053,0.19553044438362122,0.18192219734191895
8dI7OolIEXY_001208_nonood,calib,normal,0.10099337995052338,0.20065441727638245,0.09922666102647781,0.06047036871314049,0.04362207651138306
8dI7OolIEXY_001208_ood,ood,anomaly,0.08824551850557327,0.16523140668869019,0.0929732695221901,0.057688090950250626,0.03708931431174278
hfwb3mZZ0fs_000827_nonood,calib,normal,0.12918375432491302,0.22499151527881622,0.13939471542835236,0.0903657004237175,0.06198308244347572
hfwb3mZZ0fs_000827_ood,ood,anomaly,0.178373783826828,0.30567991733551025,0.19489291310310364,0.1259544938802719,0.08696781098842621
88LcRU7uEFE_002033_nonood,calib,normal,0.1636255532503128,0.2971540093421936,0.1702096313238144,0.11310235410928726,0.07403621822595596
88LcRU7uEFE_002033_ood,ood,anomaly,0.21421653032302856,0.35118627548217773,0.22764535248279572,0.1538035273551941,0.1242310106754303
Sihe6aeyLHg_001779_nonood,calib,normal,0.2599766254425049,0.4353353679180145,0.28120195865631104,0.18708536028862,0.136283740401268
Sihe6aeyLHg_001779_ood,ood,anomaly,0.31917232275009155,0.5091159343719482,0.35059234499931335,0.24635018408298492,0.17063072323799133
7uTMZ5-aWKA_003538_nonood,heldout,normal,0.06576749682426453,0.13503676652908325,0.06374607980251312,0.03859008848667145,0.02569706179201603
7uTMZ5-aWKA_003538_ood,ood,anomaly,0.25229036808013916,0.4022315442562103,0.27263763546943665,0.19377242028713226,0.1405198574066162
HzVbo46kkBA_001421_nonood,calib,normal,0.09952440857887268,0.1905195266008377,0.10392598062753677,0.06321227550506592,0.04043985903263092
HzVbo46kkBA_001421_ood,ood,anomaly,0.11599327623844147,0.19998914003372192,0.12096615880727768,0.08652237802743912,0.05649541690945625
Hfs4AlBmg70_000145_nonood,calib,normal,0.2345505654811859,0.36041775345802307,0.23082256317138672,0.15709680318832397,0.18986517190933228
Hfs4AlBmg70_000145_ood,ood,anomaly,0.24961386620998383,0.3454360365867615,0.2374759018421173,0.18894703686237335,0.22659645974636078
bcpfYpmDcp0_000052_nonood,calib,normal,0.10040707141160965,0.1821603626012802,0.10470099002122879,0.06551499664783478,0.04925193265080452
bcpfYpmDcp0_000052_ood,ood,anomaly,0.2484731376171112,0.33368757367134094,0.23632921278476715,0.21278545260429382,0.21109028160572052
OWtbKblBOKI_001918_nonood,calib,normal,0.25992047786712646,0.4171844720840454,0.27758878469467163,0.20390506088733673,0.14100351929664612
OWtbKblBOKI_001918_ood,ood,anomaly,0.24169956147670746,0.3833531439304352,0.2581951916217804,0.18261770904064178,0.14263220131397247
8dI7OolIEXY_000795_nonood,calib,normal,0.23220840096473694,0.381448894739151,0.24476571381092072,0.17607226967811584,0.1265467405319214
8dI7OolIEXY_000795_ood,ood,anomaly,0.1519758701324463,0.2750079333782196,0.1597706526517868,0.10157071053981781,0.07155423611402512
Vtpe3HAIEm4_002565_nonood,heldout,normal,0.18786589801311493,0.32734155654907227,0.20019395649433136,0.13216997683048248,0.0917581096291542
Vtpe3HAIEm4_002565_ood,ood,anomaly,0.17481619119644165,0.3023335039615631,0.1774764508008957,0.12760624289512634,0.09184860438108444
hfwb3mZZ0fs_003020_nonood,calib,normal,0.148294597864151,0.27442726492881775,0.15657369792461395,0.09815278649330139,0.0640246719121933
hfwb3mZZ0fs_003020_ood,ood,anomaly,0.06209450215101242,0.1272479146718979,0.06179873272776604,0.03592582419514656,0.023405538871884346
V3--0ubJkNE_006217_nonood,heldout,normal,0.1808951497077942,0.3020627200603485,0.19727474451065063,0.1298377513885498,0.0944054052233696
V3--0ubJkNE_006217_ood,ood,anomaly,0.3347952663898468,0.48985227942466736,0.3457869589328766,0.2671283185482025,0.23641353845596313
0qfbmt4G8Rw_002763_nonood,calib,normal,0.20257866382598877,0.32115522027015686,0.2119150459766388,0.1492919772863388,0.1279524266719818
0qfbmt4G8Rw_002763_ood,ood,anomaly,0.270416259765625,0.39689651131629944,0.2766002118587494,0.21175934374332428,0.19640901684761047
RASKiMoxhOE_003858_nonood,calib,normal,0.17215821146965027,0.29697075486183167,0.1756022572517395,0.13036133348941803,0.08569853007793427
RASKiMoxhOE_003858_ood,ood,anomaly,0.19580553472042084,0.3197697699069977,0.2025834172964096,0.13549409806728363,0.12537488341331482
jv7vz_55H8M_002694_nonood,calib,normal,0.29186180233955383,0.4419739842414856,0.3267051875591278,0.23399730026721954,0.16477079689502716
jv7vz_55H8M_002694_ood,ood,anomaly,0.31959545612335205,0.501338541507721,0.3619779646396637,0.245613232254982,0.16945211589336395
DkjTJcCXipY_003474_nonood,heldout,normal,0.4051915407180786,0.5251946449279785,0.44649940729141235,0.3717513084411621,0.27732086181640625
DkjTJcCXipY_003474_ood,ood,anomaly,0.3116671144962311,0.46244779229164124,0.33406537771224976,0.2529194951057434,0.19723577797412872
Eq7_uD2yN5Y_004509_nonood,calib,normal,0.2329777479171753,0.38062575459480286,0.25567686557769775,0.16580435633659363,0.12980404496192932
Eq7_uD2yN5Y_004509_ood,ood,anomaly,0.34653136134147644,0.4232264757156372,0.32294389605522156,0.31049537658691406,0.32945969700813293
GRDP68ucrBM_000061_nonood,heldout,normal,0.034126266837120056,0.07116590440273285,0.034595634788274765,0.019029788672924042,0.011713729240000248
GRDP68ucrBM_000061_ood,ood,anomaly,0.0247684083878994,0.04887484386563301,0.025456227362155914,0.014866858720779419,0.009875704534351826
PEwiwzyTjX0_002188_nonood,calib,normal,0.1780262589454651,0.2999168038368225,0.18551307916641235,0.12791314721107483,0.09876204282045364
PEwiwzyTjX0_002188_ood,ood,anomaly,0.10949241369962692,0.17672157287597656,0.10196180641651154,0.07583902776241302,0.08344725519418716
gXezhrOijmQ_004718_nonood,calib,normal,0.2148631513118744,0.35946810245513916,0.22476652264595032,0.1576513797044754,0.11756663769483566
gXezhrOijmQ_004718_ood,ood,anomaly,0.4800267815589905,0.5432832837104797,0.46590858697891235,0.43906643986701965,0.4718487560749054
3u_CIo9IaWo_001889_nonood,calib,normal,0.2116686999797821,0.365243136882782,0.227767676115036,0.14921411871910095,0.10444993525743484
3u_CIo9IaWo_001889_ood,ood,anomaly,0.2567674219608307,0.4203483760356903,0.28514042496681213,0.19101114571094513,0.130569726228714
88LcRU7uEFE_003061_nonood,heldout,normal,0.20606683194637299,0.3425562083721161,0.21993155777454376,0.1560545712709427,0.1057249903678894
88LcRU7uEFE_003061_ood,ood,anomaly,0.4013265371322632,0.5170708894729614,0.41785696148872375,0.3558773100376129,0.3145010769367218
Tsl84N96WM8_002122_nonood,calib,normal,0.1297646164894104,0.23397774994373322,0.13759231567382812,0.08695074170827866,0.060537684708833694
Tsl84N96WM8_002122_ood,ood,anomaly,0.11460272967815399,0.21310976147651672,0.1212860494852066,0.0733174979686737,0.05069761350750923
2SAby_5t94M_002238_nonood,calib,normal,0.20178425312042236,0.3575155436992645,0.21442624926567078,0.1359620839357376,0.09923315048217773
2SAby_5t94M_002238_ood,ood,anomaly,0.11582569032907486,0.18330822885036469,0.11081741005182266,0.08157315850257874,0.08760394901037216
WWyeuvpHmfc_002251_nonood,heldout,normal,0.1711425632238388,0.3048464357852936,0.18085524439811707,0.1172902062535286,0.08157837390899658
WWyeuvpHmfc_002251_ood,ood,anomaly,0.28816404938697815,0.3663821220397949,0.24617120623588562,0.20446883141994476,0.3356340229511261
IQwS7BEjUxM_000821_nonood,heldout,normal,0.26300543546676636,0.42433634400367737,0.2864471971988678,0.19604498147964478,0.1451931893825531
IQwS7BEjUxM_000821_ood,ood,anomaly,0.37486523389816284,0.5100955367088318,0.4113815128803253,0.3254433274269104,0.25254058837890625
RPNiqsdt6-w_000521_nonood,calib,normal,0.2479890137910843,0.42214235663414,0.2643573582172394,0.17730964720249176,0.1281466782093048
RPNiqsdt6-w_000521_ood,ood,anomaly,0.31360965967178345,0.4664299190044403,0.3242616057395935,0.24218416213989258,0.22156298160552979
Tsl84N96WM8_003626_nonood,calib,normal,0.24953769147396088,0.36975690722465515,0.2446393221616745,0.18549035489559174,0.1982641965150833
Tsl84N96WM8_003626_ood,ood,anomaly,0.08744027465581894,0.15202973783016205,0.0878499299287796,0.06085854023694992,0.04902288317680359
3tEZvtQZ18Q_001807_nonood,heldout,normal,0.21906504034996033,0.37022724747657776,0.23403522372245789,0.1528354287147522,0.11916223913431168
3tEZvtQZ18Q_001807_ood,ood,anomaly,0.07313195616006851,0.1439872831106186,0.07357914000749588,0.045951325446367264,0.029010077938437462
QERvirE3S5s_002054_nonood,calib,normal,0.07499029487371445,0.14879357814788818,0.0756160169839859,0.04577837511897087,0.029773201793432236
QERvirE3S5s_002054_ood,ood,anomaly,0.13711071014404297,0.2221848964691162,0.13700290024280548,0.10444048047065735,0.08481458574533463
CyeT8rEQOpQ_001523_nonood,calib,normal,0.3590191602706909,0.5142582058906555,0.39361685514450073,0.3075440227985382,0.22065754234790802
CyeT8rEQOpQ_001523_ood,ood,anomaly,0.41938313841819763,0.5051966309547424,0.3853752017021179,0.3534396290779114,0.4335210621356964
7uTMZ5-aWKA_004379_nonood,heldout,normal,0.19471152126789093,0.332436203956604,0.20452485978603363,0.13684198260307312,0.10504303872585297
7uTMZ5-aWKA_004379_ood,ood,anomaly,0.18830376863479614,0.31454357504844666,0.19389928877353668,0.13915516436100006,0.10561706125736237
9Q0FCoNxL8I_001441_nonood,calib,normal,0.2936047315597534,0.45329180359840393,0.32664769887924194,0.2321453094482422,0.16233409941196442
9Q0FCoNxL8I_001441_ood,ood,anomaly,0.15415731072425842,0.2817718982696533,0.16297674179077148,0.10225535184144974,0.06962523609399796
HaC3LrJiTmQ_005341_nonood,calib,normal,0.25300711393356323,0.40413394570350647,0.2654518485069275,0.1841713935136795,0.1582711935043335
HaC3LrJiTmQ_005341_ood,ood,anomaly,0.18597492575645447,0.3216126561164856,0.19718623161315918,0.1305319219827652,0.09456892311573029
JV0D-YkWHD8_003329_nonood,calib,normal,0.27818748354911804,0.41288986802101135,0.29053232073783875,0.22209376096725464,0.18723398447036743
JV0D-YkWHD8_003329_ood,ood,anomaly,0.47510430216789246,0.5759953260421753,0.48258188366889954,0.43824106454849243,0.40359893441200256
jFFhYwgepmY_005473_nonood,calib,normal,0.4061265289783478,0.5675262808799744,0.459918349981308,0.3501068651676178,0.24695464968681335
jFFhYwgepmY_005473_ood,ood,anomaly,0.37847769260406494,0.5395504832267761,0.42180314660072327,0.31058773398399353,0.24196937680244446
Pbw0A-RCjcw_000441_nonood,calib,normal,0.13417646288871765,0.2384651005268097,0.14119301736354828,0.09186070412397385,0.0651870146393776
Pbw0A-RCjcw_000441_ood,ood,anomaly,0.336428701877594,0.4394802749156952,0.3516136705875397,0.30919134616851807,0.24542959034442902
DpQBo4gb6Lw_003738_nonood,calib,normal,0.17333930730819702,0.316079705953598,0.178146094083786,0.11581044644117355,0.0833209827542305
DpQBo4gb6Lw_003738_ood,ood,anomaly,0.12878841161727905,0.24697783589363098,0.13150805234909058,0.08172441273927689,0.05494334176182747
7uTMZ5-aWKA_001400_nonood,calib,normal,0.19298046827316284,0.3213832378387451,0.2054586112499237,0.14322668313980103,0.10185328125953674
7uTMZ5-aWKA_001400_ood,ood,anomaly,0.22817550599575043,0.3660182058811188,0.239545539021492,0.17475402355194092,0.13238422572612762
HaC3LrJiTmQ_003433_nonood,calib,normal,0.18174272775650024,0.32304900884628296,0.19279180467128754,0.1244293749332428,0.08670073002576828
HaC3LrJiTmQ_003433_ood,ood,anomaly,0.167801171541214,0.3016182482242584,0.17408967018127441,0.11109146475791931,0.08440528810024261
D_pyFV4nKd4_000436_nonood,calib,normal,0.25383293628692627,0.3871890604496002,0.2500831186771393,0.18091566860675812,0.19714386761188507
D_pyFV4nKd4_000436_ood,ood,anomaly,0.25714176893234253,0.4248969554901123,0.2758466899394989,0.19345209002494812,0.13437137007713318
LfKfK4I5RPE_004133_nonood,calib,normal,0.22227789461612701,0.37302201986312866,0.24183331429958344,0.1621278077363968,0.11212842911481857
LfKfK4I5RPE_004133_ood,ood,anomaly,0.432852566242218,0.5407219529151917,0.4372783899307251,0.38929054141044617,0.364119291305542
qzMjfBx1KI0_004884_nonood,calib,normal,0.16452336311340332,0.2540978491306305,0.18090559542179108,0.12733294069766998,0.09575706720352173
qzMjfBx1KI0_004884_ood,ood,anomaly,0.3792586326599121,0.5225922465324402,0.40570953488349915,0.32456547021865845,0.26416724920272827
3Sqeb-l1RPA_003666_nonood,heldout,normal,0.23499301075935364,0.3792794644832611,0.2587434649467468,0.17574167251586914,0.12620748579502106
3Sqeb-l1RPA_003666_ood,ood,anomaly,0.26503342390060425,0.3986457884311676,0.25487154722213745,0.18680357933044434,0.21981272101402283
Y4rb2_HaBdQ_004942_nonood,calib,normal,0.2520427107810974,0.40690210461616516,0.27454259991645813,0.19367040693759918,0.13305579125881195
Y4rb2_HaBdQ_004942_ood,ood,anomaly,0.26583707332611084,0.40101921558380127,0.27337250113487244,0.19314022362232208,0.19581635296344757
UjkeNSr2dXQ_000170_nonood,calib,normal,0.23079504072666168,0.34300774335861206,0.23695781826972961,0.18456745147705078,0.1586471050977707
UjkeNSr2dXQ_000170_ood,ood,anomaly,0.4124932885169983,0.5134945511817932,0.41887250542640686,0.36048179864883423,0.3571242392063141
sdqIDbZJfy0_003077_nonood,calib,normal,0.15554025769233704,0.2643422484397888,0.1625710278749466,0.11398179084062576,0.08126596361398697
sdqIDbZJfy0_003077_ood,ood,anomaly,0.11205729842185974,0.16084571182727814,0.11467844992876053,0.09278437495231628,0.07992064952850342
9Q0FCoNxL8I_004595_nonood,heldout,normal,0.35620760917663574,0.49944666028022766,0.39686039090156555,0.3002731502056122,0.228250190615654
9Q0FCoNxL8I_004595_ood,ood,anomaly,0.40389275550842285,0.5551344752311707,0.43831247091293335,0.346227765083313,0.2758963406085968
IOoVklIZLMw_004034_nonood,calib,normal,0.22931960225105286,0.39082071185112,0.24682599306106567,0.16568434238433838,0.11394736915826797
IOoVklIZLMw_004034_ood,ood,anomaly,0.3281773328781128,0.4799356460571289,0.3482176959514618,0.2429640293121338,0.2415919303894043
Hx8FMhmdOQU_000483_nonood,heldout,normal,0.1634579598903656,0.2903501093387604,0.17565348744392395,0.10982517153024673,0.07800310850143433
Hx8FMhmdOQU_000483_ood,ood,anomaly,0.14839498698711395,0.26557472348213196,0.15453504025936127,0.10029544681310654,0.07317476719617844
t4Cvbdtebk0_002882_nonood,calib,normal,0.12283363938331604,0.18224471807479858,0.11969637870788574,0.10066412389278412,0.08872933685779572
t4Cvbdtebk0_002882_ood,ood,anomaly,0.2308415174484253,0.30353787541389465,0.19545096158981323,0.17331570386886597,0.2510615587234497
Q7VBPeGwJWw_001409_nonood,calib,normal,0.14635026454925537,0.26286372542381287,0.15546411275863647,0.10144899040460587,0.06562424451112747
Q7VBPeGwJWw_001409_ood,ood,anomaly,0.16675037145614624,0.2849404215812683,0.16981883347034454,0.1166590079665184,0.0955832302570343
PEwiwzyTjX0_000881_nonood,calib,normal,0.14387845993041992,0.2534591853618622,0.14766383171081543,0.10219656676054001,0.07219423353672028
PEwiwzyTjX0_000881_ood,ood,anomaly,0.25547707080841064,0.3476630747318268,0.24158038198947906,0.1930459588766098,0.23961877822875977
Hd2IzHAfkCI_005223_nonood,heldout,normal,0.31168824434280396,0.4825071692466736,0.33217060565948486,0.237018883228302,0.19505630433559418
Hd2IzHAfkCI_005223_ood,ood,anomaly,0.2684154808521271,0.3697095513343811,0.26845455169677734,0.22230219841003418,0.2131955921649933
QeuzUfHIWYU_001607_nonood,calib,normal,0.21276742219924927,0.34874504804611206,0.2239707112312317,0.14920887351036072,0.1291450709104538
QeuzUfHIWYU_001607_ood,ood,anomaly,0.5370756983757019,0.6286758780479431,0.5883286595344543,0.5184537172317505,0.41284456849098206
D_pyFV4nKd4_000211_nonood,calib,normal,0.30214619636535645,0.4409562647342682,0.33887025713920593,0.24882347881793976,0.1799347698688507
D_pyFV4nKd4_000211_ood,ood,anomaly,0.20481210947036743,0.32944074273109436,0.2212497442960739,0.15480433404445648,0.11375365406274796
PqbpIHZvjMA_000454_nonood,calib,normal,0.16012848913669586,0.2893068492412567,0.1611778736114502,0.10531077533960342,0.08471845090389252
PqbpIHZvjMA_000454_ood,ood,anomaly,0.19354750216007233,0.32754766941070557,0.1934620589017868,0.12960143387317657,0.12357882410287857
W6YrlYyWguc_002877_nonood,calib,normal,0.19012151658535004,0.33869555592536926,0.2011243999004364,0.12882989645004272,0.09183622151613235
W6YrlYyWguc_002877_ood,ood,anomaly,0.2123483121395111,0.3630424737930298,0.22077347338199615,0.1546945720911026,0.1108827218413353
nvVk7L3GrJQ_005580_nonood,calib,normal,0.23672647774219513,0.3832826018333435,0.25183191895484924,0.17830443382263184,0.13348691165447235
nvVk7L3GrJQ_005580_ood,ood,anomaly,0.3233683705329895,0.4272281229496002,0.3121602237224579,0.2708466351032257,0.28323855996131897
TlBhM9Xbr2o_001092_nonood,calib,normal,0.06664285063743591,0.12402580678462982,0.07035332173109055,0.04347292706370354,0.028719360008835793
TlBhM9Xbr2o_001092_ood,ood,anomaly,0.12040478736162186,0.16667859256267548,0.11403531581163406,0.09728164225816727,0.10362358391284943
Y4rb2_HaBdQ_001571_nonood,calib,normal,0.05836872756481171,0.1219068095088005,0.05654742941260338,0.034018486738204956,0.021002180874347687
Y4rb2_HaBdQ_001571_ood,ood,anomaly,0.1152443066239357,0.20278306305408478,0.11845026910305023,0.08371361345052719,0.056030288338661194
gXezhrOijmQ_005245_nonood,calib,normal,0.03974632918834686,0.07590530067682266,0.04080395773053169,0.025213012471795082,0.017063036561012268
gXezhrOijmQ_005245_ood,ood,anomaly,0.04384409636259079,0.08265385776758194,0.04372037574648857,0.029098855331540108,0.01990330219268799
ahKX0rtdMJc_001723_nonood,calib,normal,0.27199387550354004,0.4446834921836853,0.2970176339149475,0.20339980721473694,0.142874613404274
ahKX0rtdMJc_001723_ood,ood,anomaly,0.5821725726127625,0.5629047751426697,0.5228250622749329,0.5618367791175842,0.6811237335205078
f482qwPz7ns_005724_nonood,calib,normal,0.12084915488958359,0.22768466174602509,0.12527458369731903,0.07828793674707413,0.052149441093206406
f482qwPz7ns_005724_ood,ood,anomaly,0.1204308569431305,0.22633075714111328,0.12525780498981476,0.07839201390743256,0.051742881536483765
Tsl84N96WM8_001131_nonood,calib,normal,0.25617676973342896,0.3777354955673218,0.2702468931674957,0.20495650172233582,0.1717682182788849
Tsl84N96WM8_001131_ood,ood,anomaly,0.2432275116443634,0.3878568112850189,0.25549155473709106,0.17856696248054504,0.15099474787712097
fdvMUP8qvzw_001297_nonood,calib,normal,0.33765023946762085,0.4871349334716797,0.3695478141307831,0.28035545349121094,0.2135627567768097
fdvMUP8qvzw_001297_ood,ood,anomaly,0.3198571801185608,0.4541509449481964,0.3205890655517578,0.2476920783519745,0.25699660181999207
7uTMZ5-aWKA_002115_nonood,calib,normal,0.20569193363189697,0.3315713107585907,0.22247526049613953,0.15762324631214142,0.11109794676303864
7uTMZ5-aWKA_002115_ood,ood,anomaly,0.22069162130355835,0.3484475016593933,0.22849470376968384,0.16725268959999084,0.1385716050863266
d2SCftR5sWc_000301_nonood,calib,normal,0.27011406421661377,0.39689335227012634,0.3004074692726135,0.22149677574634552,0.16165871918201447
d2SCftR5sWc_000301_ood,ood,anomaly,0.30102238059043884,0.4377704858779907,0.31345149874687195,0.24421922862529755,0.20864824950695038
xjbbH74SwTg_004536_nonood,calib,normal,0.09723235666751862,0.19592703878879547,0.09823809564113617,0.057682886719703674,0.037081412971019745
xjbbH74SwTg_004536_ood,ood,anomaly,0.13202354311943054,0.22417576611042023,0.1305353194475174,0.09072399139404297,0.08265908807516098
3tEZvtQZ18Q_001444_nonood,calib,normal,0.34400734305381775,0.5039175748825073,0.37808650732040405,0.2852407693862915,0.2087845504283905
3tEZvtQZ18Q_001444_ood,ood,anomaly,0.36977618932724,0.5013766288757324,0.3869291841983795,0.30953991413116455,0.2812590003013611
QeuzUfHIWYU_004621_nonood,heldout,normal,0.12180188298225403,0.22754468023777008,0.1267886906862259,0.07820134609937668,0.05467282608151436
QeuzUfHIWYU_004621_ood,ood,anomaly,0.6081489324569702,0.6303290128707886,0.5946229696273804,0.6231935620307922,0.5844501852989197
UbDCiQVuzPY_001786_nonood,calib,normal,0.04729025810956955,0.10077612847089767,0.04666705057024956,0.02582910843193531,0.015888744965195656
UbDCiQVuzPY_001786_ood,ood,anomaly,0.21611681580543518,0.2459743320941925,0.19507689774036407,0.20724254846572876,0.21617349982261658
DSBGS6aRzgc_004516_nonood,calib,normal,0.26813584566116333,0.4137342870235443,0.2850310504436493,0.206175297498703,0.16760273277759552
DSBGS6aRzgc_004516_ood,ood,anomaly,0.2755081057548523,0.4287048280239105,0.3015860617160797,0.21449261903762817,0.1572488695383072
2TmFM9p1KF8_005030_nonood,calib,normal,0.2832653522491455,0.4197690188884735,0.3132212162017822,0.2317187488079071,0.16835232079029083
2TmFM9p1KF8_005030_ood,ood,anomaly,0.43418312072753906,0.5328540802001953,0.44040489196777344,0.3963710069656372,0.3671024739742279
pQdl0apLT70_000947_nonood,calib,normal,0.17407137155532837,0.2929629385471344,0.18649707734584808,0.1250004917383194,0.09182501584291458
pQdl0apLT70_000947_ood,ood,anomaly,0.17518256604671478,0.29285308718681335,0.19010856747627258,0.12876597046852112,0.08900264650583267
qYonJ4w6SZs_000429_nonood,calib,normal,0.20805446803569794,0.32464733719825745,0.21585068106651306,0.15477578341960907,0.13694408535957336
qYonJ4w6SZs_000429_ood,ood,anomaly,0.24656501412391663,0.379274845123291,0.25154659152030945,0.19749410450458527,0.15794450044631958
TlBhM9Xbr2o_002504_nonood,calib,normal,0.34437376260757446,0.4895346462726593,0.3827269971370697,0.2876835763454437,0.21754975616931915
TlBhM9Xbr2o_002504_ood,ood,anomaly,0.25734513998031616,0.33489400148391724,0.2484465390443802,0.20821797847747803,0.2378220111131668
9Q0FCoNxL8I_000221_nonood,calib,normal,0.33803457021713257,0.4839252829551697,0.36686092615127563,0.28395551443099976,0.21739649772644043
9Q0FCoNxL8I_000221_ood,ood,anomaly,0.3188697397708893,0.44407621026039124,0.3415466547012329,0.26759061217308044,0.22226548194885254
4wKjxDXnmYs_000219_nonood,calib,normal,0.22569440305233002,0.3595723509788513,0.23357746005058289,0.16699634492397308,0.14263148605823517
4wKjxDXnmYs_000219_ood,ood,anomaly,0.14496049284934998,0.2480771243572235,0.15096057951450348,0.1029825359582901,0.07782173156738281
xpOyD-qrQUw_002352_nonood,calib,normal,0.11557622998952866,0.1830356866121292,0.11436944454908371,0.09847766160964966,0.06642212718725204
xpOyD-qrQUw_002352_ood,ood,anomaly,0.1011151522397995,0.18048718571662903,0.1020636036992073,0.06876830756664276,0.053141504526138306
nvVk7L3GrJQ_003780_nonood,calib,normal,0.17011722922325134,0.28594061732292175,0.1749454289674759,0.12358669191598892,0.09599612653255463
nvVk7L3GrJQ_003780_ood,ood,anomaly,0.2409026026725769,0.33490440249443054,0.22767803072929382,0.19459573924541473,0.20643223822116852
W6YrlYyWguc_003816_nonood,calib,normal,0.07073497772216797,0.1374635249376297,0.07259012758731842,0.044982925057411194,0.027903327718377113
W6YrlYyWguc_003816_ood,ood,anomaly,0.3729219138622284,0.45442211627960205,0.3413614332675934,0.31250107288360596,0.38340309262275696
9Q0FCoNxL8I_003976_nonood,calib,normal,0.06607571244239807,0.13092952966690063,0.06800450384616852,0.03984181210398674,0.025527000427246094
9Q0FCoNxL8I_003976_ood,ood,anomaly,0.08399178832769394,0.15504911541938782,0.08384464681148529,0.05670151486992836,0.040371883660554886
GJr8wKk8-YA_003273_nonood,calib,normal,0.1800098419189453,0.317263662815094,0.1928895264863968,0.12743155658245087,0.08245464414358139
GJr8wKk8-YA_003273_ood,ood,anomaly,0.1283346712589264,0.2359708696603775,0.13332107663154602,0.085538350045681,0.05850835517048836
1u69z-wsDIc_002449_nonood,calib,normal,0.2727288007736206,0.4605919420719147,0.3046182096004486,0.1987588256597519,0.12694628536701202
1u69z-wsDIc_002449_ood,ood,anomaly,0.21547691524028778,0.3788910508155823,0.23048676550388336,0.1474582850933075,0.10507156699895859
LfKfK4I5RPE_002216_nonood,calib,normal,0.19126488268375397,0.32873159646987915,0.20399850606918335,0.13727541267871857,0.0950540080666542
LfKfK4I5RPE_002216_ood,ood,anomaly,0.34352433681488037,0.4705488383769989,0.35239601135253906,0.29606524109840393,0.2550871670246124
bFGmOp9H3MA_003301_nonood,calib,normal,0.1995958685874939,0.31785860657691956,0.2096531093120575,0.15914006531238556,0.11173171550035477
bFGmOp9H3MA_003301_ood,ood,anomaly,0.38718441128730774,0.4867292642593384,0.3649616241455078,0.3270767331123352,0.36997005343437195
gXezhrOijmQ_001154_nonood,calib,normal,0.22416561841964722,0.34762799739837646,0.24094171822071075,0.1790207177400589,0.12907208502292633
gXezhrOijmQ_001154_ood,ood,anomaly,0.2096693366765976,0.3666049540042877,0.22205515205860138,0.14304621517658234,0.10697099566459656
y4Evv5By6sg_004266_nonood,heldout,normal,0.2375083863735199,0.39875876903533936,0.2519272267818451,0.1734713315963745,0.12587618827819824
y4Evv5By6sg_004266_ood,ood,anomaly,0.2335573136806488,0.3788136839866638,0.24252833425998688,0.16404886543750763,0.1488383561372757
Y4rb2_HaBdQ_001637_nonood,heldout,normal,0.2400091588497162,0.41324254870414734,0.2563721239566803,0.1747354418039322,0.11568651348352432
Y4rb2_HaBdQ_001637_ood,ood,anomaly,0.3170682489871979,0.37500226497650146,0.2743757665157318,0.2710111141204834,0.34788385033607483
oZaUkhs_H-s_001257_nonood,calib,normal,0.19785341620445251,0.33152908086776733,0.2052571028470993,0.14496295154094696,0.10966453701257706
oZaUkhs_H-s_001257_ood,ood,anomaly,0.26024889945983887,0.3627391457557678,0.2536410391330719,0.20661666989326477,0.217998668551445
UOjQsfDXjO0_003077_nonood,calib,normal,0.23707382380962372,0.37421947717666626,0.23632410168647766,0.15738935768604279,0.18036232888698578
UOjQsfDXjO0_003077_ood,ood,anomaly,0.18954730033874512,0.31639909744262695,0.19280216097831726,0.13214945793151855,0.1168384924530983
PfJ2CudpCgE_005656_nonood,calib,normal,0.23996701836585999,0.379245787858963,0.26048603653907776,0.18819665908813477,0.1319395750761032
PfJ2CudpCgE_005656_ood,ood,anomaly,0.3831961154937744,0.46696990728378296,0.3783377707004547,0.3231429159641266,0.364333838224411
fHUJcUaW2mE_001714_nonood,calib,normal,0.16004697978496552,0.2831347584724426,0.16653066873550415,0.11045662313699722,0.08006585389375687
fHUJcUaW2mE_001714_ood,ood,anomaly,0.24462197721004486,0.3630232810974121,0.2534605860710144,0.20140714943408966,0.16059687733650208
1u69z-wsDIc_000565_nonood,calib,normal,0.28989142179489136,0.44330519437789917,0.30752837657928467,0.2333606630563736,0.17537137866020203
1u69z-wsDIc_000565_ood,ood,anomaly,0.23607340455055237,0.38070225715637207,0.251078724861145,0.18014240264892578,0.132370263338089
7uTMZ5-aWKA_000860_nonood,calib,normal,0.17473474144935608,0.3126831650733948,0.17504224181175232,0.11362864077091217,0.09758494049310684
7uTMZ5-aWKA_000860_ood,ood,anomaly,0.0409432128071785,0.08262929320335388,0.040475279092788696,0.024405615404248238,0.016262659803032875
EY8x-fyQkbk_002649_nonood,calib,normal,0.13980519771575928,0.24734152853488922,0.14858224987983704,0.09891616553068161,0.06438082456588745
EY8x-fyQkbk_002649_ood,ood,anomaly,0.4380370080471039,0.5106027126312256,0.43853500485420227,0.3734389543533325,0.42957136034965515
Q7VBPeGwJWw_001964_nonood,calib,normal,0.11853151023387909,0.22489163279533386,0.12659724056720734,0.07501424849033356,0.0476229153573513
Q7VBPeGwJWw_001964_ood,ood,anomaly,0.38751620054244995,0.4828972816467285,0.38157179951667786,0.3340384066104889,0.3515573740005493
d2SCftR5sWc_000711_nonood,heldout,normal,0.2413567155599594,0.3935566544532776,0.2592295706272125,0.1846204549074173,0.12802013754844666
d2SCftR5sWc_000711_ood,ood,anomaly,0.20227740705013275,0.3255339562892914,0.1993856430053711,0.15172269940376282,0.13246731460094452
EY8x-fyQkbk_006234_nonood,heldout,normal,0.1105947270989418,0.19458328187465668,0.11412861943244934,0.07619227468967438,0.05747474730014801
EY8x-fyQkbk_006234_ood,ood,anomaly,0.2708699107170105,0.37130412459373474,0.255789190530777,0.2327803522348404,0.2236059457063675
EY8x-fyQkbk_001227_nonood,calib,normal,0.1956256628036499,0.33839502930641174,0.21305064857006073,0.13715751469135284,0.09389950335025787
EY8x-fyQkbk_001227_ood,ood,anomaly,0.16232365369796753,0.27504417300224304,0.15756399929523468,0.1052226796746254,0.11146378517150879
bcpfYpmDcp0_000156_nonood,calib,normal,0.16620293259620667,0.29750508069992065,0.1769876778125763,0.11479135602712631,0.07552765309810638
bcpfYpmDcp0_000156_ood,ood,anomaly,0.1417805254459381,0.2550545334815979,0.14767152070999146,0.09637796878814697,0.0680181011557579
l1XbmdmGr0Q_000169_nonood,calib,normal,0.2634925842285156,0.3808767795562744,0.2818557918071747,0.22156615555286407,0.16967163980007172
l1XbmdmGr0Q_000169_ood,ood,anomaly,0.22640934586524963,0.3546161651611328,0.23226886987686157,0.18073812127113342,0.13801422715187073
6E2N9ld0eHg_001263_nonood,calib,normal,0.296199232339859,0.46443334221839905,0.328176885843277,0.2287340760231018,0.1634526401758194
6E2N9ld0eHg_001263_ood,ood,anomaly,0.2562144696712494,0.41614198684692383,0.2763546407222748,0.1934501677751541,0.13891108334064484
0RJPQ_97dcs_000387_nonood,calib,normal,0.3092762529850006,0.4268249571323395,0.32451650500297546,0.2493160367012024,0.2364475429058075
0RJPQ_97dcs_000387_ood,ood,anomaly,0.22663846611976624,0.348283588886261,0.2167825549840927,0.158657044172287,0.18283067643642426
lKMwX4nA64k_005351_nonood,calib,normal,0.2416616529226303,0.37382635474205017,0.2627207338809967,0.1886289268732071,0.14147059619426727
lKMwX4nA64k_005351_ood,ood,anomaly,0.5371870994567871,0.5723017454147339,0.4979717433452606,0.49029043316841125,0.5881845951080322
Zpo0kwg1XEQ_000942_nonood,calib,normal,0.21448074281215668,0.3315548300743103,0.23279090225696564,0.16813836991786957,0.1254388839006424
Zpo0kwg1XEQ_000942_ood,ood,anomaly,0.23623530566692352,0.3246921896934509,0.20837683975696564,0.1818283349275589,0.23004388809204102
ZIts2XH28SA_004402_nonood,calib,normal,0.1613897830247879,0.2783915400505066,0.16932477056980133,0.11067322641611099,0.08716962486505508
ZIts2XH28SA_004402_ood,ood,anomaly,0.28838956356048584,0.4100930988788605,0.28651419281959534,0.22786648571491241,0.22908444702625275
GdyJqgxlSxs_001538_nonood,calib,normal,0.24539612233638763,0.365574449300766,0.27071040868759155,0.1999099999666214,0.14538966119289398
GdyJqgxlSxs_001538_ood,ood,anomaly,0.39634281396865845,0.44518163800239563,0.3659364879131317,0.3640879988670349,0.41016513109207153
d2SCftR5sWc_002296_nonood,calib,normal,0.22374974191188812,0.3480288088321686,0.23998232185840607,0.17830534279346466,0.128682479262352
d2SCftR5sWc_002296_ood,ood,anomaly,0.1910102367401123,0.3199945092201233,0.19308717548847198,0.13070784509181976,0.12025146931409836
xjbbH74SwTg_002050_nonood,calib,normal,0.06577762216329575,0.13185837864875793,0.06801366060972214,0.03894335776567459,0.02429509349167347
xjbbH74SwTg_002050_ood,ood,anomaly,0.09179313480854034,0.14547917246818542,0.080968476831913,0.0611974261701107,0.07952746748924255
e3hXj7S3QyA_001070_nonood,heldout,normal,0.16672194004058838,0.27569955587387085,0.17909759283065796,0.12161178141832352,0.0904788076877594
e3hXj7S3QyA_001070_ood,ood,anomaly,0.2521476745605469,0.38897815346717834,0.2679775655269623,0.19788700342178345,0.15374791622161865
PYL3JcSsS6o_004416_nonood,calib,normal,0.20158317685127258,0.34633755683898926,0.20300303399562836,0.1392919421195984,0.11770015209913254
PYL3JcSsS6o_004416_ood,ood,anomaly,0.3899255692958832,0.48633041977882385,0.37023434042930603,0.33157917857170105,0.3715583384037018
OWtbKblBOKI_003070_nonood,calib,normal,0.13717904686927795,0.2514769732952118,0.1393602341413498,0.08940394222736359,0.06847507506608963
OWtbKblBOKI_003070_ood,ood,anomaly,0.18353894352912903,0.27161461114883423,0.1794886291027069,0.1446579098701477,0.13839460909366608
LbKd5Ho0wDM_000503_nonood,calib,normal,0.1812753677368164,0.2870076596736908,0.1954352855682373,0.14365173876285553,0.0990067571401596
LbKd5Ho0wDM_000503_ood,ood,anomaly,0.38227367401123047,0.4524334967136383,0.34930023550987244,0.33952030539512634,0.3878406584262848
UKBuDqU8qTM_003999_nonood,calib,normal,0.043917395174503326,0.08653378486633301,0.04556798189878464,0.026543157175183296,0.017024649307131767
UKBuDqU8qTM_003999_ood,ood,anomaly,0.06864897906780243,0.1230706125497818,0.07056126743555069,0.047847334295511246,0.03311670571565628
TNZv-NBcV5U_004436_nonood,heldout,normal,0.13803674280643463,0.26202213764190674,0.14647410809993744,0.08693353086709976,0.056717172265052795
TNZv-NBcV5U_004436_ood,ood,anomaly,0.21333637833595276,0.3550485670566559,0.22717107832431793,0.15306159853935242,0.1180642619729042
mrIFkGZbNjc_001871_nonood,heldout,normal,0.22181755304336548,0.36202022433280945,0.2326885312795639,0.1660418063402176,0.12651968002319336
mrIFkGZbNjc_001871_ood,ood,anomaly,0.3500409722328186,0.490386962890625,0.35913336277008057,0.2732972204685211,0.2773464024066925
VxWJchENocA_004081_nonood,heldout,normal,0.2141628861427307,0.34389960765838623,0.22741545736789703,0.1629173457622528,0.12241913378238678
VxWJchENocA_004081_ood,ood,anomaly,0.2659779489040375,0.359463632106781,0.26005735993385315,0.21488001942634583,0.22951078414916992
hfwb3mZZ0fs_001042_nonood,heldout,normal,0.20557716488838196,0.36343836784362793,0.21792367100715637,0.14299583435058594,0.09795083105564117
hfwb3mZZ0fs_001042_ood,ood,anomaly,0.3290514051914215,0.44092002511024475,0.335105836391449,0.2874603271484375,0.2527194321155548
4OGV0AbV91U_001481_nonood,calib,normal,0.24823638796806335,0.39219462871551514,0.2619321048259735,0.19382654130458832,0.14499227702617645
4OGV0AbV91U_001481_ood,ood,anomaly,0.22917382419109344,0.36404651403427124,0.2378985583782196,0.17474152147769928,0.14000871777534485
h55PiQMnlJY_001243_nonood,calib,normal,0.160454660654068,0.2816449701786041,0.1635770946741104,0.11306916177272797,0.08352743089199066
h55PiQMnlJY_001243_ood,ood,anomaly,0.2518990933895111,0.34057459235191345,0.23831012845039368,0.19523197412490845,0.23347966372966766
xVfPBzDnI2Q_005155_nonood,calib,normal,0.2353542000055313,0.3634376525878906,0.23671436309814453,0.16663828492164612,0.17462651431560516
xVfPBzDnI2Q_005155_ood,ood,anomaly,0.11826765537261963,0.22580963373184204,0.12185893952846527,0.07623513787984848,0.04916689917445183
J_ggxJD3Uy8_001670_nonood,calib,normal,0.1850220412015915,0.31004858016967773,0.20199857652187347,0.13702474534511566,0.0910162478685379
J_ggxJD3Uy8_001670_ood,ood,anomaly,0.22759567201137543,0.34634968638420105,0.21723109483718872,0.17205427587032318,0.17474766075611115
VxWJchENocA_001130_nonood,calib,normal,0.19149498641490936,0.3327275812625885,0.20636506378650665,0.13361474871635437,0.09327252954244614
VxWJchENocA_001130_ood,ood,anomaly,0.2605401277542114,0.40407413244247437,0.27333101630210876,0.20433324575424194,0.16042208671569824
xVfPBzDnI2Q_005805_nonood,calib,normal,0.1793622076511383,0.271825909614563,0.18751314282417297,0.1408633142709732,0.11724649369716644
xVfPBzDnI2Q_005805_ood,ood,anomaly,0.24635173380374908,0.3112395107746124,0.22433693706989288,0.23142333328723907,0.21840713918209076
jFFhYwgepmY_000073_nonood,heldout,normal,0.28204840421676636,0.4375592768192291,0.3063600957393646,0.2228972613811493,0.1613769233226776
jFFhYwgepmY_000073_ood,ood,anomaly,0.22803236544132233,0.34026625752449036,0.20942460000514984,0.15707314014434814,0.20536547899246216
Hkui6PJboFg_005596_nonood,heldout,normal,0.166761577129364,0.28553614020347595,0.17580293118953705,0.1210649311542511,0.08464229106903076
Hkui6PJboFg_005596_ood,ood,anomaly,0.16854043304920197,0.2830280661582947,0.17790740728378296,0.12026987969875336,0.09295637160539627
t4Cvbdtebk0_000685_nonood,calib,normal,0.20793163776397705,0.35845932364463806,0.22012050449848175,0.14355036616325378,0.1095963716506958
t4Cvbdtebk0_000685_ood,ood,anomaly,0.3486993908882141,0.4857123792171478,0.3301471769809723,0.2506604492664337,0.32827749848365784
r6_ZhT7rmhM_001797_nonood,heldout,normal,0.2084730565547943,0.34505951404571533,0.22079892456531525,0.15434737503528595,0.11368640512228012
r6_ZhT7rmhM_001797_ood,ood,anomaly,0.5037159323692322,0.5218116641044617,0.4424607753753662,0.4333852231502533,0.6172060370445251
gXezhrOijmQ_000073_nonood,calib,normal,0.1259150207042694,0.23628340661525726,0.1272629052400589,0.08210281282663345,0.058010976761579514
gXezhrOijmQ_000073_ood,ood,anomaly,0.330015629529953,0.4637155532836914,0.34305641055107117,0.27970069646835327,0.23358981311321259
HzVbo46kkBA_000670_nonood,calib,normal,0.3551267683506012,0.4886578619480133,0.3816606402397156,0.30451276898384094,0.24567577242851257
HzVbo46kkBA_000670_ood,ood,anomaly,0.5340840816497803,0.6394219994544983,0.5620085597038269,0.4995172917842865,0.43538856506347656
bcpfYpmDcp0_000541_nonood,calib,normal,0.24235041439533234,0.40402752161026,0.25599613785743713,0.16682741045951843,0.14255057275295258
bcpfYpmDcp0_000541_ood,ood,anomaly,0.22505825757980347,0.35321348905563354,0.22568294405937195,0.15731181204319,0.16402481496334076
gDjeTHGWX9c_000512_nonood,calib,normal,0.04908217862248421,0.09376668930053711,0.05118037760257721,0.031019635498523712,0.0203620083630085
gDjeTHGWX9c_000512_ood,ood,anomaly,0.15968069434165955,0.2802548408508301,0.16640755534172058,0.11342855542898178,0.07863181084394455
W6YrlYyWguc_003736_nonood,calib,normal,0.3184567093849182,0.4940316379070282,0.3480687737464905,0.25135236978530884,0.1803741604089737
W6YrlYyWguc_003736_ood,ood,anomaly,0.44042307138442993,0.5003083348274231,0.3460673689842224,0.28089237213134766,0.6344241499900818
Vtpe3HAIEm4_002007_nonood,calib,normal,0.22382956743240356,0.3619478940963745,0.2420869618654251,0.16753840446472168,0.12374503165483475
Vtpe3HAIEm4_002007_ood,ood,anomaly,0.19881759583950043,0.3243265748023987,0.20052878558635712,0.13949209451675415,0.13092291355133057
OPj7lUQOre8_000751_nonood,calib,normal,0.2543594539165497,0.40002286434173584,0.2851073145866394,0.1973033994436264,0.1350042074918747
OPj7lUQOre8_000751_ood,ood,anomaly,0.20264559984207153,0.32732638716697693,0.2135012298822403,0.1555943489074707,0.1141604483127594
yr0gNIxRluE_003508_nonood,heldout,normal,0.15008029341697693,0.28194770216941833,0.1582760065793991,0.09681902825832367,0.06327847391366959
yr0gNIxRluE_003508_ood,ood,anomaly,0.32919323444366455,0.42568057775497437,0.31515541672706604,0.28595733642578125,0.2899795174598694
qYonJ4w6SZs_005160_nonood,calib,normal,0.20625951886177063,0.34213387966156006,0.22355519235134125,0.15355071425437927,0.10579827427864075
qYonJ4w6SZs_005160_ood,ood,anomaly,0.19803157448768616,0.2784409523010254,0.1845722496509552,0.1429566591978073,0.18615640699863434
vZSr9dhRxlE_000335_nonood,calib,normal,0.05388890579342842,0.09241970628499985,0.05624889209866524,0.03986658528447151,0.02702043391764164
vZSr9dhRxlE_000335_ood,ood,anomaly,0.22803543508052826,0.23731748759746552,0.2202197015285492,0.23230119049549103,0.2223033607006073
Vtpe3HAIEm4_002771_nonood,heldout,normal,0.17130781710147858,0.2814851403236389,0.18224094808101654,0.12954887747764587,0.09195629507303238
Vtpe3HAIEm4_002771_ood,ood,anomaly,0.19008322060108185,0.3085596263408661,0.19798174500465393,0.14318743348121643,0.11060408502817154
ruiSuGHJf6Q_004209_nonood,heldout,normal,0.06875842809677124,0.12920986115932465,0.07193960249423981,0.04486224800348282,0.029021985828876495
ruiSuGHJf6Q_004209_ood,ood,anomaly,0.1293891966342926,0.18779779970645905,0.13914816081523895,0.10702882707118988,0.08358203619718552
bhA2ckvE-TQ_002032_nonood,heldout,normal,0.2800696790218353,0.43856364488601685,0.30345240235328674,0.2177284210920334,0.16053423285484314
bhA2ckvE-TQ_002032_ood,ood,anomaly,0.31972020864486694,0.464643269777298,0.3222839832305908,0.2532602548599243,0.23869340121746063
hdOtS-BpUPY_005541_nonood,calib,normal,0.2582475244998932,0.40721672773361206,0.2530479431152344,0.174385204911232,0.19834019243717194
hdOtS-BpUPY_005541_ood,ood,anomaly,0.22866898775100708,0.32237449288368225,0.21768637001514435,0.168958380818367,0.20565670728683472
fHUJcUaW2mE_001020_nonood,calib,normal,0.22674526274204254,0.3819335997104645,0.2415207177400589,0.16267187893390656,0.12085483223199844
fHUJcUaW2mE_001020_ood,ood,anomaly,0.186731219291687,0.2650021016597748,0.184599369764328,0.15296670794487,0.14435672760009766
HaC3LrJiTmQ_003076_nonood,calib,normal,0.24449437856674194,0.37349966168403625,0.25696077942848206,0.19366616010665894,0.15385088324546814
HaC3LrJiTmQ_003076_ood,ood,anomaly,0.08507953584194183,0.16582091152668,0.08593525737524033,0.052991822361946106,0.03557015210390091
Y4rb2_HaBdQ_002833_nonood,calib,normal,0.18601003289222717,0.29037487506866455,0.18752336502075195,0.14465546607971191,0.12148645520210266
Y4rb2_HaBdQ_002833_ood,ood,anomaly,0.19394703209400177,0.2777899205684662,0.16575179994106293,0.13597805798053741,0.19626837968826294
p-fBcE77G4c_000607_nonood,calib,normal,0.24178546667099,0.3806220293045044,0.25725385546684265,0.18515998125076294,0.14410600066184998
p-fBcE77G4c_000607_ood,ood,anomaly,0.3367045521736145,0.43096426129341125,0.32539018988609314,0.2637786865234375,0.3266851007938385
O9uvBFovKj8_004288_nonood,calib,normal,0.24159130454063416,0.3662600517272949,0.2625424861907959,0.1959896683692932,0.14157302677631378
O9uvBFovKj8_004288_ood,ood,anomaly,0.2510414719581604,0.349419504404068,0.2488989382982254,0.202392578125,0.2034548968076706
JkYzYrJpSoQ_002340_nonood,heldout,normal,0.1306799203157425,0.2497149258852005,0.1356552541255951,0.08340401202440262,0.05394545570015907
JkYzYrJpSoQ_002340_ood,ood,anomaly,0.03221440315246582,0.06431104242801666,0.0322246216237545,0.019366217777132988,0.012955723330378532
0z7J7rOpTic_000953_nonood,heldout,normal,0.19132000207901,0.344008207321167,0.2033447027206421,0.1326194852590561,0.08530761301517487
0z7J7rOpTic_000953_ood,ood,anomaly,0.1974160075187683,0.34735313057899475,0.2051566243171692,0.1343466192483902,0.10280764102935791
h55PiQMnlJY_001860_nonood,heldout,normal,0.07272079586982727,0.13762031495571136,0.07166638225317001,0.04764663428068161,0.03394986689090729
h55PiQMnlJY_001860_ood,ood,anomaly,0.36827391386032104,0.49907031655311584,0.3626428544521332,0.29080578684806824,0.32057666778564453
4OGV0AbV91U_004538_nonood,calib,normal,0.06412316858768463,0.13044434785842896,0.06454239040613174,0.03763774409890175,0.02386818826198578
4OGV0AbV91U_004538_ood,ood,anomaly,0.029303207993507385,0.04453973099589348,0.03191335126757622,0.024567985907197,0.016191761940717697
fb5i7JlmJdg_005553_nonood,calib,normal,0.14013630151748657,0.26609840989112854,0.14655500650405884,0.09059930592775345,0.057292453944683075
fb5i7JlmJdg_005553_ood,ood,anomaly,0.06492295116186142,0.12024227529764175,0.06410156190395355,0.04086440056562424,0.03448355942964554
4K_6s1n6BpU_006074_nonood,calib,normal,0.21102766692638397,0.3565196990966797,0.22569362819194794,0.15228700637817383,0.10961031168699265
4K_6s1n6BpU_006074_ood,ood,anomaly,0.2673616409301758,0.37522947788238525,0.22939051687717438,0.17756886780261993,0.2872577905654907
t_bCDlNOhJc_002483_nonood,calib,normal,0.28199565410614014,0.4082517921924591,0.3111664056777954,0.23830536007881165,0.17025913298130035
t_bCDlNOhJc_002483_ood,ood,anomaly,0.17541339993476868,0.2823149263858795,0.18605946004390717,0.13397550582885742,0.0993037074804306
QeuzUfHIWYU_005777_nonood,calib,normal,0.4500543475151062,0.6339808106422424,0.5048403143882751,0.37573719024658203,0.2856591045856476
QeuzUfHIWYU_005777_ood,ood,anomaly,0.5791136622428894,0.6928493976593018,0.626715898513794,0.542768120765686,0.4541211724281311
sdqIDbZJfy0_005607_nonood,calib,normal,0.18054814636707306,0.32129043340682983,0.18992097675800323,0.12319879978895187,0.08778239786624908
sdqIDbZJfy0_005607_ood,ood,anomaly,0.22064009308815002,0.36383363604545593,0.22907686233520508,0.1641710251569748,0.1254788041114807
pQdl0apLT70_002720_nonood,calib,normal,0.233897864818573,0.37074190378189087,0.2557673752307892,0.18104468286037445,0.1280374526977539
pQdl0apLT70_002720_ood,ood,anomaly,0.34191808104515076,0.46228185296058655,0.32870855927467346,0.2784784138202667,0.2982034981250763
pOJpwWmEcFg_002352_nonood,calib,normal,0.1758500188589096,0.2926851809024811,0.17940346896648407,0.12832967936992645,0.10298176109790802
pOJpwWmEcFg_002352_ood,ood,anomaly,0.21729661524295807,0.32942211627960205,0.20673997700214386,0.15846984088420868,0.17455455660820007
PEwiwzyTjX0_003560_nonood,calib,normal,0.22697871923446655,0.35287967324256897,0.2519984543323517,0.17300890386104584,0.1300278753042221
PEwiwzyTjX0_003560_ood,ood,anomaly,0.2697620391845703,0.36349546909332275,0.2739163935184479,0.22803285717964172,0.21360352635383606
bhA2ckvE-TQ_001256_nonood,calib,normal,0.2551560401916504,0.40880322456359863,0.2813190221786499,0.19482776522636414,0.1356741040945053
bhA2ckvE-TQ_001256_ood,ood,anomaly,0.38032451272010803,0.5450039505958557,0.41024190187454224,0.315326988697052,0.25072523951530457
sdqIDbZJfy0_002337_nonood,calib,normal,0.1417635679244995,0.26133501529693604,0.1525323987007141,0.09041598439216614,0.06277087330818176
sdqIDbZJfy0_002337_ood,ood,anomaly,0.22464974224567413,0.338612824678421,0.22926664352416992,0.1837659776210785,0.1469535529613495
vZSr9dhRxlE_004142_nonood,heldout,normal,0.2744967043399811,0.4196212589740753,0.3023081123828888,0.21976858377456665,0.15628884732723236
vZSr9dhRxlE_004142_ood,ood,anomaly,0.46275514364242554,0.5268422365188599,0.4488241374492645,0.41629737615585327,0.4590567648410797
ujVRDgGVzlQ_005856_nonood,calib,normal,0.2399362176656723,0.3476208746433258,0.26478850841522217,0.20195594429969788,0.14537957310676575
ujVRDgGVzlQ_005856_ood,ood,anomaly,0.25266727805137634,0.3609892427921295,0.2565971314907074,0.21435454487800598,0.17872820794582367
T7TkJVmGyts_003025_nonood,calib,normal,0.3578723073005676,0.49824896454811096,0.37844419479370117,0.2972351014614105,0.25756096839904785
T7TkJVmGyts_003025_ood,ood,anomaly,0.5241178274154663,0.5874790549278259,0.5044519305229187,0.4663076400756836,0.5382328033447266
JkYzYrJpSoQ_000925_nonood,heldout,normal,0.12217244505882263,0.2133290022611618,0.12627726793289185,0.0865960642695427,0.062487442046403885
JkYzYrJpSoQ_000925_ood,ood,anomaly,0.18736976385116577,0.3024468421936035,0.19113636016845703,0.1371663361787796,0.11872953921556473
