sample_id,split,label,score_mean,score_t0.3,score_t0.5,score_t0.7,score_t0.9,z_t0.3,z_t0.5,z_t0.7,z_t0.9,z_overall
PfJ2CudpCgE_000663_ood,ood,anomaly,0.1797238737344741,0.3076032996177673,0.1860403269529342,0.1259567737579345,0.0992950722575187,-0.2160548325008992,-0.3683454577463861,-0.4023025053644468,-0.3082358956515633,-0.3209064692727915
Eq7_uD2yN5Y_000377_ood,ood,anomaly,0.5097123384475708,0.5923803448677063,0.4796141684055328,0.4027168750762939,0.5641379952430725,2.2959011294519516,2.802648841245801,3.3565339580857887,6.81000160863858,3.588636764746855
sUbP4j8rAic_002733_ood,ood,anomaly,0.2928028106689453,0.4485856294631958,0.3119706213474273,0.2166085988283157,0.1940463632345199,1.0275194298642776,0.991871936349408,0.8288915284926913,1.1427105631662229,1.0187979145960866
r6_ZhT7rmhM_000200_ood,ood,anomaly,0.123347207903862,0.2251308262348175,0.1257573813199997,0.079532191157341,0.0629684627056121,-0.9435264622085358,-1.019482752481674,-1.0328211857967704,-0.8645129125313539,-0.9888298545531998
HzVbo46kkBA_005648_ood,ood,anomaly,0.4160531163215637,0.6172143220901489,0.4658078551292419,0.3372043073177337,0.2439860254526138,2.514956204934477,2.6535219964540544,2.466770486645714,1.9074471203439796,2.47900774033647
88LcRU7uEFE_000370_ood,ood,anomaly,0.3053025305271148,0.4261328279972076,0.3209469318389892,0.2388582229614257,0.2352721691131591,0.8294681843520837,1.0888282225562715,1.1310763379764572,1.774010004416476,1.166888531160927
9Q0FCoNxL8I_000927_ood,ood,anomaly,0.0408894680440425,0.0820228084921836,0.0410195924341678,0.0246437881141901,0.0158716831356287,-2.2058509520787055,-1.9347654089221735,-1.7782918291313776,-1.5857158094436088,-1.9657491515407195
3tEZvtQZ18Q_005180_ood,ood,anomaly,0.1236573010683059,0.2465274035930633,0.1268592923879623,0.0732413306832313,0.0480011738836765,-0.7547919382820768,-1.007580623541245,-1.11826094255333,-1.093710156076687,-0.9851560211844442
3tEZvtQZ18Q_001364_ood,ood,anomaly,0.329681396484375,0.456061840057373,0.3348631262779236,0.2655600607395172,0.2622406184673309,1.0934654465398,1.239141932426273,1.493729195101876,2.186983544795364,1.4557175074681576
pQdl0apLT70_002510_ood,ood,anomaly,0.1869659572839737,0.3054304718971252,0.1906530857086181,0.13457852602005,0.1172017529606819,-0.2352208700667886,-0.3185214283147255,-0.2852055805284661,-0.0340271256439662,-0.2351057769189917
Hkui6PJboFg_001217_ood,ood,anomaly,0.1462181508541107,0.2516638338565826,0.1569444835186004,0.1040014997124672,0.0722627788782119,-0.7094846115897928,-0.6826198944541226,-0.7004895787685512,-0.7221870930231016,-0.7178660184550668
krPRThe7R4g_003203_ood,ood,anomaly,0.1997904926538467,0.3054247200489044,0.1982962787151336,0.1589033752679824,0.1365375816822052,-0.2352716058605312,-0.2359646128646986,0.0451640424248153,0.2620664887281194,-0.0831669037576996
4wKjxDXnmYs_005030_ood,ood,anomaly,0.315168023109436,0.4689216613769531,0.3551907837390899,0.2488274276256561,0.1877321749925613,1.2068991146397556,1.4587081090388856,1.2664737808340254,1.046020069817668,1.2837701009728246
a_VxrUq9PmA_005252_ood,ood,anomaly,0.0728655532002449,0.1317471265792846,0.077241450548172,0.0498030968010425,0.0326705463230609,-1.7672436297669365,-1.543520381742336,-1.43658893757709,-1.3284712821908295,-1.586912008001303
fWJbp43k644_005053_ood,ood,anomaly,0.1894722580909729,0.3123261630535126,0.1952225714921951,0.1330939531326294,0.1172463372349739,-0.1743954882426665,-0.2691648054720596,-0.3053684099077888,-0.033344397269124,-0.2054123409046726
fb5i7JlmJdg_004952_ood,ood,anomaly,0.3663696646690368,0.5031726956367493,0.3842690587043762,0.3140535950660705,0.2639833092689514,1.5090199883093118,1.772792782534355,2.1523474865388588,2.2136697357839323,1.8903823093846417
zRZ9PJguIfE_004095_ood,ood,anomaly,0.1875777840614318,0.3112751245498657,0.1922177821397781,0.1284841150045395,0.1183340921998024,-0.1836664687501036,-0.3016205919244271,-0.3679772453718841,-0.0166873765783718,-0.2278571500911326
gZbGLa253Ak_004311_ood,ood,anomaly,0.3535755276679992,0.4862556457519531,0.3806603550910949,0.2989450693130493,0.2484410852193832,1.3597983953980182,1.7338139057793729,1.947149998754641,1.975668388104697,1.738803581349359
GLZENQ5lzGA_000148_ood,ood,anomaly,0.5590049028396606,0.5848560333251953,0.5329543352127075,0.5471744537353516,0.5710346102714539,2.2295308248432617,3.378794740403351,5.318494556809475,6.915610925937363,4.1726311530783455
88LcRU7uEFE_005516_ood,ood,anomaly,0.2883323132991791,0.4099014699459076,0.2939094007015228,0.2364779561758041,0.2130404114723205,0.6862949289663842,0.7967863407880934,1.098748579950953,1.4335704210645224,0.9658336306479556
qzMjfBx1KI0_003899_ood,ood,anomaly,0.303277850151062,0.4169780611991882,0.3371369540691376,0.2653408646583557,0.1936555653810501,0.7487159909356876,1.2637023460079229,1.4907521683607,1.1367261933939607,1.1429011003513936
LfKfK4I5RPE_001779_ood,ood,anomaly,0.2009946703910827,0.3379054069519043,0.2210465669631958,0.1416788697242736,0.1033478453755378,0.0512334214063456,0.0097692508136232,-0.1887717712787564,-0.2461749280030163,-0.0689003901410458
bFGmOp9H3MA_000686_ood,ood,anomaly,0.5397012829780579,0.5842485427856445,0.5087960362434387,0.4873742163181305,0.5783863663673401,2.2241722838087647,3.1178524577876527,4.506313495102657,7.028189914185739,3.943931230226099
7uTMZ5-aWKA_004187_ood,ood,anomaly,0.2871595025062561,0.4395106732845306,0.3160705864429474,0.2182804942131042,0.1747762411832809,0.9474712284460356,1.0361571011298685,0.851598491329752,0.8476231288639459,0.9519387373696596
Zpo0kwg1XEQ_001299_ood,ood,anomaly,0.1846233308315277,0.3164929449558258,0.1921407580375671,0.1288913041353225,0.1009682565927505,-0.1376412174323678,-0.3024525563385164,-0.3624469780211466,-0.2826140718102055,-0.2628600785881681
6E2N9ld0eHg_001813_ood,ood,anomaly,0.2854849100112915,0.3548682630062103,0.2839767336845398,0.2374072670936584,0.2656874656677246,0.2008590605092612,0.6895001114401478,1.1113700804753184,2.239765841352265,0.9320989779280046
bI9JzQSrEGo_005086_ood,ood,anomaly,0.2300637066364288,0.3476913273334503,0.2312442511320114,0.1748995184898376,0.1664197742938995,0.1375528823869378,0.1199180236137993,0.2624167682710064,0.7196587927968096,0.2754954482749212
p-fBcE77G4c_004034_ood,ood,anomaly,0.2736353576183319,0.3922403156757355,0.2721294462680816,0.2154445350170135,0.2147271335124969,0.5305097541992568,0.5615333938667205,0.8130817153047982,1.4593995506306607,0.7917112300582898
Nc9SDBksPPA_004924_ood,ood,anomaly,0.2092671990394592,0.297627329826355,0.1952291131019592,0.1653264611959457,0.1788859218358993,-0.3040506777130934,-0.269094147244591,0.1323996283307849,0.9105555335658092,0.0291085158175702
3tEZvtQZ18Q_001687_ood,ood,anomaly,0.1470189243555069,0.2680335342884063,0.1527544409036636,0.1001605316996574,0.0671271607279777,-0.5650910683566569,-0.7278780181982444,-0.7526559515683928,-0.8008298945310132,-0.708378842510636
3sGShQb_HwU_000905_ood,ood,anomaly,0.0722351819276809,0.1299000084400177,0.0699826851487159,0.0475439503788948,0.0415141023695468,-1.783536654432216,-1.621924859421637,-1.4672716910064716,-1.1930480473546952,-1.5943803410102029
Nc9SDBksPPA_000531_ood,ood,anomaly,0.0960415378212928,0.1521554291248321,0.0957095772027969,0.077127605676651,0.0591735392808914,-1.587226461572666,-1.3440396512892556,-1.0654792298618128,-0.9226253735628314,-1.312334186180354
kN-2mc561GY_003223_ood,ood,anomaly,0.2399730384349823,0.3520449101924896,0.2248083800077438,0.1726280003786087,0.2104108780622482,0.1759548835349635,0.0504019163778071,0.2315659878904446,1.3933038225797212,0.3928964038518783
P5MjgFmqouA_001596_ood,ood,anomaly,0.2779462933540344,0.4390531778335571,0.2982484400272369,0.2053848057985305,0.169098824262619,0.9434357612452624,0.8436538304011412,0.6764548069507896,0.7606836487647664,0.8427851051783263
fb5i7JlmJdg_005653_ood,ood,anomaly,0.1793283373117447,0.3110446035861969,0.1872853934764862,0.1271620541810989,0.0918212980031967,-0.1856998436962296,-0.3548970563884372,-0.3859329059110135,-0.4226833736383719,-0.3255925929123998
2SAby_5t94M_000905_ood,ood,anomaly,0.2507841885089874,0.3773351311683655,0.2607317268848419,0.2033508419990539,0.1617190390825271,0.3990343852683287,0.4384226187140868,0.6488303868902697,0.6476754452513245,0.5209816648337912
JV0D-YkWHD8_004477_ood,ood,anomaly,0.3331847190856933,0.5032216310501099,0.3704789578914642,0.2623703181743622,0.1966679096221923,1.509451636875768,1.6238410542607986,1.4504074857737956,1.1828548546961726,1.4972231739904107
Hx8FMhmdOQU_004650_ood,ood,anomaly,0.3115211129188537,0.4337102174758911,0.3183299601078033,0.2674061059951782,0.2266382128000259,0.8963066778139157,1.060561390609822,1.5188013864585914,1.641796414406723,1.24056327835536
oZaUkhs_H-s_005205_ood,ood,anomaly,0.5435208082199097,0.6599767804145813,0.5626216530799866,0.4662347435951233,0.4852499365806579,2.8921544866342597,3.6992418734246377,4.219206283800014,5.6019721646173535,3.989183112225768
Hx8FMhmdOQU_001889_ood,ood,anomaly,0.3539763987064361,0.4751883745193481,0.371185839176178,0.2997439205646515,0.269787460565567,1.2621764191221847,1.631476327597145,1.9579996522960703,2.3025499260529094,1.7435529069277484
4wKjxDXnmYs_001491_ood,ood,anomaly,0.1104031354188919,0.2075388729572296,0.11279296875,0.0722372531890869,0.0490434579551219,-1.098701230172185,-1.159515931684016,-1.131897890506237,-1.0777494407455055,-1.142184945460007
kN-2mc561GY_003565_ood,ood,anomaly,0.1628975868225097,0.2965404689311981,0.1701418906450271,0.1063637435436248,0.0785442441701889,-0.313637639692443,-0.5400700591135138,-0.6684066007460014,-0.6259976930940484,-0.5202561532307983
Izf9l3VWQuo_000191_ood,ood,anomaly,0.1878760755062103,0.3193223774433136,0.1937553435564041,0.125229075551033,0.1131974756717681,-0.1126834129869634,-0.2850128503683435,-0.4121857889066155,-0.0953454664556413,-0.224323137771297
r6_ZhT7rmhM_004807_ood,ood,anomaly,0.1068187579512596,0.1658996194601059,0.1091288775205612,0.0864773467183113,0.0657691806554794,-1.4659919680248994,-1.1990930695585895,-0.9384950750512056,-0.8216249291634676,-1.1846509107140897
D_pyFV4nKd4_000776_ood,ood,anomaly,0.0330857411026954,0.0658141523599624,0.0326328352093696,0.0192913878709077,0.0146045815199613,-2.348823958806977,-2.0253537229738554,-1.8509858233364416,-1.6051192031415498,-2.0582039223164372
88LcRU7uEFE_000732_ood,ood,anomaly,0.1515863984823227,0.2804083228111267,0.1490220576524734,0.0996478945016861,0.0772673264145851,-0.4559357683560159,-0.7681928022151613,-0.7596183691389765,-0.6455514034086087,-0.6542656249938426
FqJ4IfRLKmA_001431_ood,ood,anomaly,0.3086562752723694,0.452367901802063,0.3084217607975006,0.2427490353584289,0.2310864925384521,1.060882026006843,0.9535394455659848,1.1839196757286596,1.7099138581665867,1.2066220718131393
T89zSiaMNgM_003762_ood,ood,anomaly,0.4535319805145263,0.5090838074684143,0.4268966615200043,0.4226435124874115,0.4555040001869201,1.5611606114915246,2.233228510865025,3.627168962691099,5.146466380688889,2.9230391401968627
a_VxrUq9PmA_004850_ood,ood,anomaly,0.222680002450943,0.345975399017334,0.2196868956089019,0.1554817706346511,0.1695759892463684,0.122417054426615,-0.0049170376228248,-0.0013067176233664,0.7679905765786693,0.1880169033340654
sUbP4j8rAic_002839_ood,ood,anomaly,0.2061969935894012,0.363196849822998,0.2174023985862732,0.1444203108549118,0.0997684374451637,0.2743237012098838,-0.0295926933249011,-0.1515386988988918,-0.3009871549150614,-0.0072657888259585
4wKjxDXnmYs_003798_ood,ood,anomaly,0.7325985431671143,0.7117297053337097,0.7061319351196289,0.7845032215118408,0.7280293703079224,3.348655705631758,5.249346896211363,8.54179163573999,9.319704725389164,6.229284383672624
9Q0FCoNxL8I_003545_ood,ood,anomaly,0.0441321432590484,0.0907115712761879,0.0439910106360912,0.0256253387778997,0.0162006579339504,-2.129209278034655,-1.902670076001505,-1.7649608308845195,-1.5806781491252813,-1.9273315087968383
JkYzYrJpSoQ_004658_ood,ood,anomaly,0.3645913004875183,0.5072768926620483,0.3865641057491302,0.3064005374908447,0.2581236660480499,1.5452222116229246,1.797582392735401,2.0484069556111284,2.1239397860002787,1.8693131133461576
1u69z-wsDIc_004094_ood,ood,anomaly,0.1438524276018142,0.2446957677602768,0.1483273804187774,0.10325438529253,0.0791321843862533,-0.770948396911867,-0.775696255304817,-0.7106365649513573,-0.6169944408354352,-0.7458939598033199
HzVbo46kkBA_001118_ood,ood,anomaly,0.0831586271524429,0.1443740725517273,0.0800518169999122,0.0574296303093433,0.0507789999246597,-1.6558641041141722,-1.5131646254104627,-1.3330086450993444,-1.0511727213270676,-1.4649646615627945
IOvkPjLsybM_000609_ood,ood,anomaly,0.2344701588153839,0.322602242231369,0.2170635014772415,0.1720233708620071,0.2261914759874344,-0.0837524438439833,-0.0332532401752852,0.223354170279979,1.6349554395812658,0.3277009558742337
TlBhM9Xbr2o_003366_ood,ood,anomaly,0.1252570152282714,0.2312950044870376,0.1294818222522735,0.0816550254821777,0.0585962124168872,-0.8891535955415104,-0.9792537562443496,-1.003989764547646,-0.9314661013278028,-0.9662033839281812
O9uvBFovKj8_004388_ood,ood,anomaly,0.5233992338180542,0.6068974733352661,0.5266550183296204,0.4896148145198822,0.4704294204711914,2.4239535410236672,3.310753603546681,4.5367443345934895,5.375022482505877,3.750792460816205
HzVbo46kkBA_000187_ood,ood,anomaly,0.5500999093055725,0.6157619953155518,0.5899550318717957,0.5406946539878845,0.4539878666400909,2.502145548454243,3.9944793097444378,5.230488708240222,5.123249508621144,4.067129109997985
nHvTqyRntbY_005672_ood,ood,anomaly,0.175476461648941,0.3014230728149414,0.1787316501140594,0.1203734651207923,0.1013776361942291,-0.2705692599188605,-0.4472890464345844,-0.478132597895904,-0.2763451558202186,-0.371227747004504
eN6y6-4C1Rc_005400_ood,ood,anomaly,0.2409881651401519,0.3469746112823486,0.2487588673830032,0.2051670849323272,0.1630520820617675,0.1312308870308437,0.3090995528880905,0.67349781594363,0.6680886129267942,0.4049231325598619
OWtbKblBOKI_000061_ood,ood,anomaly,0.2808053493499756,0.4473437368869781,0.2988810539245605,0.2107485830783844,0.1662480384111404,1.0165649673717083,0.8504869155695971,0.7493033191651596,0.7170289650828866,0.8766578135299145
Sihe6aeyLHg_000602_ood,ood,anomaly,0.6022413372993469,0.5406435132026672,0.4985679090023041,0.5078656077384949,0.8618883490562439,1.8395418655250295,3.007374858657822,4.784618745356544,11.369515437129078,4.684875452138814
O9uvBFovKj8_000211_ood,ood,anomaly,0.0939245671033859,0.1490305215120315,0.0920793116092681,0.0758913531899452,0.0586970932781696,-1.6147905874018282,-1.3832514265753244,-1.0822694785390077,-0.9299212914689512,-1.3374150281849568
Sihe6aeyLHg_004041_ood,ood,anomaly,0.1428867578506469,0.2603043019771576,0.1528370976448059,0.0948680192232132,0.06353759765625,-0.6332689341973518,-0.726985213670298,-0.8245365759248635,-0.8557976292597208,-0.7573347465146248
4wKjxDXnmYs_004457_ood,ood,anomaly,0.3035345077514648,0.4192636013031006,0.3176441788673401,0.2628412842750549,0.2143890410661697,0.7688762397551326,1.0531540262714163,1.456803944453713,1.454222269849647,1.145941855081977
xpOyD-qrQUw_001664_ood,ood,anomaly,0.0239417031407356,0.0424799807369709,0.0218609236180782,0.0178100373595953,0.0136158689856529,-2.554649577491097,-2.1417049280956104,-1.871104887791714,-1.620259566250605,-2.16653804780437
ecRog9N1Qf0_004091_ood,ood,anomaly,0.2534166872501373,0.3759283125400543,0.257765531539917,0.1954196989536285,0.1845532208681106,0.3866251461821131,0.4063836997085159,0.541113018909934,0.9973400763098694,0.5521702327462354
GdyJqgxlSxs_001912_ood,ood,anomaly,0.3044901192188263,0.4243765473365783,0.3007378280162811,0.2287677079439163,0.2640784084796905,0.8139764171962788,0.8705425854829297,0.994031310163084,2.2151260100112853,1.1572634761265883
D_pyFV4nKd4_000666_ood,ood,anomaly,0.1669641584157943,0.2923792600631714,0.1726958304643631,0.1148538067936897,0.0879277661442756,-0.3503427519875607,-0.5124840570126039,-0.5530982193379701,-0.4823058463745698,-0.4720773859153866
IQwS7BEjUxM_003203_ood,ood,anomaly,0.5639323592185974,0.6693077087402344,0.5883067846298218,0.5159137845039368,0.4822012186050415,2.974460562313946,3.9766760116652633,4.893925614902154,5.5552865046644095,4.2310092656707
Nc9SDBksPPA_000171_ood,ood,anomaly,0.0794300734996795,0.1477555781602859,0.0822929963469505,0.0523745901882648,0.0352971293032169,-1.6260365835485988,-1.4889568591554267,-1.401664022232108,-1.288249864260245,-1.509138756310361
W6YrlYyWguc_002233_ood,ood,anomaly,0.1917725652456283,0.329988032579422,0.2067955285310745,0.1346747577190399,0.0956319347023963,-0.0186040043612913,-0.1441612267772139,-0.2838986030509326,-0.364330291927994,-0.1781594177442556
jFFhYwgepmY_000251_ood,ood,anomaly,0.3590738773345947,0.4683581590652466,0.3351907730102539,0.302372545003891,0.3303739726543426,1.201928584131501,1.242680960001625,1.9937004969765837,3.230323935893763,1.8039453606415596
ieP36TLihGM_001859_ood,ood,anomaly,0.2985871732234955,0.4284170866012573,0.3111099004745483,0.2439272105693817,0.2108944952487945,0.8496171293418346,0.982574987522434,1.1999211438671915,1.4007095543328971,1.08732823582389
OWtbKblBOKI_004218_ood,ood,anomaly,0.2733525335788727,0.394772469997406,0.2547980844974518,0.1981226652860641,0.2457168847322464,0.5528453330354036,0.3743312606776435,0.5778235431561659,1.933952132746443,0.7883604680525715
IOoVklIZLMw_000945_ood,ood,anomaly,0.3655762672424316,0.5069767832756042,0.3735004067420959,0.2841632664203644,0.297664612531662,1.542575012436436,1.6564767858118217,1.7463899201021027,2.7294386207615515,1.880982521595787
uO2zGO5ydBc_000773_ood,ood,anomaly,0.2953988015651703,0.4272502362728119,0.2866493463516235,0.2235620766878128,0.2441335320472717,0.8393245980857685,0.7183679407017853,0.9233306691114684,1.909705919870237,1.0495539552738629
0RJPQ_97dcs_002604_ood,ood,anomaly,0.1258757710456848,0.2317360788583755,0.1328327804803848,0.0820463746786117,0.056887824088335,-0.8852629750886771,-0.9430588780327036,-0.9986746283611408,-0.9576270113274368,-0.9588726651965976
h55PiQMnlJY_002426_ood,ood,anomaly,0.0899526998400688,0.170857161283493,0.0919151976704597,0.0539613626897335,0.0430770814418792,-1.4222625770939763,-1.3850240789403023,-1.380113161724004,-1.1691138198964384,-1.3844717845452927
ruiSuGHJf6Q_002761_ood,ood,anomaly,0.219259425997734,0.3246913552284241,0.2287242710590362,0.1815826594829559,0.1420393735170364,-0.0653248355248512,0.0926988326755339,0.353184310036051,0.3463165849282715,0.1474915730298167
t4Cvbdtebk0_000075_ood,ood,anomaly,0.5313938856124878,0.6376766562461853,0.5788996815681458,0.5161869525909424,0.3928123116493225,2.6954499741342195,3.8750665834171305,4.897635666174706,4.186455360859999,3.845509216622943
Izf9l3VWQuo_001889_ood,ood,anomaly,0.178067922592163,0.3208156228065491,0.1897128671407699,0.1209993213415145,0.0807438418269157,-0.0995118225958007,-0.3286770597010275,-0.4696324883348742,-0.5923147912787443,-0.340525375012173
Hx8FMhmdOQU_000173_ood,ood,anomaly,0.1843411922454834,0.2919028699398041,0.1947177201509475,0.1418509781360626,0.1088931933045387,-0.354544884956381,-0.2746178823436692,-0.1864342689768808,-0.1612578481666119,-0.2662027196743782
bFGmOp9H3MA_005500_ood,ood,anomaly,0.166851207613945,0.2855615019798279,0.1676416099071502,0.1155021861195564,0.0986995473504066,-0.4104807032384284,-0.5670764706059619,-0.5442922106661798,-0.3173552938803623,-0.4734155722169317
Tsl84N96WM8_002572_ood,ood,anomaly,0.1984956860542297,0.3296701908111572,0.2043553739786148,0.1470593363046646,0.1128978729248046,-0.0214076170051741,-0.1705181941971428,-0.1156965921745077,-0.0999333463702726,-0.0985071441667024
DyzL2sahobA_004994_ood,ood,anomaly,0.5067354440689087,0.5767717957496643,0.5090208053588867,0.4552091956138611,0.4859398901462555,2.158221535297556,3.120280268045367,4.069462041100031,5.612537568765731,3.5533679644067937
5vKPYV5w6pw_003644_ood,ood,anomaly,0.1969988644123077,0.2814051508903503,0.2043092399835586,0.1666963249444961,0.1355847418308258,-0.4471429661326133,-0.1710165037011133,0.1510045276044948,0.2474754515620403,-0.1162407607881142
xToi8YVZM8o_000690_ood,ood,anomaly,0.0698918104171752,0.1236296221613884,0.070305161178112,0.0479499176144599,0.037682544440031,-1.8388463588451056,-1.6184416824269945,-1.4617580189101715,-1.251721500267707,-1.622143469765801
mrIFkGZbNjc_001556_ood,ood,anomaly,0.3176665604114532,0.4291114807128906,0.341092973947525,0.2718958854675293,0.228565901517868,0.8557422277574437,1.306432707878709,1.5797796369836214,1.6713155174185736,1.3133715587466284
Sihe6aeyLHg_005096_ood,ood,anomaly,0.2192961424589157,0.3391072452068329,0.2239949703216552,0.1697917878627777,0.1442905217409134,0.0618345735010351,0.0416159923166932,0.1930457713859124,0.380788891426988,0.1479265718486843
lmykriTbncM_001467_ood,ood,anomaly,0.1230977177619934,0.2259204685688018,0.1276941746473312,0.0835989862680435,0.055177267640829,-0.9365612000789236,-0.998562766665138,-0.9775877266432574,-0.9838211221888834,-0.9917856927124066
V3--0ubJkNE_005461_ood,ood,anomaly,0.2334789931774139,0.3762480318546295,0.2306194007396698,0.1570557355880737,0.1699928194284439,0.3894453202508965,0.1131687947927491,0.0200701962848709,0.7743735848772858,0.3159581062655741
0qfbmt4G8Rw_001417_ood,ood,anomaly,0.2475555986166,0.3165625929832458,0.2397335618734359,0.228446215391159,0.2054799944162368,-0.1370268674324851,0.2116140542622816,0.989664936815642,1.3177961636206537,0.4827308981587144
DSBGS6aRzgc_003585_ood,ood,anomaly,0.2588745951652527,0.4026837348937988,0.2754732370376587,0.1901664137840271,0.1671750247478485,0.6226288684521732,0.5976508538382475,0.469765162935254,0.7312241019380203,0.6168328777874603
gZbGLa253Ak_001801_ood,ood,anomaly,0.3348744511604309,0.4968395233154297,0.359580785036087,0.2633339166641235,0.2197435647249221,1.4531564619613542,1.506126056824924,1.4634946653281704,1.5362172174774174,1.5172422998281576
VxWJchENocA_000160_ood,ood,anomaly,0.2892608046531677,0.3676728308200836,0.2655676305294037,0.2322268038988113,0.2915759682655334,0.3138053495335712,0.4906569145611059,1.0410112611888862,2.636201929779844,0.9768339457468124
FqJ4IfRLKmA_001771_ood,ood,anomaly,0.1845499873161316,0.3021010458469391,0.1868364512920379,0.1370324343442917,0.112230010330677,-0.2645890082511913,-0.3597462387965793,-0.2518776548513705,-0.1101604668235603,-0.2637290169755308
kN-2mc561GY_004496_ood,ood,anomaly,0.1371083855628967,0.2247357368469238,0.1242822036147117,0.0878717526793479,0.1115438118577003,-0.9470114591911852,-1.0354166656338917,-0.9195568540206835,-0.1206683684483876,-0.8257940979675964
hfwb3mZZ0fs_000243_ood,ood,anomaly,0.2910412549972534,0.4387927055358886,0.2967493832111358,0.2181036174297332,0.2105193138122558,0.9411381921400082,0.8274619905757614,0.84919622705934,1.3949643220395225,0.997927857627278
P5MjgFmqouA_004357_ood,ood,anomaly,0.11005450040102,0.1889801025390625,0.1140087991952896,0.0766074806451797,0.0606216341257095,-1.262404080440588,-1.1463833194884674,-1.0725433439611156,-0.9004503924574963,-1.1463154040093642
Y4rb2_HaBdQ_004593_ood,ood,anomaly,0.265505701303482,0.3835229277610779,0.2444853335618972,0.1742384731769561,0.2597760856151581,0.4536155841454134,0.2629396112658206,0.2534387356202899,2.149243634577485,0.6953950061919192
2TmFM9p1KF8_004066_ood,ood,anomaly,0.37299245595932,0.4875836372375488,0.3789731860160827,0.3175553381443023,0.3078575730323791,1.3715123175181694,1.7155901992943947,2.199906652420762,2.885525569982907,1.9688459275046335
T89zSiaMNgM_004415_ood,ood,anomaly,0.067298412322998,0.1211453974246978,0.069136768579483,0.0480008386075496,0.0309106316417455,-1.860759161306708,-1.631061901758884,-1.4610664319196014,-1.355421226073872,-1.652868792182829
JV0D-YkWHD8_001531_ood,ood,anomaly,0.2254379093647003,0.3323968946933746,0.1948650926351547,0.1582117825746536,0.2162779122591018,0.002644040906384,-0.273026060317098,0.0357711284131611,1.4831469519335354,0.2206912464330287
oZaUkhs_H-s_001806_ood,ood,anomaly,0.2596411108970642,0.4188276827335357,0.2628332078456878,0.1839636415243148,0.1729399412870407,0.7650310975008354,0.4611214535738639,0.3855217823568355,0.8195034821097514,0.6259141842982161
lKMwX4nA64k_003105_ood,ood,anomaly,0.268385648727417,0.4114463627338409,0.2653395533561706,0.1911343187093734,0.2056223452091217,0.6999220899821924,0.4881933728079515,0.4829108306424633,1.3199760112693406,0.7295152260467755
ZIts2XH28SA_004522_ood,ood,anomaly,0.198850393295288,0.2951050400733948,0.2086800038814544,0.1659773141145706,0.1256392449140548,-0.3262992433485722,-0.1238063458277446,0.1412392322737536,0.0951779642795211,-0.0943047448630089
nHvTqyRntbY_004602_ood,ood,anomaly,0.044659286737442,0.0667195096611976,0.0433614552021026,0.0363910086452961,0.0321651697158813,-2.340838000287956,-1.9094701256319475,-1.618746140767434,-1.3362102205313588,-1.921086168611681
88LcRU7uEFE_002971_ood,ood,anomaly,0.2315830290317535,0.3698876798152923,0.2332358956336975,0.1608739644289016,0.1623345911502838,0.3333420475615206,0.1414304762533696,0.0719277354472513,0.6571015236057223,0.2934956429062715
UjkeNSr2dXQ_001217_ood,ood,anomaly,0.3185794949531555,0.3610377311706543,0.2391474843025207,0.2445696145296096,0.4295631945133209,0.2552785883337451,0.2052836243202142,1.2086459976971582,4.749229364254727,1.3241875642809986
Z9K13eBUwJM_001167_ood,ood,anomaly,0.1088140085339546,0.1628909111022949,0.1092690005898475,0.0872584953904151,0.0758376270532608,-1.4925311256685485,-1.1975795510118907,-0.92788585031797,-0.6674446906039363,-1.1610121498182169
Hd2IzHAfkCI_005013_ood,ood,anomaly,0.1360058784484863,0.2272616028785705,0.1412012279033661,0.1047186553478241,0.0708420053124427,-0.9247313479844677,-0.8526683345892268,-0.6907494798911936,-0.7439436976326909,-0.8388560673711306
Rrcjy5t8b20_003743_ood,ood,anomaly,0.46087446808815,0.5252406001091003,0.4486435353755951,0.4162301421165466,0.4533836543560028,1.7036761417168875,2.4681241428320004,3.5400653292960236,5.113997078760483,3.0100293707168655
GDejMONyY4U_004751_ood,ood,anomaly,0.2379020899534225,0.3779872953891754,0.2490239739418029,0.1865565776824951,0.1380404978990554,0.404786983063555,0.3119630620564133,0.420737924179082,0.2850809610403534,0.3683608109755492
fb5i7JlmJdg_000181_ood,ood,anomaly,0.2386271357536316,0.3864297866821289,0.2380403727293014,0.1591342836618423,0.1709040701389312,0.4792563502081461,0.1933253228937109,0.0483001407512098,0.7883277587765907,0.3769508018560679
xjbbH74SwTg_000321_ood,ood,anomaly,0.3321785032749176,0.4772603809833526,0.3399189114570617,0.2650126516819,0.2465220093727111,1.2804531344588892,1.2937512460512566,1.486294521113852,1.9462811758016212,1.4853020172360316
OWtbKblBOKI_003922_ood,ood,anomaly,0.2421922385692596,0.3567647933959961,0.2321686744689941,0.188998281955719,0.1908371746540069,0.2175879398171631,0.1299030451570105,0.4539000996929535,1.093567583070004,0.4191884103844173
V3--0ubJkNE_005532_ood,ood,anomaly,0.1880981624126434,0.3188670575618744,0.1939472556114196,0.1374665051698684,0.1021118313074112,-0.1166996899652327,-0.282939940774795,-0.2459822919030064,-0.2651022715431964,-0.2216919598506845
Pbw0A-RCjcw_001851_ood,ood,anomaly,0.4302611052989959,0.5475861430168152,0.4646863937377929,0.3972223401069641,0.3115495145320892,1.9007812829716657,2.6414086975946303,3.281909551265451,2.942061047124501,2.647337100649231
p-fBcE77G4c_003392_ood,ood,anomaly,0.2508622109889984,0.4035412073135376,0.2660426199436188,0.1927501708269119,0.1411148458719253,0.6301924449162897,0.4957874422576645,0.5048566379680661,0.3321590985349862,0.5219060373238829
4K_6s1n6BpU_001530_ood,ood,anomaly,0.3779832720756531,0.3990853130817413,0.3665505051612854,0.3644957542419433,0.3818015158176422,0.5908879775510625,1.5814084548520104,2.8374311611807057,4.01784472710494,2.027974695526299
QERvirE3S5s_003199_ood,ood,anomaly,0.192999005317688,0.3216447830200195,0.1960270702838897,0.1338230222463607,0.120501160621643,-0.0921979819039954,-0.2604751311148791,-0.2954665072996661,0.016497398217453,-0.1636291507853172
xjbbH74SwTg_004146_ood,ood,anomaly,0.1250136196613311,0.2153364866971969,0.1255398094654083,0.0882536172866821,0.0709246098995208,-1.0299201867214207,-1.0218328225939046,-0.91437053343722,-0.7426787562069093,-0.9690870165204571
HaC3LrJiTmQ_005454_ood,ood,anomaly,0.3027772307395935,0.4642128348350525,0.3306228220462799,0.2399946302175521,0.1762785464525222,1.1653635867486374,1.1933409152852223,1.1465105317468365,0.870628245606873,1.1369700044428523
zRZ9PJguIfE_003564_ood,ood,anomaly,0.6974760890007019,0.7182254195213318,0.7007034420967102,0.7033863663673401,0.6675890684127808,3.405952978192537,5.1907118341001715,7.440097455599387,8.394169663012867,5.813170586580211
vdLn-qswnRo_005373_ood,ood,anomaly,0.1672813296318054,0.285442590713501,0.1772657483816146,0.1208518594503402,0.0855651348829269,-0.4115295934821314,-0.4631227665421565,-0.4716352522118743,-0.5184853160873168,-0.4683196952256224
VxWJchENocA_002023_ood,ood,anomaly,0.2459491789340973,0.3567053973674774,0.2355730086565017,0.1790885925292968,0.2124297320842743,0.2170640204548322,0.1666744558761557,0.3193109671551845,1.4242189590799703,0.4636988171246551
xpOyD-qrQUw_004160_ood,ood,anomaly,0.3960192203521728,0.5113881230354309,0.3811571300029754,0.3072797060012817,0.3842519521713257,1.5814864745599748,1.7391797462972507,2.060347443560099,4.055368774674893,2.241655860457024
vZSr9dhRxlE_000828_ood,ood,anomaly,0.252628892660141,0.3991464674472809,0.2665164172649383,0.1919147670269012,0.1529379338026046,0.591427406819253,0.5009050937396498,0.4935105434615714,0.5132085321461266,0.5428368246472735
TNZv-NBcV5U_003414_ood,ood,anomaly,0.1640842407941818,0.2422485947608947,0.1612439155578613,0.1279151737689972,0.1249292939901351,-0.7925343741114433,-0.6361802170702575,-0.3757043601240818,0.0843063363747812,-0.5061972526867848
t_bCDlNOhJc_004355_ood,ood,anomaly,0.2676987648010254,0.3830508589744568,0.2709248661994934,0.2078322023153305,0.2089871913194656,0.4494515687418405,0.5485223009462038,0.7096942920646025,1.371502607877458,0.7213773585327825
fHUJcUaW2mE_001925_ood,ood,anomaly,0.2164701223373413,0.368058830499649,0.2370243668556213,0.1558044999837875,0.1049927994608879,0.3172101681893204,0.1823510861659392,0.003076453359665,-0.220985399919057,0.1144452565090391
ujVRDgGVzlQ_005196_ood,ood,anomaly,0.346846342086792,0.4315983355045318,0.3034878969192505,0.2604254186153412,0.391873687505722,0.8776782293578936,0.9002470467864404,1.4239926978568516,4.172082011818785,1.6590794552883332
P5MjgFmqouA_004583_ood,ood,anomaly,0.3151407241821289,0.477970540523529,0.3480619490146637,0.2475750744342804,0.1869553178548813,1.2867172962677111,1.381707058271687,1.2494648593224442,1.0341238929814311,1.2834466765263302
FqJ4IfRLKmA_000441_ood,ood,anomaly,0.3055656552314758,0.4615585505962372,0.2977217137813568,0.2252547293901443,0.2377275675535202,1.1419507266546722,0.8379644749921207,0.9463195488928156,1.8116100374639776,1.1700059050016525
Z9K13eBUwJM_006062_ood,ood,anomaly,0.1744266003370285,0.3065989911556244,0.1855937987565994,0.121038943529129,0.0844746455550193,-0.2249136175441438,-0.3731685658200173,-0.469094356852563,-0.5351842086553366,-0.383665994481473
QeuzUfHIWYU_000836_ood,ood,anomaly,0.3171742856502533,0.4412274956703186,0.315622329711914,0.2558603286743164,0.2559869885444641,0.9626149427991686,1.0313153225451055,1.3619916129912435,2.0912203937313545,1.3075393262060122
UjkeNSr2dXQ_000757_ood,ood,anomaly,0.2750219702720642,0.3838602602481842,0.2900513708591461,0.2394633889198303,0.1867129206657409,0.4565911201525498,0.7551144037551968,1.1392954413083836,1.0304120138124604,0.8081391440561877
kjVywUi1WK4_003175_ood,ood,anomaly,0.2759808003902435,0.4339440464973449,0.2909110486507416,0.2081177234649658,0.1709504127502441,0.8983692324134375,0.7644000858944195,0.7135721173118943,0.7890374129362704,0.8194988981141399
CyeT8rEQOpQ_003695_ood,ood,anomaly,0.2843163013458252,0.3763644397258758,0.2445398718118667,0.1960141360759735,0.3203466832637787,0.3904721285947316,0.2635286980825296,0.5491864078126523,3.0767739432471055,0.9182538694171276
kEcbnTbgi4A_001700_ood,ood,anomaly,0.4719142615795135,0.5701137781143188,0.4707154333591461,0.4162274897098541,0.4306004047393799,2.0994926195620387,2.7065304747022676,3.540029305451026,4.765112382723733,3.140823487979901
Eq7_uD2yN5Y_003719_ood,ood,anomaly,0.2551586031913757,0.3849655389785766,0.244471475481987,0.1809327155351638,0.2102647125720977,0.4663405418237807,0.262789925271412,0.3443570513433338,1.3910655596690162,0.572807607716965
ujVRDgGVzlQ_004489_ood,ood,anomaly,0.3673226237297058,0.4796970188617706,0.4038222730159759,0.3297274112701416,0.2560438513755798,1.3019461836631894,1.983993926349705,2.365222505693115,2.0920911462308185,1.901672506001591
V3--0ubJkNE_003656_ood,ood,anomaly,0.2190761119127273,0.3540751039981842,0.2298164963722229,0.1591449975967407,0.133267804980278,0.19386277856793,0.1044963423725592,0.0484456527992663,0.2119957099781206,0.1453197566865954
zRZ9PJguIfE_005031_ood,ood,anomaly,0.1818656027317047,0.3230031430721283,0.1930400282144546,0.1249937191605568,0.0864255279302597,-0.0802161853080703,-0.2927392229227926,-0.415382298006785,-0.5053099362867187,-0.2955323031863904
nHvTqyRntbY_004787_ood,ood,anomaly,0.3263049125671386,0.4396509528160095,0.3186824917793274,0.2658804357051849,0.281005710363388,0.9487086034778932,1.0643692091643835,1.498080389862941,2.474337346049462,1.4157145641383515
3u_CIo9IaWo_002793_ood,ood,anomaly,0.1020794212818145,0.1787574291229248,0.1057833433151245,0.068140335381031,0.0556365586817264,-1.3525760443087662,-1.2352293609939289,-1.1875404631578663,-0.976787901823384,-1.2408002722558018
nvVk7L3GrJQ_003405_ood,ood,anomaly,0.1660861670970916,0.2637354433536529,0.1800027936697006,0.1314527243375778,0.0891536995768547,-0.6030035873909545,-0.4335589778828543,-0.327658872334698,-0.4635328697279641,-0.4824794010965733
Z9K13eBUwJM_001587_ood,ood,anomaly,0.1975957602262497,0.3416469395160675,0.2148346006870269,0.1407262831926345,0.0931752100586891,0.0842366609165446,-0.0573283814202208,-0.2017093911620423,-0.4019506334064289,-0.1091690287721468
0qfbmt4G8Rw_002376_ood,ood,anomaly,0.3747658133506775,0.5171740651130676,0.3860840499401092,0.3110724687576294,0.2847327291965484,1.632523002748816,1.7923971411269082,2.111859113334264,2.5314099697800865,1.9898558055223643
kld-iYpdjyo_001920_ood,ood,anomaly,0.0615934431552886,0.1248392835259437,0.0624384544789791,0.036024373024702,0.0230716709047555,-1.8281762008133309,-1.7034127478712628,-1.6237256278138834,-1.4754608815220291,-1.720458499081525
X8VgGb1fJDU_003014_ood,ood,anomaly,0.3077539205551147,0.4433194398880005,0.3103433847427368,0.2450117617845535,0.2323410212993621,0.9810675246955316,0.9742955815520814,1.2146510512297328,1.729124721093713,1.195931410905959
W6YrlYyWguc_001536_ood,ood,anomaly,0.2765392661094665,0.4334679543972015,0.2961166203022003,0.208882674574852,0.1676898151636123,0.8941697282422205,0.8206272958804844,0.7239613537332579,0.7391071959105038,0.8261153290124701
DSBGS6aRzgc_001091_ood,ood,anomaly,0.1879017204046249,0.3327063918113708,0.1982106417417526,0.1329443156719207,0.0877455249428749,0.0053740472173754,-0.2368896079290766,-0.3074007214329352,-0.4850965442436599,-0.2240193094566584
4wKjxDXnmYs_000547_ood,ood,anomaly,0.3115261793136596,0.4318030178546905,0.3201289772987366,0.2518382966518402,0.2423343360424041,0.8794836875518165,1.0799932079270995,1.3073661068173696,1.8821544528130187,1.2406233025430282
nvVk7L3GrJQ_002738_ood,ood,anomaly,0.2249146401882171,0.3656841814517975,0.2378029823303222,0.1735578179359436,0.1226135864853859,0.2962639088864999,0.1907611857142067,0.2441943693739673,0.0488454200217873,0.2144918070972643
l1XbmdmGr0Q_003081_ood,ood,anomaly,0.1993549168109893,0.3414517045021057,0.2062824070453643,0.1415378898382187,0.1081476062536239,0.0825145356066453,-0.1497036323874227,-0.1906864993547758,-0.1726751795835294,-0.0883273950216175
K1r3m5OrmB4_005568_ood,ood,anomaly,0.0896261483430862,0.1588596403598785,0.077033944427967,0.0492096580564975,0.0734013691544532,-1.5280900822086425,-1.5457617283177674,-1.4446487669426458,-0.7047516205105671,-1.3883406082531071
UKBuDqU8qTM_000895_ood,ood,anomaly,0.0449296385049819,0.075694739818573,0.0452202372252941,0.0325031653046608,0.0263004098087549,-2.2616694602677065,-1.8893927673446933,-1.6715491540751644,-1.4260185232079636,-1.9178831720326643
xpOyD-qrQUw_000890_ood,ood,anomaly,0.237885370850563,0.368554025888443,0.2500318884849548,0.1931407749652862,0.1398147493600845,0.3215781782869071,0.3228499014777722,0.5101616550969874,0.3122504470482785,0.3681627311562438
GJr8wKk8-YA_001654_ood,ood,anomaly,0.2617842555046081,0.3997355699539184,0.2676245272159576,0.1986113488674163,0.1811656504869461,0.5966237510416278,0.5128741789958579,0.5844606330254283,0.9454654981604308,0.651305121848817
RASKiMoxhOE_005361_ood,ood,anomaly,0.2246850878000259,0.3635207712650299,0.233101800084114,0.1704742610454559,0.1316434890031814,0.2771809413248737,0.1399820630666034,0.2023148281327404,0.187122217589067,0.2117721817707057
CyeT8rEQOpQ_002190_ood,ood,anomaly,0.1586622297763824,0.1673248559236526,0.1460829079151153,0.1549567431211471,0.1662843972444534,-1.4534202692468026,-0.7999395921026102,-0.0084374151215702,0.7175857355490017,-0.5704346087042066
r6_ZhT7rmhM_004423_ood,ood,anomaly,0.18989959359169,0.2994612753391266,0.1864416599273681,0.1381954848766327,0.1354999989271164,-0.2878738459018775,-0.3640105191577484,-0.2360816035817919,0.2461777656436822,-0.2003494772165812
HaC3LrJiTmQ_000182_ood,ood,anomaly,0.2139882445335388,0.34690061211586,0.2276378273963928,0.1580117493867874,0.1234027296304702,0.1305781565859533,0.080963772619188,0.0330543638330426,0.0609297350749547,0.0850411723876266
PEwiwzyTjX0_001067_ood,ood,anomaly,0.2727946043014526,0.358004629611969,0.2790029048919678,0.2347829639911651,0.2193879336118698,0.2285242636062689,0.635776037567048,1.0757279263287916,1.5307713634018894,0.7817503926564644
eN6y6-4C1Rc_000387_ood,ood,anomaly,0.290323406457901,0.4080260694026947,0.3051207959651947,0.2379569709300995,0.2101898044347763,0.669752431408554,0.9178845636029888,1.1188359211607013,1.389918475598051,0.9894231364015946
fsqORUrKLYg_000775_ood,ood,anomaly,0.3185884356498718,0.497980386018753,0.3406271934509277,0.2400588691234588,0.1956872940063476,1.463219762066415,1.301401648939725,1.1473829968917184,1.167838481403521,1.3242934893180602
Izf9l3VWQuo_004877_ood,ood,anomaly,0.2844887375831604,0.4357387721538543,0.2792598307132721,0.195801705121994,0.2271545976400375,0.9142001144600638,0.6385511837128651,0.5463012621143378,1.649703924133254,0.9202968102985908
JV0D-YkWHD8_000312_ood,ood,anomaly,0.356535404920578,0.4426248967647552,0.325634628534317,0.3083886802196502,0.3494933843612671,0.9749411118811204,1.1394616830265194,2.07540905363024,3.5231035109770725,1.7738707710355468
sUbP4j8rAic_000075_ood,ood,anomaly,0.323026180267334,0.4579555690288543,0.3381791412830353,0.2687479257583618,0.2272220253944397,1.110169615150231,1.2749593765982514,1.5370254044048448,1.6507364595263565,1.3768697345470884
4wKjxDXnmYs_003732_ood,ood,anomaly,0.1276644468307495,0.2209890931844711,0.1107640117406845,0.0740193948149681,0.1048853173851966,-0.9800597825802804,-1.1814314098397172,-1.10769361071849,-0.2226312955633551,-0.9376813022820348
uO2zGO5ydBc_001888_ood,ood,anomaly,0.2395315766334533,0.3791446983814239,0.2484667599201202,0.1857943534851074,0.1447204798460006,0.4149961814355971,0.3059443974596917,0.4103857235084758,0.3873729303734093,0.3876661786052281
bFGmOp9H3MA_003708_ood,ood,anomaly,0.5700597763061523,0.7246474623680115,0.6337742805480957,0.5212942957878113,0.4005230963230133,3.4626004119857883,4.467786424067509,4.967001401149857,4.304532229276639,4.30360393057056
Vtpe3HAIEm4_005374_ood,ood,anomaly,0.1264501959085464,0.1939636468887329,0.1349346935749054,0.1016576066613197,0.0752448216080665,-1.2184453269187794,-0.9203553755451428,-0.7323233244028117,-0.6765224451400866,-0.9520671581071124
3u_CIo9IaWo_000332_ood,ood,anomaly,0.2615467309951782,0.4059964120388031,0.2791033089160919,0.2032564431428909,0.1578307747840881,0.6518492682112734,0.6368605367394478,0.6475483022943933,0.5881336357773292,0.6484910466975453
5vKPYV5w6pw_004134_ood,ood,anomaly,0.1907222419977188,0.3016000390052795,0.1865995824337005,0.1324651539325714,0.1422241926193237,-0.2690082799020418,-0.3623047426322079,-0.3139084897462749,0.3491467587361484,-0.1906031380148058
8dI7OolIEXY_005194_ood,ood,anomaly,0.6898013353347778,0.6121109127998352,0.5800405144691467,0.6553829908370972,0.9116711020469666,2.469940149016635,3.887389120763363,6.788136289765682,12.131849210287086,5.72224382859954
vZSr9dhRxlE_000763_ood,ood,anomaly,0.0538472011685371,0.0860914662480354,0.0468189902603626,0.0324369817972183,0.0500413589179515,-2.1699622128792817,-1.8721240735993168,-1.67244802996034,-1.062468373296832,-1.812232216004368
f482qwPz7ns_000916_ood,ood,anomaly,0.3837921917438507,0.4618881046772003,0.383674681186676,0.3310739696025848,0.3585320115089416,1.144857651044363,1.7663727019483235,2.3835108808456007,3.661513910637758,2.0967959575225654
Vtpe3HAIEm4_003760_ood,ood,anomaly,0.4530131816864013,0.5482855439186096,0.479017049074173,0.4266765415668487,0.3580735027790069,1.9069505451870097,2.796199145366253,3.6819438261549102,3.654492669964665,2.9168926633796297
W6YrlYyWguc_003546_ood,ood,anomaly,0.5143750309944153,0.5313999652862549,0.4234651923179626,0.4009898602962494,0.7016451954841614,1.7580065533026206,2.1961640053116636,3.3330783873686736,8.915678303853046,3.6438780839083553
fdvMUP8qvzw_001014_ood,ood,anomaly,0.2925408184528351,0.4197078347206116,0.2924551963806152,0.222483605146408,0.2355166226625442,0.7727947254625605,0.7810789685360172,0.90868333325881,1.7777533730626285,1.015693957926722
lKMwX4nA64k_003568_ood,ood,anomaly,0.36153244972229,0.4567857384681701,0.3529783487319946,0.3218926787376404,0.3144730627536773,1.0998507959181325,1.4348108205077383,2.258814543764132,2.986829956292461,1.833073333499697
RASKiMoxhOE_004202_ood,ood,anomaly,0.2286495119333267,0.3568876385688782,0.2349121272563934,0.1600604653358459,0.1627378612756729,0.2186715301892292,0.1595360434696413,0.0608791412337232,0.6632768839026321,0.2587407555376879
L334aqEJxys_005087_ood,ood,anomaly,0.2905676364898681,0.4441551566123962,0.3179344236850738,0.2327109426259994,0.1674699634313583,0.9884391989346089,1.0562890626145447,1.047586624806887,0.7357405600674488,0.9923166553306626
UOjQsfDXjO0_003467_ood,ood,anomaly,0.0353616178035736,0.0599518083035945,0.035371258854866,0.0240686424076557,0.0220547579228878,-2.4005344121213854,-1.9957750461914536,-1.7861032103356054,-1.491033084019248,-2.0312404393197903
fdvMUP8qvzw_000361_ood,ood,anomaly,0.4257207214832306,0.4893707633018493,0.4086625874042511,0.3874338567256927,0.4174156188964844,1.3872761652259125,2.036275864190644,3.148966587015427,4.563210982418131,2.5935448359947357
90gyBengKDs_001407_ood,ood,anomaly,0.1728444099426269,0.2905580699443817,0.1844536215066909,0.1217851936817169,0.0945807471871376,-0.366407071261357,-0.3854840212482361,-0.4589591087765549,-0.3804273475679881,-0.4024110186650961
d2SCftR5sWc_004699_ood,ood,anomaly,0.1111863777041435,0.2010571509599685,0.1130991801619529,0.0761836245656013,0.0544055588543415,-1.1558750806854907,-1.1562084345419528,-1.0782999746300057,-0.9956384612398564,-1.132905470859082
QERvirE3S5s_002572_ood,ood,anomaly,0.2618363201618194,0.4101559221744537,0.2660596370697021,0.1892489045858383,0.1818808168172836,0.688539396360052,0.4959712502206916,0.4573039482830165,0.9564169906812112,0.6519219586479729
fWJbp43k644_001409_ood,ood,anomaly,0.2539539337158203,0.355668693780899,0.2385044693946838,0.1978892534971237,0.223753347992897,0.2079194851121117,0.1983381941796103,0.5746534447962903,1.5976198725051698,0.5585352682232732
4K_6s1n6BpU_005467_ood,ood,anomaly,0.2399908751249313,0.3811449408531189,0.2453945279121399,0.1808911710977554,0.1525328755378723,0.4326398823094359,0.2727601391678647,0.3437928126924577,0.5070057896951465,0.393107724300816
O9uvBFovKj8_000319_ood,ood,anomaly,0.154317170381546,0.2279990464448928,0.1541292667388916,0.1229376792907714,0.1122026741504669,-0.9182265197550672,-0.7130280408840393,-0.4433065457435166,-0.1105790715039237,-0.6219127643823616
Q7VBPeGwJWw_000157_ood,ood,anomaly,0.2864055931568146,0.4107073545455932,0.3003619015216827,0.2414048016071319,0.1931483596563339,0.6934034605653745,0.8664820712173762,1.1656628720358346,1.1289592453916617,0.9430067851611608
DpQBo4gb6Lw_002562_ood,ood,anomaly,0.3192413449287414,0.4120805561542511,0.323527067899704,0.2878020405769348,0.2535557746887207,0.7055161712819422,1.11669717947242,1.795810183054832,2.0539907043176675,1.332028841691218
D_pyFV4nKd4_004283_ood,ood,anomaly,0.5403158664703369,0.6527751088142395,0.5439969897270203,0.5028964877128601,0.4615947902202606,2.828630118310865,3.498070335045457,4.717130297944353,5.239735930255482,3.95121251727372
PqbpIHZvjMA_000757_ood,ood,anomaly,0.05485700070858,0.0970304384827613,0.0569054670631885,0.0359510257840156,0.0295410584658384,-2.073471933971655,-1.7631764906661074,-1.6247217984377276,-1.3763937883385546,-1.8002686009642992
pOJpwWmEcFg_005037_ood,ood,anomaly,0.3052020967006683,0.462077260017395,0.3112168312072754,0.2241413295269012,0.2233729660511016,1.1465261488831562,0.9837299839696207,0.9311978316206264,1.5917950037803708,1.1656986399112672
uO2zGO5ydBc_003652_ood,ood,anomaly,0.1984266936779022,0.3359291851520538,0.2090199589729309,0.1440526098012924,0.1047050282359123,0.0338016016193301,-0.1201343713369268,-0.1565326561976856,-0.225392101247584,-0.0993245323693618
vdLn-qswnRo_001333_ood,ood,anomaly,0.219551995396614,0.3306525647640228,0.2240593135356903,0.1760803908109665,0.1474156975746154,-0.0127423114655295,0.0423109859982645,0.2784548673979921,0.4286453666510932,0.1509577933259321
Hd2IzHAfkCI_001201_ood,ood,anomaly,0.1591647714376449,0.2740568220615387,0.1534330397844314,0.1052119955420494,0.1039572060108184,-0.5119609657565743,-0.7205482330526405,-0.6840491459120318,-0.2368436603570911,-0.5644807389126973
nHvTqyRntbY_004313_ood,ood,anomaly,0.2209194004535675,0.3469045162200928,0.226187914609909,0.1747742295265197,0.1358108967542648,0.1306125938345561,0.0653027547395744,0.2607151475477018,0.2509386094981963,0.1671581450358769
HaC3LrJiTmQ_006147_ood,ood,anomaly,0.0496628955006599,0.0819747745990753,0.0502248294651508,0.0364950969815254,0.0299568902701139,-2.2062746485324114,-1.8353364066592728,-1.617332457827679,-1.3700260684092949,-1.861805839516154
ieP36TLihGM_000754_ood,ood,anomaly,0.4595318436622619,0.5804979801177979,0.4821982383728027,0.4166292548179626,0.3588019609451294,2.191089391731187,2.8305602896700397,3.545485906062553,3.6656477031640424,2.9941226079013097
ahKX0rtdMJc_001382_ood,ood,anomaly,0.2435578554868698,0.3664959371089935,0.2605983018875122,0.2001617401838302,0.1469753980636596,0.3034242277982745,0.4369814483980187,0.6055173799517115,0.4219029675802926,0.4353675770869494
gDjeTHGWX9c_000403_ood,ood,anomaly,0.3725810050964355,0.4864303767681122,0.3796829581260681,0.3119257092475891,0.3122849464416504,1.3613396594328129,1.72325669745108,2.1234474580793163,2.953322870724756,1.9639712572990544
Pbw0A-RCjcw_001030_ood,ood,anomaly,0.282430350780487,0.4356055855751037,0.302058607339859,0.217434674501419,0.1746225208044052,0.9130253048111644,0.8848087874189378,0.8401109323982351,0.8452691763522916,0.8959100420993333
6E2N9ld0eHg_004809_ood,ood,anomaly,0.1512296348810196,0.2767878174781799,0.1576042473316192,0.0981212630867958,0.0724052190780639,-0.4878714531595292,-0.6754935534987696,-0.7803524193189096,-0.7200058762667124,-0.6584923870560611
3sGShQb_HwU_002511_ood,ood,anomaly,0.2714710235595703,0.4488100111484527,0.2850078642368316,0.2002648562192917,0.1518013775348663,1.0294986515797755,0.7006377151403124,0.6069178575213204,0.4958042068338488,0.7660692501698521
GDejMONyY4U_003812_ood,ood,anomaly,0.2875089347362518,0.4105967283248901,0.2975169122219085,0.2431363016366958,0.1987857669591903,0.6924276508950422,0.8357523413285016,1.1891793594796056,1.2152860497934976,0.9560786409014868
nvVk7L3GrJQ_003857_ood,ood,anomaly,0.4943471848964691,0.5754219889640808,0.4954009652137756,0.4562475383281708,0.4503182470798492,2.146315185192845,2.97316758511818,4.08356436451122,5.067055852036206,3.406597879970655
88LcRU7uEFE_000612_ood,ood,anomaly,0.1776750981807708,0.3040018081665039,0.1875110566616058,0.1281697750091552,0.0910177752375602,-0.2478228000173232,-0.3524595889697939,-0.3722464757665216,-0.4349878868471971,-0.3451793680572069
pWZSG2cUdEo_002627_ood,ood,anomaly,0.2700100243091583,0.3631108403205871,0.2606467306613922,0.226590558886528,0.2296919077634811,0.2735650302215813,0.4375045446150414,0.9644622096160947,1.6885582880218328,0.7487600398636007
JV0D-YkWHD8_002421_ood,ood,anomaly,0.1583653390407562,0.2905905246734619,0.1672130078077316,0.1057701930403709,0.0698875859379768,-0.3661207952023613,-0.5717059526029536,-0.6764679479701939,-0.7585589223681988,-0.5739520261015683
kld-iYpdjyo_005427_ood,ood,anomaly,0.2330806255340576,0.3555175065994262,0.2212223708629608,0.1650935560464859,0.1904890239238739,0.2065858960879751,0.0116681705577564,0.1292364109300663,1.0882362776723402,0.311238439697562
8dI7OolIEXY_000286_ood,ood,anomaly,0.3788578510284424,0.4810803830623626,0.3790766894817352,0.3306222558021545,0.3246520459651947,1.314148536378028,1.716708176624684,2.37737589861365,3.142702868342828,2.0383362826516738
JV0D-YkWHD8_004623_ood,ood,anomaly,0.2687400579452514,0.3718338310718536,0.2757575809955597,0.2222582548856735,0.2051105350255966,0.3505086216703661,0.6007221529192405,0.9056227231019924,1.312138554220308,0.7337140945159003
bFGmOp9H3MA_005756_ood,ood,anomaly,0.2214585244655609,0.3658967614173889,0.2466341704130172,0.1633829623460769,0.1099201738834381,0.2981390302169094,0.2861499537495056,0.1060038642420981,-0.145531478437355,0.1735454247706969
PqbpIHZvjMA_001793_ood,ood,anomaly,0.1725351512432098,0.3092421293258667,0.1785393357276916,0.1175320520997047,0.0848271027207374,-0.2015990744805408,-0.4493663017505521,-0.516723445422371,-0.5297869579032833,-0.4060749656970598
DSBGS6aRzgc_002693_ood,ood,anomaly,0.2596058249473572,0.4299851655960083,0.2827700972557068,0.1916349977254867,0.1340330392122268,0.8634488108111773,0.6764668070494922,0.4897108373388268,0.2237139028128947,0.6254961334852792
UjkeNSr2dXQ_001502_ood,ood,anomaly,0.3477791547775268,0.523536741733551,0.3674426674842834,0.2756049931049347,0.2245322316884994,1.6886467800594969,1.5910450138383432,1.6301551389722684,1.609547082449354,1.670130967488436
Hd2IzHAfkCI_004081_ood,ood,anomaly,0.1366985440254211,0.2065113335847854,0.1216493993997573,0.0948894768953323,0.1237439960241317,-1.107764929988605,-1.0638545098051373,-0.8242451470664486,0.0661556191794452,-0.8306497016665048
D_pyFV4nKd4_000329_ood,ood,anomaly,0.3884459733963012,0.4607360064983368,0.3738507330417633,0.354860782623291,0.3643364012241363,1.134695245269659,1.6602607833694236,2.7065731275552647,3.750397751860611,2.15193170473046
xpOyD-qrQUw_002906_ood,ood,anomaly,0.3586854040622711,0.4498611092567444,0.3739036619663238,0.334329754114151,0.2766470611095428,1.038770157846734,1.6608324872964582,2.427729543437916,2.4075924327624176,1.799342917781229
UbDCiQVuzPY_004593_ood,ood,anomaly,0.2092454433441162,0.3419994413852691,0.2106700241565704,0.1460391134023666,0.1382732093334198,0.0873460027216868,-0.1023114370305295,-0.129552820105258,0.2886445202081055,0.0288507648940537
Hd2IzHAfkCI_004534_ood,ood,anomaly,0.1713252365589141,0.3039557635784149,0.1834448724985122,0.1195426359772682,0.0783576294779777,-0.2482289492470277,-0.3963798740197954,-0.4894165613888324,-0.6288553631483059,-0.4204094478791624
sUbP4j8rAic_005403_ood,ood,anomaly,0.0759073942899704,0.1110363230109214,0.0756694078445434,0.062561310827732,0.0543625093996524,-1.9499290932484616,-1.5605005678049402,-1.2633123711082168,-0.996297686599122,-1.5508737505378527
fHUJcUaW2mE_000073_ood,ood,anomaly,0.3670287132263183,0.5133484601974487,0.4034062027931213,0.2969389259815216,0.2544212341308594,1.5987781794347358,1.9794998055584103,1.9199034243043025,2.0672436668881335,1.898190396949916
bcpfYpmDcp0_002666_ood,ood,anomaly,0.0436051897704601,0.0808897316455841,0.0451325587928295,0.0295950043946504,0.0188034567981958,-2.215845574846381,-1.8903398129265276,-1.711046542672928,-1.5408209423669217,-1.933574598074958
Eq7_uD2yN5Y_002987_ood,ood,anomaly,0.3114061951637268,0.4906356632709503,0.3367909491062164,0.2272204905748367,0.1909776329994201,1.3984335708934534,1.2599650247281478,0.9730176704221084,1.0957184512722975,1.239201788545661
Tsl84N96WM8_001371_ood,ood,anomaly,0.1433730125427246,0.2575164437294006,0.1512155532836914,0.0980658158659935,0.0666942298412323,-0.6578600213771011,-0.7445000845430397,-0.7811054795843015,-0.8074594563085783,-0.7515738368322953
mrIFkGZbNjc_001133_ood,ood,anomaly,0.284017264842987,0.4146347045898437,0.2940837144851684,0.2281364351511001,0.1992142498493194,0.7280457553812095,0.7986691652640102,0.985457635053419,1.2218474984628114,0.91471103001087
Z9K13eBUwJM_005670_ood,ood,anomaly,0.148886501789093,0.2615995407104492,0.1477903872728347,0.1019545644521713,0.0842015370726585,-0.6218439169337988,-0.7814965071118473,-0.7282901716216071,-0.5393663763204789,-0.6862526911440046
gDjeTHGWX9c_003170_ood,ood,anomaly,0.3201926350593567,0.4769556224346161,0.3355681002140045,0.2361943423748016,0.2320525348186493,1.2777649260297903,1.246756603819302,1.0948966594910756,1.7247070669035591,1.343299265634583
Z9K13eBUwJM_001323_ood,ood,anomaly,0.3703683614730835,0.5080826878547668,0.3974908292293548,0.3182153701782226,0.2576845586299896,1.5523299545826346,1.915605775510296,2.208870923153164,2.1172156416988583,1.9377569291270276
ruiSuGHJf6Q_004389_ood,ood,anomaly,0.2100755423307418,0.3058216571807861,0.197171077132225,0.1673236340284347,0.1699858009815216,-0.2317703103327421,-0.2481183108473449,0.1595243693278131,0.7742661099225563,0.0386853749600456
LfKfK4I5RPE_003732_ood,ood,anomaly,0.1868572831153869,0.3145670890808105,0.18747179210186,0.12798972427845,0.1174005419015884,-0.1546287704244314,-0.3528836992872879,-0.3746918472222394,-0.0309830287574084,-0.2363932957444772
2TmFM9p1KF8_000378_ood,ood,anomaly,0.3561416268348694,0.4829530715942383,0.3557994663715362,0.2859587669372558,0.2998552918434143,1.3306671118776692,1.4652827041997911,1.7707756345923276,2.762984954083426,1.769205479319893
bI9JzQSrEGo_004534_ood,ood,anomaly,0.3333441019058227,0.4438994228839874,0.3250102996826172,0.2864376604557037,0.2780291140079498,0.986183427711247,1.132718087549345,1.7772797600449382,2.428756099644056,1.499111464317764
QeuzUfHIWYU_004536_ood,ood,anomaly,0.3220291137695312,0.3900339901447296,0.3068781793117523,0.2833800613880157,0.3078242242336273,0.5110482397827604,0.9368666791263086,1.7357527667699335,2.8850148928094796,1.3650569744139678
dZG1VKsgs60_001293_ood,ood,anomaly,0.267840564250946,0.4501301348209381,0.2898037433624267,0.195429727435112,0.1359986066818237,1.041143173443202,0.7524396920830475,0.5412492214250134,0.2538130511218216,0.7230573296205803
J-j5eIHg8I0_000723_ood,ood,anomaly,0.0554420165717601,0.1118941977620124,0.0553652979433536,0.0328972525894641,0.0216113161295652,-1.942361967907581,-1.7798123989415688,-1.6661968303520391,-1.4978236015212143,-1.7933376168413284
9Q0FCoNxL8I_000786_ood,ood,anomaly,0.045258030295372,0.0909503474831581,0.0454899333417415,0.0272039864212274,0.0173878576606512,-2.1271030853949187,-1.886479684750265,-1.7435203186993682,-1.5624983098681666,-1.9139925454213873
Hd2IzHAfkCI_003891_ood,ood,anomaly,0.6422034502029419,0.7353071570396423,0.6995037794113159,0.6379503011703491,0.4960525333881378,3.556627244659395,5.1777538555647675,6.551373008992024,5.767394602900055,5.158327177959636
Tsl84N96WM8_004717_ood,ood,anomaly,0.1549363434314727,0.2470856755971908,0.1591041982173919,0.1228212490677833,0.0907342582941055,-0.7498675431717593,-0.6592920565124603,-0.4448878508721481,-0.4393294414674956,-0.6145771024823832
LfKfK4I5RPE_000321_ood,ood,anomaly,0.527231752872467,0.5981782078742981,0.5009335875511169,0.4738241732120514,0.5359910726547241,2.347042809544923,3.0329273845723113,4.322282647210082,6.378981859619062,3.7961982872030697
pQdl0apLT70_001545_ood,ood,anomaly,0.1713380813598632,0.298324316740036,0.1805752068758011,0.1199662312865257,0.0864865258336067,-0.297902708758336,-0.4273761415503279,-0.483663472390097,-0.5043758625559648,-0.4202572689092505
IQwS7BEjUxM_003370_ood,ood,anomaly,0.3342253267765045,0.3770937323570251,0.2983865737915039,0.2686071991920471,0.3928138017654419,0.396905059209683,0.8451458617647727,1.5351141168084026,4.186478179321725,1.509551789054022
fb5i7JlmJdg_000923_ood,ood,anomaly,0.2965320944786072,0.4312059581279754,0.3035676181316376,0.2309634983539581,0.2203913033008575,0.8742171544334341,0.9011081436360008,1.0238535895308216,1.5461361746050966,1.0629806598883462
Pbw0A-RCjcw_002642_ood,ood,anomaly,0.210233062505722,0.3443940281867981,0.216528981924057,0.1585326939821243,0.1214765682816505,0.1084681285841667,-0.0390267738370761,0.0401296088956872,0.0314340209863729,0.0405515975713446
ruiSuGHJf6Q_003619_ood,ood,anomaly,0.3737922012805938,0.5098295211791992,0.3887706995010376,0.3106008768081665,0.2859677374362945,1.567738388854416,1.8214165878151425,2.105454154645975,2.5503219108586026,1.978320922069802
y1vGuUK0db4_004495_ood,ood,anomaly,0.2419961243867874,0.3713686168193817,0.2346841990947723,0.1739459484815597,0.1879857182502746,0.3464050686116688,0.1570741112433092,0.2494657912317098,1.049902631080348,0.4168649446964694
gDjeTHGWX9c_002310_ood,ood,anomaly,0.1241433173418045,0.219671830534935,0.1329553872346878,0.0866483598947525,0.0572976991534233,-0.9916790679867143,-0.941734559363884,-0.9361724477639788,-0.951350508198926,-0.9793979361697698
ha-IeID24As_004012_ood,ood,anomaly,0.0446126386523246,0.0872113704681396,0.0452863648533821,0.0276712775230407,0.0182815585285425,-2.1600837829656703,-1.888678499579434,-1.7371737722709826,-1.5488128804018386,-1.9216388324925509
ahKX0rtdMJc_004730_ood,ood,anomaly,0.1089604943990707,0.1976337879896164,0.1163623854517936,0.0735822319984436,0.0482635647058486,-1.1860718158744428,-1.1209614066755522,-1.1136309677558276,-1.0896921101975097,-1.1592766563568255
Izf9l3VWQuo_002152_ood,ood,anomaly,0.3792857229709625,0.4353505969047546,0.3759731352329254,0.3692234754562378,0.3365956544876098,0.9107761055818102,1.683185595794955,2.9016410339357224,3.3255978591383677,2.0434055018419897
mrIFkGZbNjc_000872_ood,ood,anomaly,0.1219318211078643,0.2265440076589584,0.1243789717555046,0.077830821275711,0.0589735098183155,-0.9310610982934906,-1.0343714389159386,-1.0559284585518502,-0.9256884668187764,-1.005598670628709
Hd2IzHAfkCI_002940_ood,ood,anomaly,0.2720904350280761,0.4238204061985016,0.2936389744281769,0.2156322598457336,0.1552701294422149,0.8090708179888252,0.7938653715122387,0.8156313130536311,0.5489219347781207,0.7734077367374854
TlBhM9Xbr2o_002305_ood,ood,anomaly,0.4732649326324463,0.5314183831214905,0.4269320368766784,0.3649483323097229,0.5697609186172485,1.7581690129945025,2.233610612532474,2.843577881519455,6.89610661759244,3.1568255833288124
3Sqeb-l1RPA_005220_ood,ood,anomaly,0.3636990785598755,0.4553728103637695,0.3702875673770904,0.3245885670185089,0.3045474290847778,1.0873876664810496,1.6217737780111248,2.2954289369633174,2.8348366391047506,1.8587425008143144
HaC3LrJiTmQ_005015_ood,ood,anomaly,0.201638787984848,0.3369026184082031,0.2117471247911453,0.1509590744972229,0.1069463640451431,0.0423880432308773,-0.0906772943058981,-0.0627320281124507,-0.1910700543193338,-0.0612691973876643
UOjQsfDXjO0_004713_ood,ood,anomaly,0.303581178188324,0.373656153678894,0.284176617860794,0.2563917934894562,0.3001002371311188,0.3665829303750548,0.6916591307186526,1.3692097391469724,2.7667358528219475,1.1464947837754398
sdqIDbZJfy0_005110_ood,ood,anomaly,0.523309588432312,0.5930627584457397,0.4982086718082428,0.4635259807109833,0.5384408235549927,2.301920550203909,3.0034946113962886,4.1824170332857795,6.41649541069662,3.7497303857779327
y1vGuUK0db4_003866_ood,ood,anomaly,0.257846474647522,0.3882912695407867,0.2505497932434082,0.183804377913475,0.2087405622005462,0.4956760829179034,0.3284439728989547,0.3833587326077075,1.3677259242771858,0.6046522046922793
JV0D-YkWHD8_004391_ood,ood,anomaly,0.236057236790657,0.3120531141757965,0.2063470482826233,0.1735680401325225,0.2522607147693634,-0.1768039926067786,-0.1490054196522081,0.244333202844017,2.0341591792315934,0.3465038857447826
l1XbmdmGr0Q_001744_ood,ood,anomaly,0.3451224863529205,0.4380627870559692,0.3210114240646362,0.2795480787754059,0.3418676257133484,0.9346997410500898,1.0895248257646637,1.683708429804555,3.406328663986519,1.6386560488924675
cfrLchAShxQ_002078_ood,ood,anomaly,0.2634866833686828,0.4368841350078583,0.2846811711788177,0.1925681978464126,0.1398132890462875,0.9243031094089348,0.6971089885366183,0.5023851593437804,0.3122280849557869,0.6714746612391908
3u_CIo9IaWo_002458_ood,ood,anomaly,0.2462423741817474,0.3784228563308716,0.2528447210788727,0.1939475834369659,0.1597543954849243,0.4086289707607278,0.3532322954785444,0.5211193801734125,0.6175904443886685,0.4671724521733645
f482qwPz7ns_003767_ood,ood,anomaly,0.2025362849235534,0.3134765028953552,0.1927043944597244,0.1428771615028381,0.1610870659351349,-0.1642485923738214,-0.2963645211357829,-0.1724970885854598,0.6379979074487077,-0.050636089083955
kN-2mc561GY_003742_ood,ood,anomaly,0.2661081552505493,0.3847241401672363,0.2890189588069916,0.2143304646015167,0.176359012722969,0.4642112157651356,0.7439629581243657,0.7979508908807839,0.8718604425400779,0.7025325882725936
DyzL2sahobA_004649_ood,ood,anomaly,0.54112708568573,0.578900933265686,0.4923955202102661,0.4941639304161072,0.5990478992462158,2.1770021911348065,2.940704716747798,4.598528466864499,7.344584315309294,3.960823448969784
a_VxrUq9PmA_005011_ood,ood,anomaly,0.2337710410356521,0.331411212682724,0.2060907185077667,0.1479029357433319,0.249679297208786,-0.0060504442866563,-0.1517741276907391,-0.1042391880345908,1.9946293888759248,0.319418147601194
a_VxrUq9PmA_000756_ood,ood,anomaly,0.0202350635081529,0.0421840474009513,0.0204705540090799,0.0112315006554126,0.0070541552267968,-2.5572599406511705,-2.156722799176394,-1.9604517391696272,-1.7207404699303146,-2.210452515872555
a_VxrUq9PmA_003255_ood,ood,anomaly,0.2419392466545105,0.3565613925457001,0.231951504945755,0.1707237064838409,0.2085204124450683,0.2157937854529342,0.1275573207671989,0.2057026886118209,1.364354724741785,0.4161910849190289
4OGV0AbV91U_001988_ood,ood,anomaly,0.2075709998607635,0.3585303425788879,0.2272501736879348,0.1478262990713119,0.0966772213578224,0.2331614625784291,0.0767765885927734,-0.1052800342976688,-0.348323597396432,0.0090127708696823
OWtbKblBOKI_004320_ood,ood,anomaly,0.4306120872497558,0.4893771708011627,0.3755967915058136,0.3563415110111236,0.5011327862739563,1.3873326843743832,1.6791205748543012,2.7266837425974546,5.845189584462537,2.6514953645208164
xVfPBzDnI2Q_003431_ood,ood,anomaly,0.2661202549934387,0.4074455797672272,0.2828005850315094,0.2072025835514068,0.1670323014259338,0.6646320594369131,0.6767961162371933,0.7011430812627735,0.7290385496739028,0.7026759401560837
GdyJqgxlSxs_005018_ood,ood,anomaly,0.2659863531589508,0.3851028978824615,0.2395401000976562,0.1665747761726379,0.2727276980876922,0.4675521546391259,0.2095244055897878,0.149353704550262,2.3475744019922,0.7010895361843564
Sihe6aeyLHg_002539_ood,ood,anomaly,0.2383659929037094,0.3233451545238495,0.2102770358324051,0.1708497852087021,0.2489919960498809,-0.0771993771785626,-0.1065562421171568,0.2074150355361648,1.9841046015894188,0.3738569080652242
kld-iYpdjyo_005653_ood,ood,anomaly,0.3841339349746704,0.5644168853759766,0.4080378115177154,0.3126355707645416,0.2514455020427704,2.0492415760970535,2.029527440133004,2.1330884913829276,2.0216756551905286,2.10084476552252
ieP36TLihGM_000521_ood,ood,anomaly,0.3315950036048889,0.428740918636322,0.3066524267196655,0.259453684091568,0.3315330445766449,0.8524735808175431,0.934428245991572,1.4107950181936602,3.2480730481627225,1.4783889962339287
3Sqeb-l1RPA_001295_ood,ood,anomaly,0.4462521374225616,0.4675799608230591,0.3327975869178772,0.3225093483924866,0.6621216535568237,1.1950642678298535,1.216831315435867,2.267189885345153,8.310445988724734,2.8367910911032066
l1XbmdmGr0Q_004344_ood,ood,anomaly,0.5539259314537048,0.4617071151733398,0.4392096400260925,0.492953211069107,0.8218338489532471,1.1432611822598997,2.3662253216613416,4.5820849982907035,10.756152447718554,4.112457964191253
4wKjxDXnmYs_003500_ood,ood,anomaly,0.0417084470391273,0.0795380696654319,0.044141873717308,0.0258465185761451,0.0173073261976242,-2.2277682892161725,-1.9010405508091384,-1.761956862152527,-1.5637315051090717,-1.956046285739572
zRZ9PJguIfE_000655_ood,ood,anomaly,0.7467910051345825,0.6132788062095642,0.602374255657196,0.6591151356697083,1.1123956441879272,2.4802418810643125,4.128623713164561,6.838824673014822,15.205586365888909,6.397429787504355
Q7VBPeGwJWw_002894_ood,ood,anomaly,0.2522318959236145,0.3783001899719238,0.2553072571754455,0.1835031509399414,0.1918169409036636,0.4075469576672232,0.3798310138270785,0.3792675976265476,1.1085709498394725,0.5381333999182774
OWtbKblBOKI_004132_ood,ood,anomaly,0.2861925661563873,0.426419049501419,0.3006368279457092,0.2327688336372375,0.1849455088376999,0.8319928815702601,0.8694516482032436,1.048372875581154,1.0033472645438597,0.9404829446114368
hIHap634rMw_001346_ood,ood,anomaly,0.1895485073328018,0.2772479355335235,0.1741157919168472,0.1356217116117477,0.1712085753679275,-0.4838128525398473,-0.4971465540241342,-0.2710374832429811,0.792990711430301,-0.2045089768802651
kld-iYpdjyo_005765_ood,ood,anomaly,0.2689919173717499,0.4441854357719421,0.2960357964038849,0.2008138746023178,0.1349325031042099,0.9887062847711006,0.8197542885324441,0.6143743886737253,0.237487582679949,0.7366980028099289
0RJPQ_97dcs_004867_ood,ood,anomaly,0.1344024837017059,0.2390303611755371,0.1307941973209381,0.085780531167984,0.0820048525929451,-0.8209217079100674,-0.9650783316210804,-0.9479589236565236,-0.5730046680431087,-0.8578523104343178
bFGmOp9H3MA_000853_ood,ood,anomaly,0.6102180480957031,0.7078264951705933,0.6552327275276184,0.5999242067337036,0.4778887927532196,3.314226343421787,4.699566655918579,6.034918976600096,5.489249420060105,4.779379651704516
lmykriTbncM_003292_ood,ood,anomaly,0.3598609566688537,0.4559700191020965,0.3173806369304657,0.2537678778171539,0.4123253226280212,1.0926555139982337,1.0503074171347202,1.3335728469103885,4.485262204423615,1.8132702947375563
ieP36TLihGM_000191_ood,ood,anomaly,0.3492215871810913,0.439897745847702,0.3133302927017212,0.2988272905349731,0.3448310196399688,0.9508855107731574,1.0065582247858558,1.945550378131781,3.451707738821032,1.6872202068010564
Eq7_uD2yN5Y_000177_ood,ood,anomaly,0.6413425207138062,0.6236861348152161,0.5923216938972473,0.626415491104126,0.7229466438293457,2.572042647927474,4.02004245853595,6.394712188052311,9.24187186518022,5.1481273030575085
xVfPBzDnI2Q_004984_ood,ood,anomaly,0.3508399724960327,0.5124209523200989,0.3797484338283539,0.2919645309448242,0.2192260771989822,1.5905968355338522,1.7239639235364947,1.8523433339644175,1.5282928220892098,1.7063940508430504
8dI7OolIEXY_000880_ood,ood,anomaly,0.4694205224514007,0.5814798474311829,0.4661462604999542,0.4019784033298492,0.4280775487422943,2.199750228314906,2.6571772318659272,3.3465043529709564,4.726479357913896,3.111278876642654
Zpo0kwg1XEQ_004129_ood,ood,anomaly,0.1740043312311172,0.2803451716899872,0.1772871613502502,0.1340276151895523,0.104357361793518,-0.4564928105681479,-0.4628914775378911,-0.2926878140871333,-0.2307159906451884,-0.3886688339818974
lKMwX4nA64k_001422_ood,ood,anomaly,0.1992433667182922,0.3126332461833954,0.2019082009792328,0.1410489082336425,0.1413831114768982,-0.1716867751922616,-0.1969509703303697,-0.1973276368470733,0.3362671061995204,-0.0896489864006899
nHvTqyRntbY_003858_ood,ood,anomaly,0.2782242000102997,0.3589541614055633,0.2818532586097717,0.2406368851661682,0.231452539563179,0.2368998756500332,0.6665637104215,1.1552333617652883,1.7155192132895811,0.8460776084136605
yhtzAKqRyXw_000694_ood,ood,anomaly,0.2676313817501068,0.4076637923717499,0.2713731825351715,0.2081949263811111,0.1832936555147171,0.6665568650420242,0.5533647233416946,0.7146206540587349,0.9780520869821095,0.7205790368367943
8dI7OolIEXY_003076_ood,ood,anomaly,0.3353972733020782,0.4373658895492553,0.3249689638614654,0.2868707776069641,0.292383462190628,0.9285525607346132,1.1322716048090302,1.7831621705995964,2.6485672541891683,1.523436442912068
RASKiMoxhOE_005633_ood,ood,anomaly,0.1589809358119964,0.2835983335971832,0.1592159271240234,0.105460800230503,0.0876486524939537,-0.4277973816904204,-0.6580852333016181,-0.6806699878224739,-0.4865799724404675,-0.5666587342164141
3tEZvtQZ18Q_000073_ood,ood,anomaly,0.4406657814979553,0.5551044940948486,0.4600764811038971,0.4113556444644928,0.3361265361309051,1.96709901162829,2.591615410125262,3.4738620021969853,3.3184141510177856,2.7706066563628635
l1XbmdmGr0Q_000374_ood,ood,anomaly,0.1175850257277488,0.1986285597085952,0.1106741055846214,0.0840497910976409,0.0769876539707183,-1.177297152354503,-1.1824025178475346,-0.97146508966156,-0.6498340863976557,-1.057097393418227
y1vGuUK0db4_000052_ood,ood,anomaly,0.2563714981079101,0.3616609573364258,0.2549086809158325,0.2000479996204376,0.2088682800531387,0.2607759298816943,0.3755258514846412,0.6039726046209577,1.3696816946317223,0.5871773982447543
y1vGuUK0db4_002066_ood,ood,anomaly,0.3837170600891113,0.4844536185264587,0.3539671897888183,0.3024451434612274,0.3940022885799408,1.3439031078101114,1.445491640495931,1.9946864979475565,4.204677728025155,2.0959058341277896
hfwb3mZZ0fs_002552_ood,ood,anomaly,0.1268161982297897,0.243962213397026,0.1288434416055679,0.080614373087883,0.0538447834551334,-0.7774189193325456,-0.9861491301008016,-1.0181234570373454,-1.004225732941206,-0.9477309401732632
TlBhM9Xbr2o_002590_ood,ood,anomaly,0.4145257472991943,0.5213148593902588,0.4097699224948883,0.3480226993560791,0.3789954781532287,1.66904804240811,2.04823657990738,2.6137012265750785,3.974875281828692,2.460912213171764
PfJ2CudpCgE_003154_ood,ood,anomaly,0.1317400336265564,0.2372730821371078,0.1360891610383987,0.0884346067905426,0.0651633217930793,-0.8364222815378438,-0.9078855664947332,-0.9119124119689448,-0.8309025734243376,-0.889395727220919
CyeT8rEQOpQ_001407_ood,ood,anomaly,0.1580768823623657,0.2829220592975616,0.1634624004364013,0.10923433303833,0.0766887441277504,-0.4337626492117514,-0.6122175817501532,-0.6294194909245494,-0.6544113557275832,-0.5773695208806353
Tsl84N96WM8_001252_ood,ood,anomaly,0.2137739360332489,0.323803961277008,0.2279198914766311,0.1762982606887817,0.1270736306905746,-0.0731523432683356,0.0840104459398101,0.2814138822166681,0.1171430155369776,0.0825021492492581
r6_ZhT7rmhM_004698_ood,ood,anomaly,0.2478319108486175,0.3453389704227447,0.2520734965801239,0.2041320502758026,0.1897831261157989,0.1168032571448407,0.3449020284606284,0.6594404211481137,1.0774267159834945,0.4860045114291057
PEwiwzyTjX0_005074_ood,ood,anomaly,0.1962387412786483,0.3163763880729675,0.1956768333911895,0.1564652472734451,0.1164364591240882,-0.1386693401750055,-0.2642581629563872,0.0120504383873476,-0.0457462312172108,-0.1252463308973716
bhA2ckvE-TQ_001483_ood,ood,anomaly,0.073887214064598,0.0992531105875969,0.0692406743764877,0.0655396804213523,0.0615154094994068,-2.053866230006619,-1.6299395787061766,-1.2228614384166814,-0.8867638220680815,-1.5748078657454
t_bCDlNOhJc_004876_ood,ood,anomaly,0.0753221064805984,0.1154411882162094,0.0768842250108718,0.0577188991010189,0.0512440986931324,-1.9110747417528529,-1.5473789003917786,-1.3290799209924051,-1.044050566006991,-1.5578079565473686
4K_6s1n6BpU_003459_ood,ood,anomaly,0.2488887310028076,0.4006986618041992,0.2749291360378265,0.1885931938886642,0.131333902478218,0.6051189733763417,0.5917738276018263,0.4483983680846005,0.1823814539808709,0.498525203893255
Vtpe3HAIEm4_001012_ood,ood,anomaly,0.1480076611042022,0.2420897036790847,0.1444874852895736,0.1004092395305633,0.1050442308187484,-0.7939359175536245,-0.8171723129235243,-0.7492781089563201,-0.2201978207125847,-0.6966647692037128
lKMwX4nA64k_003483_ood,ood,anomaly,0.3180679976940155,0.3962858617305755,0.3451274931430816,0.2964790165424347,0.2343796342611313,0.5661946301445466,1.3500109684791182,1.9136571324389289,1.76034243039645,1.318127592910699
Hx8FMhmdOQU_004468_ood,ood,anomaly,0.2583141326904297,0.3813158273696899,0.2698633372783661,0.204405203461647,0.1776721179485321,0.4341472348551479,0.5370563537744305,0.6631502700395131,0.891968299197655,0.6101927902975196
u33fdjUY_Iw_001071_ood,ood,anomaly,0.0854084938764572,0.1620441377162933,0.0880993753671646,0.0551880374550819,0.0363024249672889,-1.500000328298707,-1.4262401175009778,-1.363452993532051,-1.2728555601952565,-1.438309332153133
xVfPBzDnI2Q_000062_ood,ood,anomaly,0.1675695776939392,0.2898114025592804,0.1776860356330871,0.1137566044926643,0.0890242382884025,-0.3729932607765788,-0.45858309614181,-0.5679999482982862,-0.4655153376827206,-0.4649046720307531
ZIts2XH28SA_000922_ood,ood,anomaly,0.1215147525072097,0.223604679107666,0.1268875747919082,0.0776237472891807,0.0579430386424064,-0.9569882718550992,-1.007275135350504,-1.0587408482261362,-0.941468288794627,-1.0105398970659083
yr0gNIxRluE_004553_ood,ood,anomaly,0.0412386320531368,0.0846485272049903,0.0417722351849079,0.0234427992254495,0.0150909591466188,-2.1826900622350136,-1.9266358498989111,-1.794603142813128,-1.597671200188026,-1.961612425760003
RASKiMoxhOE_003190_ood,ood,anomaly,0.3119996190071106,0.4563629925251007,0.3171636164188385,0.2505478858947754,0.2239240556955337,1.0961218465179003,1.0479633022717298,1.2898403038444035,1.600233955480501,1.2462323863389024
WWyeuvpHmfc_004984_ood,ood,anomaly,0.316616803407669,0.4697296321392059,0.3422734439373016,0.2485605329275131,0.2059035897254943,1.2140260478219689,1.3191833793594896,1.2628489320263303,1.3242827677355062,1.3009345470617582
3tEZvtQZ18Q_003665_ood,ood,anomaly,0.1762615144252777,0.2783642709255218,0.1847112774848938,0.1368896514177322,0.1050808429718017,-0.4739659024775347,-0.3827009884209922,-0.2538168710467444,-0.2196371711079764,-0.3619268225835733
ahKX0rtdMJc_004382_ood,ood,anomaly,0.0677093788981437,0.135416179895401,0.0701585933566093,0.0401442907750606,0.0251184366643428,-1.734879713833851,-1.6200248130087287,-1.5677706798546398,-1.444118326710575,-1.6479998595834244
gXezhrOijmQ_000502_ood,ood,anomaly,0.471340924501419,0.5264028310775757,0.4034363031387329,0.4006299078464508,0.5548946857452393,1.7139279266101028,1.9798249299763755,3.3281896682687524,6.66845686507521,3.1340308684365916
ZIts2XH28SA_003025_ood,ood,anomaly,0.3806988000869751,0.4474753439426422,0.3193476498126983,0.3003102838993072,0.4556619226932525,1.0177258443933113,1.071553814990678,1.9656917551090272,5.1488846812626115,2.06014695394959
uFwnmh0GpBo_000181_ood,ood,anomaly,0.3382311463356018,0.4413767457008362,0.3409742712974548,0.2903781235218048,0.2801954448223114,0.963931444638884,1.305150558812615,1.8307974317945304,2.4619295793013287,1.5570107957425996
88LcRU7uEFE_000200_ood,ood,anomaly,0.5257666110992432,0.5983208417892456,0.5184528231620789,0.4776002168655395,0.5086925625801086,2.3483009520778464,3.222158809178073,4.3735672453320635,5.960954029967863,3.7788399982963137
9Q0FCoNxL8I_003090_ood,ood,anomaly,0.1132925152778625,0.1931362748146057,0.1133409589529037,0.0852276906371116,0.0614651106297969,-1.2257433948249656,-1.1535968967975518,-0.9554673655743344,-0.887534059243644,-1.107952974691052
hdOtS-BpUPY_001660_ood,ood,anomaly,0.2470003217458725,0.3960990309715271,0.2652894556522369,0.1840231716632843,0.1425895988941192,0.5645466369270599,0.4876522498905268,0.3863302950577882,0.3547423019205998,0.4761522471902699
kDo7FBuRiBs_001846_ood,ood,anomaly,0.2455002814531326,0.362642228603363,0.2441568970680236,0.1927712708711624,0.1824307441711425,0.2694315088702064,0.2593920531983137,0.5051432096788414,0.9648381439811938,0.4583804975555156
lmykriTbncM_002210_ood,ood,anomaly,0.1613984704017639,0.2850766181945801,0.1659981906414032,0.1146532967686653,0.07986581325531,-0.4147577569389417,-0.5848276200161151,-0.555821460114942,-0.6057602275738693,-0.5380169572783889
bcpfYpmDcp0_003790_ood,ood,anomaly,0.2013880610466003,0.3319326043128967,0.2142413556575775,0.1478474587202072,0.1115308627486229,-0.0014513628797435,-0.0637362296024073,-0.1049926530622864,-0.1208666608807859,-0.0642396885103313
3sGShQb_HwU_000805_ood,ood,anomaly,0.2703592777252197,0.3457860946655273,0.2394277304410934,0.2196505069732666,0.2765727639198303,0.1207472421890202,0.208310661413613,0.8702054144149797,2.4064547042607596,0.7528978248946874
UKBuDqU8qTM_002630_ood,ood,anomaly,0.3110347092151642,0.4940649569034576,0.348227709531784,0.2361373156309127,0.1657088696956634,1.4286826191547104,1.3834974959080435,1.094122146823605,0.7087725610765648,1.2348006032557477
Hd2IzHAfkCI_001562_ood,ood,anomaly,0.5469347238540649,0.6273150444030762,0.5617619156837463,0.5140350461006165,0.4846269190311432,2.6040524648233987,3.6899555474746863,4.868409399298659,5.59243176576971,4.029629528377405
DyzL2sahobA_000311_ood,ood,anomaly,0.4973808825016022,0.5861727595329285,0.4839516878128052,0.4453314840793609,0.4740676879882812,2.24114537841401,2.84949991368527,3.9353072185137616,5.4307360386561,3.442539657379515
Hx8FMhmdOQU_001208_ood,ood,anomaly,0.4844302237033844,0.5543091297149658,0.4973659515380859,0.4702768325805664,0.415768951177597,1.9600832765846945,2.9943920934093646,4.274104195004046,4.537995213103186,3.289106535028739
T7TkJVmGyts_000281_ood,ood,anomaly,0.184104174375534,0.2914179861545563,0.1817424297332763,0.1413338184356689,0.1219224706292152,-0.3588219386568942,-0.4147685570039883,-0.1934581092269996,0.0382622174732638,-0.2690107924068844
fHUJcUaW2mE_002505_ood,ood,anomaly,0.3616657853126526,0.4718413949012756,0.3638361692428589,0.3050325512886047,0.3059529960155487,1.232653444758949,1.552089958080322,2.029827556362529,2.8563603813124265,1.8346530288857443
YBEYOS3A3Ic_003750_ood,ood,anomaly,0.1876786351203918,0.2821674644947052,0.1755867749452591,0.1395674347877502,0.1533928215503692,-0.4404187647432196,-0.4812579490519452,-0.2174483709468475,0.5201743239572257,-0.2266623156730764
bcpfYpmDcp0_003377_ood,ood,anomaly,0.1896226108074188,0.2963397800922394,0.180728480219841,0.1315987110137939,0.1498235166072845,-0.3154078719984822,-0.4257205822616215,-0.3256761441917141,0.4655168062156823,-0.2036310348647521
EY8x-fyQkbk_006019_ood,ood,anomaly,0.1524055302143097,0.2721878886222839,0.1652469187974929,0.1046637669205665,0.0675235316157341,-0.5284464184064143,-0.5929423713926187,-0.6914949508633983,-0.7947601837118939,-0.6445609496399787
Tsl84N96WM8_000581_ood,ood,anomaly,0.3880776762962341,0.4746980667114258,0.3419965207576751,0.2937928140163421,0.441823273897171,1.2578515213052923,1.3161922347142128,1.877174286988333,4.936970539951638,2.147568299370432
2TmFM9p1KF8_005814_ood,ood,anomaly,0.3168205022811889,0.3872105479240417,0.2640751898288727,0.2241407185792923,0.3918554484844208,0.4861432741691811,0.4745365377266056,0.9311895339934082,4.17180271384726,1.3033478724894805
f482qwPz7ns_005487_ood,ood,anomaly,0.1233491599559784,0.2307304888963699,0.1257586181163787,0.0816734805703163,0.0552340410649776,-0.894133063961616,-1.0194693934090555,-1.0037391154912934,-0.9829517387971218,-0.9888067275867748
xVfPBzDnI2Q_005475_ood,ood,anomaly,0.3725411593914032,0.463590532541275,0.3680435419082641,0.3258509635925293,0.3326796591281891,1.1598743944732584,1.5975352697937966,2.31257426337113,3.265631398091652,1.9634991847172172
1u69z-wsDIc_004789_ood,ood,anomaly,0.3234559297561645,0.4286700785160064,0.3117104172706604,0.2585513591766357,0.2948918342590332,0.8518487156272464,0.989061380613516,1.3985400299349815,2.686978483551029,1.3819611979951865
OWtbKblBOKI_002215_ood,ood,anomaly,0.2761581838130951,0.3747831583023071,0.2690639197826385,0.2350960373878479,0.2256895750761032,0.3765239913915643,0.5284215642818656,1.0799799543255362,1.6272697253027115,0.8216004508494446
UbDCiQVuzPY_002416_ood,ood,anomaly,0.3993143141269684,0.4714446663856506,0.387625128030777,0.3623527884483337,0.3758346736431122,1.2291539893894818,1.809042867515982,2.808326322995665,3.9264732171847174,2.2806945328661117
RASKiMoxhOE_005128_ood,ood,anomaly,0.4955278933048248,0.6145094037055969,0.529369056224823,0.4711532592773437,0.3670798242092132,2.4910967121277174,3.340068881264726,4.286007444821108,3.792408365375131,3.420586340365021
bcpfYpmDcp0_000243_ood,ood,anomaly,0.2684507966041565,0.3885563910007477,0.2744925916194916,0.2171142399311065,0.1936398893594741,0.4980146612657691,0.5870585578252431,0.8357589281125627,1.1364861431766018,0.7302870664834984
3tEZvtQZ18Q_005360_ood,ood,anomaly,0.087492823600769,0.1263286769390106,0.0831439197063446,0.0626417025923729,0.0778570100665092,-1.8150385876311903,-1.4797657367169732,-1.2622205247949156,-0.6365214535497756,-1.4136152048046693
eW9vWga9F5M_000811_ood,ood,anomaly,0.2155077457427978,0.31372731924057,0.2024290114641189,0.1539734750986099,0.1919011920690536,-0.1620361963109134,-0.1913255131361671,-0.0217917377961597,1.1098611056654606,0.1030434855197178
Pbw0A-RCjcw_002938_ood,ood,anomaly,0.0390719696879386,0.0696088969707489,0.0399145185947418,0.0276777446269989,0.0190867129713296,-2.315351347484714,-1.946701700069391,-1.7370859388511537,-1.5364833809774254,-1.9872819902935095
Q7VBPeGwJWw_002656_ood,ood,anomaly,0.3225055634975433,0.433255523443222,0.3157438039779663,0.2577102184295654,0.2833127081394195,0.8922959213106127,1.0326274088100813,1.3871160186850915,2.509664888493669,1.3707017196389857
OPj7lUQOre8_004997_ood,ood,anomaly,0.251720517873764,0.3771049678325653,0.2516328394412994,0.1901795566082,0.1879647374153137,0.3970041648793266,0.3401423357437677,0.4699436631110325,1.0495813471392463,0.5320748408818048
cfrLchAShxQ_003330_ood,ood,anomaly,0.230891078710556,0.3379828333854675,0.2218401879072189,0.1569983959197998,0.2067428678274154,0.0519163830236736,0.0183414297128267,0.0192914336132163,1.3371348099334466,0.2852977512046102
bI9JzQSrEGo_000680_ood,ood,anomaly,0.2091497033834457,0.3600796163082123,0.2216724902391433,0.1497680991888046,0.1050785854458808,0.2468272669190062,0.0165300682277881,-0.0789073416602733,-0.2196717410774917,0.0277164842888511
jKwCC2RhxJE_001034_ood,ood,anomaly,0.2737160325050354,0.3969408869743347,0.2844013273715973,0.2183000445365905,0.1952218860387802,0.5719724643967647,0.6940862971656385,0.8518640154007524,1.1607115912526376,0.7926670269760431
Hkui6PJboFg_003202_ood,ood,anomaly,0.0635425001382827,0.091033861041069,0.0533109046518802,0.0462246648967266,0.063600555062294,-2.1263664305865437,-1.8020026233257185,-1.4851896580561006,-0.854833549251797,-1.6973670175438045
ieP36TLihGM_001114_ood,ood,anomaly,0.190716415643692,0.31430584192276,0.1934618651866912,0.1372227817773819,0.1178752332925796,-0.1569331744034536,-0.288182813443502,-0.2492924380198424,-0.0237139795899712,-0.1906721658306246
CyeT8rEQOpQ_005359_ood,ood,anomaly,0.179635614156723,0.2647825479507446,0.172792762517929,0.1192746981978416,0.1616924554109573,-0.5937673070118805,-0.5114370598151485,-0.4930555768771454,0.6472683638941329,-0.3219521259303182
VxWJchENocA_002747_ood,ood,anomaly,0.1932238042354583,0.3218488693237304,0.2056705206632614,0.1411135196685791,0.1042622625827789,-0.0903977813052791,-0.1563128323749921,-0.1964501121733987,-0.2321722648725417,-0.1609658422701304
bI9JzQSrEGo_004353_ood,ood,anomaly,0.1986316889524459,0.3161500990390777,0.1852681636810302,0.1307534873485565,0.1623550206422805,-0.1406653861951651,-0.3766858647832786,-0.3371556078771635,0.6574143647159846,-0.0968958478112663
Sihe6aeyLHg_004435_ood,ood,anomaly,0.2524389624595642,0.3609007894992828,0.2684758603572845,0.2111430168151855,0.1692362576723098,0.254070655835044,0.5220697276330705,0.7546603482500616,0.7627881954897553,0.5405866237766261
Hd2IzHAfkCI_000899_ood,ood,anomaly,0.4230506420135498,0.5693198442459106,0.4640748798847198,0.3717423975467682,0.2870654165744781,2.0924895027469392,2.634803521424114,2.9358519485775862,2.56713090250445,2.561911029843175
pQdl0apLT70_004755_ood,ood,anomaly,0.1865322589874267,0.2971648573875427,0.1706752032041549,0.118041343986988,0.1602476090192794,-0.3081300458338411,-0.5343095626189777,-0.5098064624203387,0.6251431270353593,-0.2402440239251267
Hx8FMhmdOQU_002991_ood,ood,anomaly,0.0231691300868988,0.0417806729674339,0.0247269477695226,0.0149952890351414,0.0111736059188842,-2.5608180182071907,-2.1107479933767808,-1.9093335868960777,-1.657658454557991,-2.1756911185277343
xjbbH74SwTg_001509_ood,ood,anomaly,0.3757208287715912,0.5131915211677551,0.3973620235919952,0.315876692533493,0.2764530777931213,1.597393854616856,1.914214500525698,2.1771080109219914,2.4046219254149257,2.0011703648978374
bcpfYpmDcp0_003106_ood,ood,anomaly,0.3239041268825531,0.4320897161960602,0.2973091006278991,0.2588571608066559,0.3073605000972748,0.8820125908461586,0.8335076952230867,1.4026932959297074,2.8779137875203458,1.3872712201030897
Rrcjy5t8b20_004212_ood,ood,anomaly,0.1547511965036392,0.2659036219120025,0.1533547937870025,0.1063269153237342,0.0934194475412368,-0.583878559067676,-0.7213933955866669,-0.6689067857623724,-0.3982105734372285,-0.6167706334582017
88LcRU7uEFE_001801_ood,ood,anomaly,0.0745347738265991,0.1137737706303596,0.0740697756409645,0.056891668587923,0.0534038618206977,-1.9257826671833047,-1.5777787577585638,-1.340315009437205,-1.010977658719778,-1.5671358918527494
6E2N9ld0eHg_000972_ood,ood,anomaly,0.121864378452301,0.1833471208810806,0.1239774003624916,0.1008600369095802,0.0792729333043098,-1.3120913782595536,-1.0387089527474909,-0.7431555731651969,-0.6148391230331048,-1.0063976984916103
lKMwX4nA64k_004974_ood,ood,anomaly,0.2923125028610229,0.4373134672641754,0.3151939809322357,0.2323423475027084,0.184400275349617,0.9280901552361994,1.026688576743711,1.0425805246389934,0.9949979893983129,1.0129889855636227
PEwiwzyTjX0_002832_ood,ood,anomaly,0.2855259776115417,0.4056561887264251,0.2772212326526642,0.2095733284950256,0.249653160572052,0.6488482328673848,0.616531569171806,0.7333415177323568,1.994229153057251,0.932585526931574
Zpo0kwg1XEQ_002984_ood,ood,anomaly,0.2217593789100647,0.3393598198890686,0.2276673913002014,0.1738824099302292,0.1461278647184372,0.0640624794698028,0.0812831027405951,0.2486028380009578,0.4089245111043914,0.1771098022678229
OWtbKblBOKI_005624_ood,ood,anomaly,0.0713631361722946,0.1365421563386917,0.0706610158085823,0.046987909823656,0.0312614403665065,-1.7249477221690728,-1.6145979714243113,-1.4748235942766057,-1.3500492182451036,-1.604711916041743
h55PiQMnlJY_002661_ood,ood,anomaly,0.0981513708829879,0.1872864067554474,0.1017982214689254,0.0635801330208778,0.0399407558143138,-1.2773438000997073,-1.2782740634529757,-1.2494751670057238,-1.21714103426041,-1.2873379076636713
RPNiqsdt6-w_004314_ood,ood,anomaly,0.4576109051704407,0.5258356928825378,0.4438794255256653,0.4294471144676208,0.4312814176082611,1.7089253247710885,2.416665317007632,3.719572553686304,4.775540876101753,2.97136426060515
bhA2ckvE-TQ_000174_ood,ood,anomaly,0.1394483745098114,0.2489222437143325,0.147084355354309,0.0977419912815094,0.0640449374914169,-0.7336675779416348,-0.7891226061453096,-0.7855035255819807,-0.8480286275958671,-0.7980710441843529
3tEZvtQZ18Q_003008_ood,ood,anomaly,0.2510063052177429,0.3977405726909637,0.2699218094348907,0.1999787986278534,0.1363840401172638,0.579026317005607,0.5376879320992289,0.6030327465525679,0.2597152744318715,0.5236131958378605
0qfbmt4G8Rw_000870_ood,ood,anomaly,0.1598122715950012,0.2055939733982086,0.1601200699806213,0.1485854685306549,0.124949611723423,-1.115856763331097,-0.6483192683588274,-0.0949693217631557,0.0846174661004169,-0.5568094711869608
l1XbmdmGr0Q_000274_ood,ood,anomaly,0.2313625365495681,0.3323003649711609,0.2324600219726562,0.1934512704610824,0.1672385036945343,0.0017925733626867,0.1330499919986188,0.5143786711544909,0.7321961684075483,0.2908833549506011
fb5i7JlmJdg_004449_ood,ood,anomaly,0.2405644804239273,0.3380803167819977,0.2193804234266281,0.1686884611845016,0.2361087352037429,0.0527762627197023,-0.0082273514368258,0.1780608637722564,1.7868205170140747,0.3999035215952377
h55PiQMnlJY_001383_ood,ood,anomaly,0.250489592552185,0.3858381509780884,0.2693037986755371,0.2022813409566879,0.144535019993782,0.4740376612061431,0.5310125805592912,0.6343048844909227,0.3845329446269907,0.5174914348626077
hfwb3mZZ0fs_002727_ood,ood,anomaly,0.1337842345237732,0.2354762554168701,0.1400376707315445,0.0921102538704872,0.0675127878785133,-0.8522716966075728,-0.8652363247757553,-0.8619913568563898,-0.7949247048209391,-0.8651770267471335
Tsl84N96WM8_000241_ood,ood,anomaly,0.109482318162918,0.1542198956012725,0.1159135103225708,0.0955510735511779,0.0722447782754898,-1.5690162548153244,-1.1258098647966233,-0.8152596263131209,-0.722462740040751,-1.1530943415687205
FqJ4IfRLKmA_000731_ood,ood,anomaly,0.3316988348960876,0.4165310263633728,0.3012653887271881,0.2607597410678863,0.3482390940189361,0.7447727945307896,0.8762409542421524,1.4285333213758866,3.503896299003821,1.4796191389976712
t4Cvbdtebk0_001121_ood,ood,anomaly,0.3165247440338135,0.4371598660945892,0.3176170289516449,0.2610481679439544,0.2502738237380981,0.9267352729514758,1.0528607704845196,1.4324506109477555,2.0037334987353668,1.2998438722634802
3sGShQb_HwU_005523_ood,ood,anomaly,0.283427894115448,0.4127740561962127,0.2910529375076294,0.22954061627388,0.2003439515829086,0.7116333833047409,0.765932677333955,1.0045286181194433,1.239146858851151,0.907728451567764
r6_ZhT7rmhM_004507_ood,ood,anomaly,0.0519233867526054,0.0945197120308876,0.0546953417360782,0.0355829074978828,0.0228955764323472,-2.0956185022601264,-1.7870488315315198,-1.6297214224087675,-1.4781574532365005,-1.8350246358541176
88LcRU7uEFE_005337_ood,ood,anomaly,0.2256615757942199,0.3772465288639068,0.2389764338731765,0.166588470339775,0.1198348626494407,0.3982528437408774,0.2034360484816897,0.1495396928286528,0.0062942371489768,0.2233411377768547
ha-IeID24As_004879_ood,ood,anomaly,0.1915359050035476,0.3276838362216949,0.1977614015340805,0.1314493268728256,0.1092490628361702,-0.0389288159107007,-0.2417420093908611,-0.3277050152372804,-0.155808343137206,-0.1809632534752786
vdLn-qswnRo_005497_ood,ood,anomaly,0.2713954746723175,0.3661107420921325,0.2547259330749511,0.2080305814743042,0.2567146122455597,0.3000265068960536,0.3735519277906202,0.7123885923368848,2.1023626485921647,0.7651741836066807
ahKX0rtdMJc_002328_ood,ood,anomaly,0.3087956011295318,0.4285499155521393,0.3266137838363647,0.2652577757835388,0.2147609889507293,0.8507887844336102,1.1500378837713072,1.4896236910589469,1.4599179860810751,1.2082727369740167
ruiSuGHJf6Q_004299_ood,ood,anomaly,0.2715098857879638,0.3533388674259186,0.2378443628549575,0.1972430348396301,0.2976133227348327,0.1873685969688224,0.191208151312567,0.5658767813914932,2.7286532093089413,0.7665296709976128
y1vGuUK0db4_005890_ood,ood,anomaly,0.1714516878128051,0.2809890806674957,0.1744706183671951,0.1208271160721778,0.1095199137926101,-0.4508130304665321,-0.4933139487565204,-0.471971306114235,-0.1516607454415791,-0.4189113147716533
3u_CIo9IaWo_003170_ood,ood,anomaly,0.4450713694095611,0.5377282500267029,0.4542234241962433,0.4179531633853912,0.3703805804252624,1.8138269673698848,2.5283944841939454,3.56346666186449,3.8429535399444137,2.822801924541926
cfrLchAShxQ_004989_ood,ood,anomaly,0.1736904382705688,0.2560824453830719,0.1869858652353286,0.1436067968606948,0.1080866158008575,-0.670509006804734,-0.358132366252553,-0.162587495493573,-0.1736091392219748,-0.392387685491405
DSBGS6aRzgc_000073_ood,ood,anomaly,0.1080197989940643,0.1848225593566894,0.1133722588419914,0.0805732980370521,0.0533110909163951,-1.2990768585251862,-1.1532588156886727,-1.0186813206819452,-1.0123982791006854,-1.1704215591312714
VxWJchENocA_002584_ood,ood,anomaly,0.2589368522167206,0.3806967735290527,0.2538646161556244,0.1965929716825485,0.2045929878950119,0.4286866964736445,0.3642485408563604,0.5570479036495634,1.3042132460936309,0.6175704691288665
Y4rb2_HaBdQ_000416_ood,ood,anomaly,0.2973100841045379,0.4419860243797302,0.3104853332042694,0.2431770414113998,0.1935919374227523,0.9693057584590004,0.9758288168023456,1.1897326695482922,1.1357518450782589,1.072197903529997
t4Cvbdtebk0_003935_ood,ood,anomaly,0.1779013276100158,0.3029725849628448,0.1910299211740493,0.127436563372612,0.090166188776493,-0.2569013525402017,-0.3144510959355605,-0.3822046403348106,-0.4480284095389939,-0.3424991115360888
gZbGLa253Ak_001252_ood,ood,anomaly,0.2192613333463668,0.355481207370758,0.2299321442842483,0.1619084328413009,0.1297235637903213,0.2062657085398973,0.1057454961388088,0.0859774397590053,0.1577219987628081,0.1475141703710565
d2SCftR5sWc_000411_ood,ood,anomaly,0.0592187941074371,0.1078313216567039,0.0590716674923896,0.0417934246361255,0.028178771957755,-1.9781997084335008,-1.7397785980695348,-1.5453728542267662,-1.3972547683253989,-1.74859218892511
iZ8OKEd-2bs_002534_ood,ood,anomaly,0.5567522644996643,0.5761368870735168,0.4703113734722137,0.4541467130184173,0.7264140844345093,2.152621144883559,2.702166081772794,4.055031860223123,9.294969512878172,4.145942986907195
dZG1VKsgs60_005757_ood,ood,anomaly,0.4485271275043487,0.5436772108078003,0.4133642017841339,0.3444472551345825,0.492619901895523,1.866301447847712,2.08705965446603,2.5651410835169783,5.714829994468021,2.8637440698670114
kld-iYpdjyo_004979_ood,ood,anomaly,0.1789200752973556,0.2704249322414398,0.1747473031282425,0.1360837519168853,0.1344243139028549,-0.543997070628532,-0.4903253793541579,-0.264762250872918,0.2297055744929105,-0.3304294831880943
Z9K13eBUwJM_002799_ood,ood,anomaly,0.2714325189590454,0.3842580020427704,0.2886295914649963,0.2325286418199539,0.1803139001131057,0.4600995134338682,0.7397572645395025,1.0451106937972652,0.9324224654378428,0.765613066343573
yr0gNIxRluE_002389_ood,ood,anomaly,0.0933443158864975,0.1538952440023422,0.0976783111691474,0.0699895471334457,0.0518141537904739,-1.5718799354844413,-1.3227746633985082,-1.1624252658064191,-1.035321192335244,-1.3442895630902605
4OGV0AbV91U_001201_ood,ood,anomaly,0.3574794232845306,0.4218956530094147,0.3166056871414184,0.3259158134460449,0.3655005991458893,0.7920929915478941,1.0419369119462634,2.31345502614323,3.768225359637908,1.7850550426154337
T89zSiaMNgM_004605_ood,ood,anomaly,0.333914190530777,0.4742381870746612,0.3412790596485138,0.2535912096500397,0.2665483057498932,1.2537950237236926,1.3084426849735336,1.3311734159761013,2.2529480666913804,1.505865597764275
ahKX0rtdMJc_004580_ood,ood,anomaly,0.1209368929266929,0.232460469007492,0.1244239285588264,0.075148619711399,0.0517145581543445,-0.8788732881942994,-1.0338858446738597,-1.0923569646632203,-1.0368463212708563,-1.0173860970237982
uO2zGO5ydBc_001446_ood,ood,anomaly,0.2875290811061859,0.4016163051128387,0.2859193384647369,0.2346885949373245,0.2278920859098434,0.6132133040765565,0.7104828688027262,1.0744462464952185,1.6609972372106898,0.9563173253183332
Rrcjy5t8b20_001187_ood,ood,anomaly,0.2181218862533569,0.2688387930393219,0.1622548848390579,0.1350489556789398,0.3063448965549469,-0.5579880572326326,-0.6252603823490558,-0.2788164075700078,2.862361636746367,0.1340145540227297
4K_6s1n6BpU_001222_ood,ood,anomaly,0.1924118101596832,0.3268358707427978,0.2007100582122802,0.1369050443172454,0.1051962450146675,-0.0464085337312725,-0.2098925316921944,-0.2536078113170623,-0.217869995339605,-0.1705859541360727
Nc9SDBksPPA_001573_ood,ood,anomaly,0.1253714710474014,0.2279578894376754,0.1286562532186508,0.08405651897192,0.0608152411878109,-0.918589556704078,-0.988171017694106,-0.9713737145715764,-0.8974856467715897,-0.9648473669120624
UbDCiQVuzPY_003772_ood,ood,anomaly,0.1536522805690765,0.2645486891269684,0.1632588654756546,0.1123182773590087,0.0744832903146743,-0.5958301244911626,-0.6144160344357873,-0.5875346877733791,-0.6881839340974725,-0.6297900563051828
IOoVklIZLMw_000526_ood,ood,anomaly,0.1968278735876083,0.3097817599773407,0.2025429457426071,0.151278868317604,0.123707927763462,-0.1968391106603076,-0.190094868928365,-0.0583887262163012,0.0656032983133672,-0.1182665771219191
PYL3JcSsS6o_000191_ood,ood,anomaly,0.1902901381254196,0.3253327310085296,0.1848414689302444,0.1244645416736602,0.1265217810869217,-0.0596674002028636,-0.3812947448369537,-0.4225693586557325,0.1086924264213684,-0.1957224950559977
hdOtS-BpUPY_005641_ood,ood,anomaly,0.1742463409900665,0.3133296966552734,0.1843410283327102,0.1182519346475601,0.0810627117753028,-0.1655435380731905,-0.386700179714643,-0.506946310794256,-0.5874318686539963,-0.3858016197703655
Sihe6aeyLHg_002066_ood,ood,anomaly,0.3152722120285034,0.4174907505512237,0.292388379573822,0.2388375550508499,0.3123721778392792,0.7532383114525856,0.7803572567092086,1.1307956353190811,2.9546586634741967,1.2850044807380507
yhtzAKqRyXw_004036_ood,ood,anomaly,0.1507271975278854,0.2531634867191314,0.1592321842908859,0.1113384962081909,0.0791746377944946,-0.6962565020501599,-0.6579096339253806,-0.6008416532584755,-0.6163443428608608,-0.6644450210554717
jBbKXYgwpX0_001155_ood,ood,anomaly,0.2607278227806091,0.3992253839969635,0.2806494534015655,0.2030973881483078,0.1599391400814056,0.5921235124245978,0.6535609870404551,0.6453880858813883,0.6204194772734591,0.6387890194696073
EY8x-fyQkbk_002762_ood,ood,anomaly,0.1469977647066116,0.2622660100460052,0.149285614490509,0.1000125557184219,0.0764268934726715,-0.6159651368536162,-0.7653460321257823,-0.7546656975951259,-0.6584211299143863,-0.7086295317650156
0z7J7rOpTic_000857_ood,ood,anomaly,0.2022147923707962,0.3102580308914184,0.2045689970254898,0.1502801924943924,0.1437519490718841,-0.1926380292105292,-0.1682107765456851,-0.0719523110017248,0.3725416148053558,-0.0544449768749644
GdyJqgxlSxs_004119_ood,ood,anomaly,0.2370413839817047,0.3424533903598785,0.2433517575263977,0.195018321275711,0.1673420518636703,0.0913501872309811,0.2506954578758006,0.5356616802083493,0.7337818233128878,0.3581635841993492
uO2zGO5ydBc_002272_ood,ood,anomaly,0.1111003682017326,0.1718735694885254,0.1119481474161148,0.0860108435153961,0.0745689272880554,-1.413297062868038,-1.1686411439991244,-0.9448309205761964,-0.6868725571020777,-1.1339244697156157
yhtzAKqRyXw_000328_ood,ood,anomaly,0.2291138917207718,0.3224283754825592,0.2167850285768509,0.1798065751791,0.197435587644577,-0.0852860843657285,-0.0362611238995065,0.3290622981864611,1.1946104698081783,0.2642425019626725
bhA2ckvE-TQ_003227_ood,ood,anomaly,0.2694625854492187,0.3858901858329773,0.2850686609745025,0.2153759449720382,0.1915155202150344,0.4744966492676733,0.7012944020835286,0.8121501548636268,1.1039552314015346,0.7422742498443127
L334aqEJxys_000197_ood,ood,anomaly,0.1034357994794845,0.1887800246477127,0.1059366092085838,0.0705194473266601,0.0485071316361427,-1.2641689237115403,-1.2335738821815636,-1.155228389671617,-1.0859623185360838,-1.2247305614249009
sdqIDbZJfy0_000947_ood,ood,anomaly,0.2147081792354583,0.3679111301898956,0.2287359237670898,0.1508070528507232,0.1113786324858665,0.3159073360971419,0.0928246976729837,-0.0647967206218651,-0.1231977949307156,0.0935706094552903
RPNiqsdt6-w_004782_ood,ood,anomaly,0.1582296192646026,0.2693059146404266,0.17339988052845,0.1138778552412986,0.0763348191976547,-0.5538676798692744,-0.5048793646858689,-0.566353172867087,-0.6598310826644367,-0.5755599681641651
kVhgFPPG-wo_003102_ood,ood,anomaly,0.2383645921945572,0.3727332055568695,0.2433170825242996,0.1690487712621688,0.1683592796325683,0.3584418070775018,0.250320920984412,0.1829544400198174,0.7493588462101477,0.3738403131427513
pWZSG2cUdEo_001221_ood,ood,anomaly,0.2976694107055664,0.4095211327075958,0.2897332012653351,0.2358341217041015,0.2555891275405884,0.6829400574650966,0.7516777420856987,1.090004297530424,2.0851278644505102,1.076455030769507
CyeT8rEQOpQ_005280_ood,ood,anomaly,0.2159554958343505,0.3026570677757263,0.1910481750965118,0.15394227206707,0.2161744683980941,-0.2596844605627786,-0.3142539288999129,-0.0222155239277719,1.4815628943205157,0.1083482113757671
pOJpwWmEcFg_004491_ood,ood,anomaly,0.2443039715290069,0.3738599419593811,0.2627967000007629,0.1929866820573806,0.1475725919008255,0.3683805021761683,0.4607271195025699,0.5080688316074902,0.431047922486226,0.4442071979714754
X8VgGb1fJDU_001897_ood,ood,anomaly,0.2796834409236908,0.4138883650302887,0.2969795167446136,0.2204482853412628,0.1874176114797592,0.7214624575433518,0.8299477437990533,0.8810404965134879,1.0412030925473077,0.8633659867959563
0z7J7rOpTic_000752_ood,ood,anomaly,0.3834043741226196,0.4926725924015045,0.3738516867160797,0.3223849833011627,0.3447081744670868,1.4164008767522538,1.6602710843410815,2.2655008122532525,3.4498265848363405,2.0922012824982854
UOjQsfDXjO0_000501_ood,ood,anomaly,0.2509917020797729,0.400772362947464,0.2739034593105316,0.1893442720174789,0.1399466842412948,0.6057690750236293,0.5806951325833325,0.458599187653752,0.3142707936494988,0.5234401849439924
uFwnmh0GpBo_004489_ood,ood,anomaly,0.1708956658840179,0.3275062143802643,0.1787087619304657,0.1060750484466552,0.0712926164269447,-0.0404955792822465,-0.4475362697543829,-0.6723275331786007,-0.7370433948067449,-0.4254987928265196
Rrcjy5t8b20_002997_ood,ood,anomaly,0.4282705187797546,0.4538387656211853,0.3760729432106018,0.3971439599990845,0.4860264360904693,1.0738561936980004,1.6842636568600684,3.280845026407627,5.613862865022776,2.623753597314359
nHvTqyRntbY_003764_ood,ood,anomaly,0.1828903406858444,0.3173339962959289,0.1920080482959747,0.1258096843957901,0.0964095965027809,-0.1302224877161922,-0.3038860009258408,-0.404300209712654,-0.3524217931224232,-0.2833917050635648
PfJ2CudpCgE_001429_ood,ood,anomaly,0.1909930408000946,0.3276418149471283,0.1806080639362335,0.1206701844930648,0.1350520700216293,-0.0392994763727607,-0.4270212408861635,-0.4741026832131262,0.2393185360488435,-0.1873948451839355
RASKiMoxhOE_004422_ood,ood,anomaly,0.2987725734710693,0.3861480355262756,0.2948229014873504,0.2484900206327438,0.2656293213367462,0.4767710849540183,0.8066533840152804,1.2618912644165925,2.2388754649757163,1.089524768009092
t4Cvbdtebk0_004325_ood,ood,anomaly,0.3562487661838531,0.4689717292785644,0.3386487066745758,0.2836882770061493,0.333686351776123,1.2073407526371038,1.2800313175185036,1.7399388185112314,3.2810470944645083,1.7704748143473483
sUbP4j8rAic_001819_ood,ood,anomaly,0.3842348456382751,0.494462639093399,0.3908574879169464,0.3002457618713379,0.3513735234737396,1.4321904866765085,1.8439567233303096,1.9648154447222643,3.5518944768752467,2.102040306107489
fsqORUrKLYg_004920_ood,ood,anomaly,0.0360580198466777,0.0694120451807975,0.0369275733828544,0.0231231488287448,0.0147693073377013,-2.317087734021612,-1.9789647456848711,-1.7989444967906936,-1.602596722028509,-2.0229898057767595
0qfbmt4G8Rw_000602_ood,ood,anomaly,0.4601331651210785,0.5616874694824219,0.4786710143089294,0.4289373457431793,0.3712367415428161,2.025165996127305,2.7924615021811134,3.7126490944874178,3.856064115313709,3.0012467728106236
gXezhrOijmQ_004598_ood,ood,anomaly,0.1218713223934173,0.2244030684232711,0.1314869225025177,0.0800597220659256,0.051535602658987,-0.9499458545158312,-0.9575959633327876,-1.0256564882650845,-1.0395867044318412,-1.0063154300461594
Hd2IzHAfkCI_005113_ood,ood,anomaly,0.230249747633934,0.3702408373355865,0.2464750111103058,0.1768163591623306,0.1274667829275131,0.3364571727213904,0.2844308181513466,0.2884504724793422,0.1231634384787682,0.2776995717544465
RPNiqsdt6-w_003727_ood,ood,anomaly,0.0920382142066955,0.1704586893320083,0.0955443754792213,0.0596209354698658,0.042528860270977,-1.4257774109294226,-1.3458240532000316,-1.3032472824582613,-1.1775088460577448,-1.3597636221294185
l1XbmdmGr0Q_004168_ood,ood,anomaly,0.4249476492404938,0.4477618634700775,0.3729352056980133,0.3554036915302276,0.5236898064613342,1.020253170409091,1.650371850577462,2.713946682435481,6.190609981640044,2.584385851123468
e3hXj7S3QyA_001260_ood,ood,anomaly,0.0123690254986286,0.0182065293192863,0.0091425748541951,0.0104800509288907,0.0116469478234648,-2.7687603775814313,-2.279080285597888,-1.9706576056187477,-1.650410070359954,-2.3036455179534445
krPRThe7R4g_002294_ood,ood,anomaly,0.3158109188079834,0.4280106127262115,0.3095749616622925,0.2616938948631286,0.2639641761779785,0.8460317122907401,0.9659955736384116,1.4412205957745474,2.21337674673537,1.291386817304475
0RJPQ_97dcs_000897_ood,ood,anomaly,0.2591975927352905,0.409961998462677,0.2725435793399811,0.1902604848146438,0.1640243381261825,0.6868288377596075,0.5660065908093349,0.4710427951457932,0.6829769746491636,0.6206595962930423
EY8x-fyQkbk_000286_ood,ood,anomaly,0.2541791796684265,0.3387849926948547,0.2460553348064422,0.1966171264648437,0.2352592647075653,0.0589920546526235,0.2798977468109683,0.5573759634964321,1.77381239653793,0.561203872990314
r6_ZhT7rmhM_001724_ood,ood,anomaly,0.3490486145019531,0.4818668961524963,0.3253514170646667,0.2540993094444275,0.3348768055438995,1.3210861961328066,1.13640261634937,1.3380742084859998,3.2992767635374167,1.6851709104173695
d2SCftR5sWc_002396_ood,ood,anomaly,0.0139377433806657,0.0312356017529964,0.0129167549312114,0.0070620765909552,0.004536542110145,-2.6538337824626117,-2.2383140393670535,-2.017079060558853,-1.7592932094087224,-2.285060109560045
gZbGLa253Ak_000521_ood,ood,anomaly,0.165886104106903,0.2391054183244705,0.1525643616914749,0.1227195262908935,0.1491551250219345,-0.8202596452336852,-0.729931130611888,-0.4462694058040745,0.4552815852084819,-0.4848496503425571
3tEZvtQZ18Q_001907_ood,ood,anomaly,0.2545467615127563,0.4194311201572418,0.2795512080192566,0.1859625577926635,0.133242130279541,0.7703538868879283,0.641698452459838,0.4126702019486104,0.2116025478825814,0.5655588043473765
EY8x-fyQkbk_006563_ood,ood,anomaly,0.306755781173706,0.4443341493606567,0.3085916936397552,0.2401056885719299,0.2339916229248047,0.9900180547751302,0.9553749499533464,1.1480188784702894,1.7544007311476144,1.1841059397683913
T89zSiaMNgM_000927_ood,ood,anomaly,0.4488878846168518,0.5630579590797424,0.5033584833145142,0.4221109747886657,0.3070240914821625,2.0372547847856826,3.059119536445708,3.61993626509245,2.8727622916010818,2.868018145112451
Pbw0A-RCjcw_001170_ood,ood,anomaly,0.0837270468473434,0.1558051258325576,0.0784623995423317,0.0571260526776313,0.0435146167874336,-1.5550332860439138,-1.5303324823004651,-1.3371317057071823,-1.1624137490721382,-1.458230300789869
h55PiQMnlJY_003350_ood,ood,anomaly,0.0931456089019775,0.1713436394929886,0.0962329357862472,0.0621559359133243,0.0428499318659305,-1.417971459326285,-1.338386671186403,-1.2688179985537384,-1.1725922091557963,-1.346643747038957
6E2N9ld0eHg_002998_ood,ood,anomaly,0.1909447163343429,0.3086546957492828,0.1966722756624221,0.1343220919370651,0.1241298019886016,-0.2067806974363382,-0.2535060409299972,-0.2886883577676834,0.0720635471049259,-0.1879673700092546
p-fBcE77G4c_001910_ood,ood,anomaly,0.2303717732429504,0.3480562567710876,0.2403620928525924,0.1817125976085662,0.1513561457395553,0.1407718450521362,0.2184030383958258,0.3549490736786778,0.4889862786547341,0.2791452719686102
LfKfK4I5RPE_002617_ood,ood,anomaly,0.2522821128368377,0.3291398882865906,0.2373985201120376,0.2075247764587402,0.2350652515888214,-0.0260852994604251,0.1863924470623152,0.7055189665243442,1.7708414328212037,0.5387283455431066
mrIFkGZbNjc_003436_ood,ood,anomaly,0.3026368618011474,0.4531239867210388,0.3274889588356018,0.2420742213726043,0.1878603398799896,1.067551285526328,1.1594909566999778,1.1747546428937932,1.0479826857107222,1.135306981360983
sdqIDbZJfy0_000075_ood,ood,anomaly,0.2915702164173126,0.4214465618133545,0.3166430592536926,0.2426221072673797,0.1855691373348236,0.7881316564395331,1.0423405812731232,1.1821957930786708,1.0128970189608113,1.0041947359033043
PEwiwzyTjX0_002784_ood,ood,anomaly,0.3986601829528808,0.5053190588951111,0.4202193319797516,0.3729657232761383,0.2961365580558777,1.5279525886480312,2.161104326367299,2.9524666316057,2.7060392009999985,2.2729447040712207
eN6y6-4C1Rc_001527_ood,ood,anomaly,0.2270730435848236,0.3547185361385345,0.2160648852586746,0.1539973765611648,0.1835113316774368,0.1995383525933801,-0.0440396451229755,-0.0214671184288694,0.9813854078710446,0.2400635233777852
PfJ2CudpCgE_002955_ood,ood,anomaly,0.0884561166167259,0.1491532772779464,0.0869828537106514,0.0633460655808448,0.0543422698974609,-1.6137077856690434,-1.4383000605462657,-1.2526541701362743,-0.9966076183555148,-1.4022025764990496
Z9K13eBUwJM_003518_ood,ood,anomaly,0.2387908101081848,0.3293017446994781,0.2135766297578811,0.1799884587526321,0.2322963625192642,-0.024657599482092,-0.0709161678009201,0.3315325625238363,1.7284408517957854,0.3788899362012103
f482qwPz7ns_004706_ood,ood,anomaly,0.2183710634708404,0.3558985292911529,0.2209896743297577,0.1535986810922622,0.1429973840713501,0.2099468138237502,0.0091547334731332,-0.0268820285231519,0.3609868021565403,0.1369666848056387
t4Cvbdtebk0_000797_ood,ood,anomaly,0.2987551093101501,0.4203379452228546,0.3244345188140869,0.2450335770845413,0.2052144855260849,0.7783527922351451,1.1264988759106505,1.2149473372357886,1.313730370110315,1.0893178611033647
bcpfYpmDcp0_002863_ood,ood,anomaly,0.2106551826000213,0.3292147219181061,0.2301616221666336,0.168147325515747,0.1150970235466957,-0.0254252083822451,0.1082241674440862,0.1707113922490885,-0.0662572900934846,0.0455526716544839
Izf9l3VWQuo_001651_ood,ood,anomaly,0.0651554018259048,0.1133033409714698,0.0697416216135025,0.045563269406557,0.0320133566856384,-1.92993222420006,-1.6245286714372935,-1.4941724466638822,-1.3385349654120045,-1.6782581408578745
p8q77QzOdUs_005240_ood,ood,anomaly,0.0854343250393867,0.1604773551225662,0.0871125608682632,0.0552827380597591,0.0388646535575389,-1.5138205744984758,-1.4368990479243977,-1.3621668107178526,-1.2336196145804643,-1.4380032970668897
t_bCDlNOhJc_001392_ood,ood,anomaly,0.1433549672365188,0.2757194638252258,0.1503714323043823,0.0904116630554199,0.0569172911345958,-0.4972951668077159,-0.7536177320820868,-0.8850608855266813,-0.9571757762468056,-0.7517876288654322
4K_6s1n6BpU_004403_ood,ood,anomaly,0.6766302585601807,0.6266539096832275,0.5843793153762817,0.5905449986457825,0.9049426317214966,2.5982207402203144,3.934254035133497,5.9075346130620465,12.028814728209465,5.566199301001736
IQwS7BEjUxM_001978_ood,ood,anomaly,0.1825838685035705,0.3040118515491485,0.1864787191152572,0.1279295831918716,0.1119153350591659,-0.2477342095380936,-0.3636102298372144,-0.3755086575504104,-0.1149791554785506,-0.2870226387923115
sdqIDbZJfy0_003501_ood,ood,anomaly,0.0853804126381874,0.1247256323695182,0.0870836600661277,0.0722778737545013,0.0574344880878925,-1.8291786927793363,-1.4372112156514487,-1.1313461994867644,-0.9492558304586332,-1.4386420250403709
PfJ2CudpCgE_005782_ood,ood,anomaly,0.4392650723457336,0.5897756218910217,0.4797823131084442,0.3812417984008789,0.3062605261802673,2.2729254383994095,2.8044650313113046,3.0648687184850663,2.8610696554434396,2.754011733889864
TNZv-NBcV5U_001639_ood,ood,anomaly,0.1008053570985794,0.1717282384634018,0.0906405299901962,0.0605106949806213,0.0803419649600982,-1.4145789960192707,-1.3987922128013628,-1.291162952105736,-0.5984688163139407,-1.2558947665788207
Hkui6PJboFg_001314_ood,ood,anomaly,0.181033581495285,0.2930232584476471,0.170070931315422,0.1229913234710693,0.138048842549324,-0.344662183246664,-0.5408365157859637,-0.4425779735974771,0.2852087444260199,-0.3053896871353519
Sihe6aeyLHg_006383_ood,ood,anomaly,0.4540550708770752,0.553554356098175,0.4370324611663818,0.4131816923618316,0.4124517440795898,1.953425583774664,2.3427088471761865,3.498662598048149,4.487198122716449,2.929236461031886
3tEZvtQZ18Q_005646_ood,ood,anomaly,0.3534142971038818,0.4800034761428833,0.3821515738964081,0.3052631914615631,0.2462389171123504,1.304649376238628,1.7499210844939366,2.0329600118281936,1.9419461244429148,1.73689339984768
YBEYOS3A3Ic_002698_ood,ood,anomaly,0.4552146196365356,0.5356742143630981,0.4027018547058105,0.3869411945343017,0.4955411553382873,1.795708768528657,1.971891894178032,3.142275461378666,5.759563763204922,2.9429742321718733
nHvTqyRntbY_000914_ood,ood,anomaly,0.2361940890550613,0.3830857276916504,0.2561964392662048,0.1783407330513,0.1271534711122512,0.4497591380614226,0.3894353822769797,0.3091538619147958,0.1183656287162567,0.3481252449787406
4K_6s1n6BpU_004134_ood,ood,anomaly,0.5531771779060364,0.4710988998413086,0.353019505739212,0.339728981256485,1.048861384391785,1.2261040584101734,1.4352553718158665,2.501059520412126,14.232672875061668,4.103587095420793
fHUJcUaW2mE_003604_ood,ood,anomaly,0.3778808712959289,0.5241053104400635,0.3860056698322296,0.3066911101341247,0.294721394777298,1.693662000127007,1.7915505300187426,2.0523533880688385,2.684368507898808,2.026761500768485
6E2N9ld0eHg_000290_ood,ood,anomaly,0.3555419147014618,0.4635805487632751,0.322952538728714,0.2861793637275696,0.3494551479816437,1.1597863297535485,1.110491487859027,1.7737716851617615,3.522517989249183,1.7621003809172515
bhA2ckvE-TQ_001611_ood,ood,anomaly,0.0311037208884954,0.0637087300419807,0.0311612877994775,0.0178992617875337,0.0116456067189574,-2.3673954280749476,-2.041248424028881,-1.8698930800507576,-1.6504306069755068,-2.081685936225175
PYL3JcSsS6o_002858_ood,ood,anomaly,0.2935181260108948,0.4470153450965881,0.3165757060050964,0.2299534976482391,0.1805279403924942,1.01366829529267,1.0416130751497557,1.0101361950701224,0.935700109280168,1.0272726237279357
TlBhM9Xbr2o_003153_ood,ood,anomaly,0.0901686027646064,0.1511066257953643,0.0896265879273414,0.0680631175637245,0.0518780946731567,-1.596477726098079,-1.409744157582656,-1.1885892022858586,-1.034342052142581,-1.381913871441982
0qfbmt4G8Rw_003336_ood,ood,anomaly,0.6236986517906189,0.6090277433395386,0.5784905552864075,0.6336281895637512,0.6736481189727783,2.4427441862918102,3.8706474665757225,6.492671951185669,8.486953179344695,4.9390913040853945
fWJbp43k644_003647_ood,ood,anomaly,0.1604608744382858,0.2851215898990631,0.1616087704896927,0.1094279959797859,0.0856851115822792,-0.4143610713806088,-0.6322392906475492,-0.6267892442867721,-0.5166480876414465,-0.5491251393733202
jv7vz_55H8M_000890_ood,ood,anomaly,0.1985467076301574,0.3159872889518738,0.1929108053445816,0.1353326588869094,0.149956077337265,-0.1421014983258287,-0.2941350045824908,-0.2749632728232212,0.4675467365708285,-0.0979026652885377
T7TkJVmGyts_003265_ood,ood,anomaly,0.1836086809635162,0.3172309100627899,0.1975598931312561,0.131559744477272,0.0880842208862304,-0.1311317888071613,-0.243918572511722,-0.3262053709033504,-0.4799100219856475,-0.2748811579608431
3tEZvtQZ18Q_000191_ood,ood,anomaly,0.3917029500007629,0.4861502647399902,0.3590015470981598,0.316693514585495,0.4049665629863739,1.3588688525655028,1.4998695041639687,2.1882017361323443,4.372575969405128,2.1905187833982076
HaC3LrJiTmQ_002330_ood,ood,anomaly,0.1207734942436218,0.2295392602682113,0.12151800096035,0.0761598646640777,0.0558768659830093,-0.9046406308616296,-1.0652737905564311,-1.0786226713763556,-0.9731080255469846,-1.0193219653469645
2TmFM9p1KF8_001489_ood,ood,anomaly,0.2751685678958893,0.4180905520915985,0.2771254181861877,0.1993079185485839,0.2061503827571869,0.7585290295089185,0.6154966434255112,0.5939211423417435,1.328061961366569,0.8098759615805426
4OGV0AbV91U_003445_ood,ood,anomaly,0.2341465502977371,0.3781472444534302,0.2426098436117172,0.1669774800539016,0.148851603269577,0.4061978587372277,0.2426817847836946,0.154823055174345,0.4506336927395107,0.3238669991577854
Izf9l3VWQuo_001035_ood,ood,anomaly,0.2964597046375274,0.4207872152328491,0.2909003794193268,0.2419476062059402,0.2322036176919937,0.782315704622068,0.7642848437739923,1.17303501024799,1.7270206307379592,1.0621230201716023
HzVbo46kkBA_004735_ood,ood,anomaly,0.3590728640556335,0.4706878662109375,0.3090069591999054,0.2495225816965103,0.4070740640163421,1.2224784207557495,0.959860379299805,1.2759150639409311,4.404848576193456,1.8039333558040256
4OGV0AbV91U_003123_ood,ood,anomaly,0.0817171782255172,0.1382346898317337,0.0729858502745628,0.0541888549923896,0.0614593364298343,-1.7100182548206062,-1.5894866168116253,-1.3770234592766328,-0.887622480782832,-1.482042249121338
CyeT8rEQOpQ_005848_ood,ood,anomaly,0.0728511661291122,0.1116095930337905,0.0649793073534965,0.0516761876642704,0.0631395950913429,-1.9448724038987597,-1.6759681024634618,-1.4111494244300788,-0.8618923262944296,-1.5870824590401085
3u_CIo9IaWo_000221_ood,ood,anomaly,0.230008840560913,0.3538447916507721,0.2409675419330597,0.16594298183918,0.1592800319194793,0.1918312437801262,0.2249427068247031,0.1407729461002891,0.6103264152828101,0.2748454216308186
V3--0ubJkNE_004309_ood,ood,anomaly,0.3377432525157928,0.4110855162143707,0.3294530510902405,0.3010285198688507,0.3094058632850647,0.6967391418441587,1.1807058078302326,1.9754465266198824,2.9092348644547,1.5512304664701424
fWJbp43k644_005155_ood,ood,anomaly,0.1507622301578521,0.2567719221115112,0.1545724421739578,0.1102804243564605,0.0814241841435432,-0.6644272835495794,-0.7082411471638943,-0.6152119293144871,-0.5818965662085004,-0.6640299714519189
PfJ2CudpCgE_002001_ood,ood,anomaly,0.406254380941391,0.5057058334350586,0.3990639150142669,0.3480136692523956,0.3722340762615204,1.5313642421775493,1.932597228260651,2.613578583597161,3.871336511746928,2.362917077467966
nHvTqyRntbY_002652_ood,ood,anomaly,0.1040022522211074,0.1901372969150543,0.108080543577671,0.0698437318205833,0.0479474253952503,-1.2521967222268682,-1.21041649313031,-1.164405666566159,-1.0945332179911442,-1.218019504160129
P5MjgFmqouA_004477_ood,ood,anomaly,0.2961606979370117,0.4266031384468078,0.3123728334903717,0.2487375438213348,0.1969292908906936,0.8336166898497973,0.9962163711462936,1.265253017727107,1.186857441067532,1.0585805338488037
ecRog9N1Qf0_004683_ood,ood,anomaly,0.0686519742012023,0.1195812746882438,0.0629319101572036,0.0475153252482414,0.0445794090628623,-1.874555945487867,-1.698082759563337,-1.4676604651988443,-1.1461083608765854,-1.636832447738603
CyeT8rEQOpQ_001010_ood,ood,anomaly,0.2614169716835022,0.3686243295669555,0.2629216611385345,0.1958194375038147,0.2183024287223816,0.322198311641517,0.4620768686951707,0.5465420956848344,1.5141487985883435,0.6469537213263232
hdOtS-BpUPY_002557_ood,ood,anomaly,0.1764925122261047,0.3024404942989349,0.1758313477039337,0.1129385232925415,0.1147596836090087,-0.2615948077810722,-0.4786162326796398,-0.5791107747159548,-0.0714230475513282,-0.3591900727093564
y1vGuUK0db4_004216_ood,ood,anomaly,0.1290972828865051,0.2246949225664138,0.1254324465990066,0.0896968618035316,0.0765648856759071,-0.947371473022953,-1.0229924866688735,-0.894769008182074,-0.6563080262662497,-0.9207057558425282
d2SCftR5sWc_003792_ood,ood,anomaly,0.1842864453792572,0.3108881711959839,0.1812284290790558,0.1201081052422523,0.1249210983514785,-0.1870796995581838,-0.4203204588224435,-0.4817366014449761,0.0841808348352884,-0.2668513339846526
kN-2mc561GY_001947_ood,ood,anomaly,0.1635362803936004,0.2794543206691742,0.1597754508256912,0.1071333214640617,0.1077820211648941,-0.4643508123638297,-0.652041621039161,-0.6579545249770419,-0.1782734609833876,-0.5126892216665678
LfKfK4I5RPE_005264_ood,ood,anomaly,0.4385603070259094,0.5467973947525024,0.4746553599834442,0.3986219763755798,0.3341665267944336,1.8938239072348624,2.7490870076763203,3.300918808080212,3.2884001155710982,2.7456620163017487
a_VxrUq9PmA_004170_ood,ood,anomaly,0.0516806095838546,0.100676380097866,0.0514189936220645,0.0332697182893753,0.021357337012887,-2.041311881292703,-1.8224378196635864,-1.6611381616799958,-1.501712837183949,-1.8379009419646644
Vtpe3HAIEm4_005154_ood,ood,anomaly,0.3479484915733337,0.4570002555847168,0.3504848480224609,0.2900099456310272,0.2942988574504852,1.1017430044329632,1.4078776424856734,1.825796998298883,2.67789810489178,1.6721371876903843
UbDCiQVuzPY_004313_ood,ood,anomaly,0.0527172610163688,0.0994103848934173,0.0551224835216999,0.0345109887421131,0.0218251980841159,-2.052478947791436,-1.782435122897379,-1.6442797611499744,-1.4945483821404495,-1.8256191987299537
a_VxrUq9PmA_001508_ood,ood,anomaly,0.083845168352127,0.1359830200672149,0.0841740146279335,0.067028023302555,0.0481956340372562,-1.7298797407924402,-1.4686393192282183,-1.2026474066059836,-1.0907323468214434,-1.456830854508556
Zpo0kwg1XEQ_004447_ood,ood,anomaly,0.1959583163261413,0.3256419003009796,0.2100414037704467,0.139597088098526,0.108552910387516,-0.0569402855692353,-0.109101386880167,-0.2170456324550086,-0.1664686720863632,-0.1285686696848113
lKMwX4nA64k_005934_ood,ood,anomaly,0.6743994951248169,0.7336368560791016,0.7009392976760864,0.6659318208694458,0.5970900058746338,3.541893885612132,5.193259393153413,6.9314059546612,7.314602682078256,5.539770298087929
HzVbo46kkBA_003344_ood,ood,anomaly,0.2818034291267395,0.3929556012153625,0.2871043384075165,0.2270282059907913,0.2201255410909652,0.5368191313268543,0.7232824698988848,0.9704061440408622,1.5420665019562625,0.8884825785005681
kld-iYpdjyo_005266_ood,ood,anomaly,0.1923673301935196,0.2828400731086731,0.1938181519508361,0.1573607474565506,0.1354503333568573,-0.4344858314324092,-0.2843344348130365,0.0242127360785575,0.2454172263143543,-0.1711129311954543
Y4rb2_HaBdQ_002928_ood,ood,anomaly,0.2592663168907165,0.3815508782863617,0.265336126089096,0.2081051468849182,0.1820731461048126,0.436220567524844,0.4881563536910546,0.7134013076198789,0.9593621695361872,0.6214738067445893
gZbGLa253Ak_002907_ood,ood,anomaly,0.3332189321517944,0.4832242429256439,0.3448608815670013,0.2651207745075226,0.2396697998046875,1.3330590548168806,1.3471312030898963,1.487762998750424,1.8413518486622744,1.4976285137989005
bI9JzQSrEGo_004112_ood,ood,anomaly,0.1151909232139587,0.1986622363328933,0.1163104400038719,0.0857919827103614,0.0599990561604499,-1.177000098225334,-1.121522487725564,-0.9478033937414604,-0.909984059858932,-1.0854615584882856
fWJbp43k644_000436_ood,ood,anomaly,0.3034224808216095,0.4541462361812591,0.3120853006839752,0.2368732094764709,0.2105851918458938,1.076568324185289,0.9931106281913183,1.1041167399991978,1.3959731262324293,1.1446146143675948
ecRog9N1Qf0_003805_ood,ood,anomaly,0.2239523530006408,0.3454696238040924,0.2146834880113601,0.1687970012426376,0.1668593138456344,0.1179557220141128,-0.0589606025700135,0.1795350080810755,0.7263895544521299,0.2030910953583143
HaC3LrJiTmQ_000307_ood,ood,anomaly,0.2642077207565307,0.4084049165248871,0.2733727395534515,0.1966872066259384,0.1783659756183624,0.6730941589218253,0.5749626418554917,0.5583277620527717,0.9025934877157532,0.6800171623947595
3u_CIo9IaWo_000970_ood,ood,anomaly,0.4625267684459686,0.4883573949337005,0.416100412607193,0.4170247614383697,0.5286245346069336,1.3783374647355282,2.1166144297751304,3.5508575065903765,6.2661765122303645,3.0296050237327785
7uTMZ5-aWKA_001975_ood,ood,anomaly,0.128314584493637,0.2241814881563186,0.13742396235466,0.0868971571326255,0.0647557452321052,-0.9519003655338588,-0.893467908084812,-0.932793390864997,-0.8371438790756354,-0.9299787866703664
HaC3LrJiTmQ_001999_ood,ood,anomaly,0.3242020010948181,0.4193556606769562,0.2676006555557251,0.1820450574159622,0.4278067350387573,0.7696882753347813,0.5126163327990368,0.3594643995537547,4.722332330679811,1.3908002892545286
0z7J7rOpTic_002341_ood,ood,anomaly,0.1868895888328552,0.3133884966373443,0.1996197700500488,0.1360224038362503,0.0985276773571968,-0.1650248763060662,-0.2216691175405376,-0.265595454074373,-0.3199871752558397,-0.2360105532772273
ha-IeID24As_005536_ood,ood,anomaly,0.1543921828269958,0.2863035798072815,0.1603058129549026,0.1015035361051559,0.0694558396935463,-0.4039349972062969,-0.6463129931756929,-0.7344158443205812,-0.765170343468692,-0.6210240533214143
jFFhYwgepmY_003192_ood,ood,anomaly,0.2019104659557342,0.3416748940944671,0.2152457982301712,0.1481728255748748,0.1025483086705207,0.0844832421317304,-0.0528868921559918,-0.1005736606154095,-0.2584184018267238,-0.0580504885948166
HzVbo46kkBA_000073_ood,ood,anomaly,0.6956127285957336,0.7723981738090515,0.7369964718818665,0.6450427174568176,0.6280136108398438,3.883798982209511,5.582725611528179,6.647699151469042,7.78814235267802,5.791094396522726
GDejMONyY4U_001571_ood,ood,anomaly,0.1572248041629791,0.2272202223539352,0.1416026800870895,0.129278689622879,0.1307976245880127,-0.925096356531681,-0.8483321083791321,-0.3571856752209865,0.1741693177902989,-0.5874645299960716
3sGShQb_HwU_000985_ood,ood,anomaly,0.381378173828125,0.4813340604305267,0.3529674112796783,0.2993806302547455,0.3918306231498718,1.316386168897928,1.4346926812390322,1.9530655998181736,4.171422558274904,2.0681958444324513
3sGShQb_HwU_001607_ood,ood,anomaly,0.27864670753479,0.3776548504829407,0.2528985440731048,0.2091352939605713,0.2748981118202209,0.4018545593371121,0.3538136565665087,0.7273923213976461,2.3808104042346008,0.8510832725817387
FqJ4IfRLKmA_001281_ood,ood,anomaly,0.2686439752578735,0.3861870467662811,0.2559682428836822,0.2112583816051483,0.2211621552705764,0.4771151945602858,0.3869705529023687,0.756227183126349,1.5579403930405775,0.7325757534509441
4K_6s1n6BpU_006682_ood,ood,anomaly,0.5964257717132568,0.6183673143386841,0.5701196789741516,0.5764530897140503,0.6207630634307861,2.5251264971019913,3.780230687845054,5.716144376969872,7.677113194350075,4.615975452531665
u33fdjUY_Iw_000951_ood,ood,anomaly,0.2724807858467102,0.4217714667320251,0.2764034271240234,0.1992994397878646,0.1924488693475723,0.7909975715866128,0.6076981640694546,0.5938059874664391,1.1182478030882383,0.7780324238555996
uFwnmh0GpBo_000291_ood,ood,anomaly,0.3896850943565368,0.4792919158935547,0.3751562535762787,0.3355998992919922,0.3686922192573547,1.2983728590810708,1.6743621697588984,2.444980108044601,3.817099310070376,2.1666122087002972
jKwCC2RhxJE_004435_ood,ood,anomaly,0.5132237672805786,0.5342885255813599,0.4619617462158203,0.4641050696372986,0.5925396680831909,1.7834859111925128,2.611978821566887,4.190281969602269,7.244922401874778,3.630238469969378
sdqIDbZJfy0_005020_ood,ood,anomaly,0.1883127689361572,0.2982674241065979,0.1869390308856964,0.1417664885520935,0.1262781322002411,-0.2984045462207994,-0.3586382405325836,-0.1875817701068917,0.1049613797445487,-0.219149405877747
D_pyFV4nKd4_004530_ood,ood,anomaly,0.1688089519739151,0.2868872284889221,0.1785116493701934,0.1210495233535766,0.0887873992323875,-0.3987867599800613,-0.4496653518340072,-0.4689506662348724,-0.4691421039894522,-0.4502211668515328
ruiSuGHJf6Q_001791_ood,ood,anomaly,0.5878002643585205,0.6552734375,0.6079943180084229,0.555720329284668,0.5322130918502808,2.850667328619042,4.189327982957612,5.434560956821114,6.321128844497408,4.513784626109854
l1XbmdmGr0Q_000525_ood,ood,anomaly,0.3080819249153137,0.3896562159061432,0.2799295485019684,0.2499410063028335,0.3128009438514709,0.5077159759408607,0.6457850410599015,1.2815979266800346,2.9612244476512375,1.199817447432296
Z9K13eBUwJM_005029_ood,ood,anomaly,0.1807102262973785,0.3216170072555542,0.1861534714698791,0.1230124086141586,0.0920580476522445,-0.0924429858406193,-0.3671233440307389,-0.4422916042678533,-0.4190579764393445,-0.3092206426424164
vdLn-qswnRo_002457_ood,ood,anomaly,0.1697777807712555,0.2950567007064819,0.1755185425281524,0.1163793578743934,0.0921565294265747,-0.3267256343198224,-0.4819949513835603,-0.5323788417915342,-0.4175499043038717,-0.4387429532937993
eW9vWga9F5M_000894_ood,ood,anomaly,0.3891036510467529,0.531900942325592,0.4115635454654693,0.3187039196491241,0.2942461967468261,1.7624255620737102,2.0676101323537144,2.2155061915920617,2.677091700454383,2.1597235504567185
L334aqEJxys_004297_ood,ood,anomaly,0.2474093735218048,0.3601178228855133,0.2402341365814209,0.1822029203176498,0.2070826441049575,0.2471642787717449,0.2170209377141113,0.3616084254746258,1.3423378755762108,0.4809984941775708
d2SCftR5sWc_001121_ood,ood,anomaly,0.1461608558893203,0.2421008795499801,0.1587349325418472,0.1066364347934722,0.0771711766719818,-0.7938373376435017,-0.6632806249290876,-0.6647030256703037,-0.6470237646514795,-0.7185448214009045
qzMjfBx1KI0_000882_ood,ood,anomaly,0.4225053191184997,0.4676883518695831,0.3826598227024078,0.4195237457752228,0.4201493263244629,1.1960203615181608,1.7554108585770776,3.5847976352512965,4.6050728195621975,2.5554503087493243
88LcRU7uEFE_002275_ood,ood,anomaly,0.2490794360637664,0.3867239952087402,0.2548751831054687,0.1905017495155334,0.1642168313264846,0.4818514992020896,0.3751640298551431,0.4743195483726032,0.6859246635349291,0.5007845849337803
D_pyFV4nKd4_001355_ood,ood,anomaly,0.2238762229681015,0.3875348567962646,0.2428639233112335,0.159738689661026,0.1053674593567848,0.4890039317210548,0.2454261889672189,0.0565089226444006,-0.2152481540872866,0.2021891436677347
fHUJcUaW2mE_000347_ood,ood,anomaly,0.342401921749115,0.4439913332462311,0.3353898823261261,0.3047415912151336,0.2854848504066467,0.986994148892094,1.2448316097406582,2.0258758619948747,2.542927360151672,1.6064241193649658
T89zSiaMNgM_004104_ood,ood,anomaly,0.2125475257635116,0.3369202613830566,0.2183786183595657,0.163331463932991,0.1315597891807556,0.0425436680489901,-0.0190482002584988,0.1053044349819012,0.1858405045939175,0.0679722353737766
t_bCDlNOhJc_000982_ood,ood,anomaly,0.5151011943817139,0.5830551385879517,0.5033488869667053,0.4777959287166595,0.4962048530578613,2.2136455266862476,3.059015882918396,4.376225319378196,5.769727106057687,3.6524813154185063
nvVk7L3GrJQ_002297_ood,ood,anomaly,0.2971921265125274,0.388590931892395,0.3056063055992126,0.2540766298770904,0.2404946237802505,0.4983193389079876,0.9231287238931524,1.337766184373146,1.8539825517814712,1.0708003992076964
Q7VBPeGwJWw_002954_ood,ood,anomaly,0.3101598918437958,0.4389026165008545,0.3079562783241272,0.2478444278240203,0.2459362596273422,0.942107692696093,0.9485116056806449,1.253123101020165,1.937311466681745,1.224436191462718
fdvMUP8qvzw_002235_ood,ood,anomaly,0.5929797887802124,0.5814610123634338,0.5468176007270813,0.626093864440918,0.6175468564033508,2.1995840883063797,3.5285367463463166,6.390343993274504,7.627862739299126,4.575149118580434
OWtbKblBOKI_001714_ood,ood,anomaly,0.3683888614177704,0.4847203493118286,0.365711361169815,0.3246887624263763,0.2984350025653839,1.3462558816650343,1.5723445655088046,2.296789747827196,2.741235765473898,1.914304772838112
Eq7_uD2yN5Y_005193_ood,ood,anomaly,0.0854520797729492,0.1560994982719421,0.0846016481518745,0.0610060840845108,0.0401010811328887,-1.5524366912112877,-1.4640202991555673,-1.284434790718218,-1.2146859389171545,-1.4377929475974571
Hx8FMhmdOQU_005600_ood,ood,anomaly,0.2743718326091766,0.4117735922336578,0.2803032100200653,0.2170940041542053,0.1883165091276168,0.7028085097505781,0.6498210905177665,0.8354840945085851,1.0549681013989043,0.8004366284445177
5vKPYV5w6pw_000518_ood,ood,anomaly,0.3260515332221985,0.4479419291019439,0.3234806358814239,0.2731912434101105,0.2595922648906708,1.0218414899209836,1.1161956509148063,1.5973726304989444,2.146428749138964,1.412712648588024
kjVywUi1WK4_002026_ood,ood,anomaly,0.4090238213539123,0.4937688112258911,0.3960219919681549,0.3315344750881195,0.4147700667381286,1.426070382976346,1.8997403477243393,2.3897652679570425,4.522699085469774,2.395728063864739
xpOyD-qrQUw_002724_ood,ood,anomaly,0.1114381253719329,0.2083736956119537,0.1143429651856422,0.073760837316513,0.0492750294506549,-1.0913374423259172,-1.14277387511467,-1.1112052272718222,-1.074203337700975,-1.129922886628018
RPNiqsdt6-w_000804_ood,ood,anomaly,0.313412994146347,0.4272393584251404,0.2921165525913238,0.2141399830579757,0.3201560378074646,0.8392286469732494,0.7774211578812302,0.7953638526188903,3.07385454925388,1.262977369281071
a_VxrUq9PmA_000181_ood,ood,anomaly,0.5647367835044861,0.5507532954216003,0.5073339939117432,0.5792643427848816,0.6215955018997192,1.9287180408610904,3.1020604244247605,5.754325605045344,7.689860499808693,4.240539694338597
uFwnmh0GpBo_002789_ood,ood,anomaly,0.1982245296239853,0.2675054371356964,0.1775846630334854,0.14505036175251,0.2027576267719268,-0.5697492977096432,-0.4596780572385495,-0.142981619043666,1.276107974970322,-0.1017196739990548
xjbbH74SwTg_000512_ood,ood,anomaly,0.0753716900944709,0.1397154927253723,0.0784003138542175,0.0497454777359962,0.0336254797875881,-1.6969564167293802,-1.5310030916506885,-1.4373714948953389,-1.3138481850860242,-1.5572205139459976
dZG1VKsgs60_003613_ood,ood,anomaly,0.237008661031723,0.3690743148326874,0.2471060305833816,0.1773417741060257,0.1545124948024749,0.3261675331426883,0.2912466813828107,0.2955864318874903,0.5373201160981483,0.357775898563703
krPRThe7R4g_004774_ood,ood,anomaly,0.4727292656898498,0.4480443596839905,0.3725917637348175,0.3792721629142761,0.6910087466239929,1.0227450076572264,1.6466622131590192,3.038117977856338,8.752800124052795,3.150479261274988
5vKPYV5w6pw_004224_ood,ood,anomaly,0.0262154638767242,0.05392362549901,0.0263239275664091,0.0150238554924726,0.0095904506742954,-2.4537076927221007,-2.0934984530005805,-1.9089456095794897,-1.6819016439880168,-2.139599633733161
y4Evv5By6sg_004695_ood,ood,anomaly,0.1357713192701339,0.2430995255708694,0.1385162621736526,0.0948916673660278,0.0665778294205665,-0.7850284997547188,-0.8816695936243768,-0.8242153970371517,-0.8092419204463063,-0.8416350107184448
bhA2ckvE-TQ_001156_ood,ood,anomaly,0.2613307237625122,0.4219833612442016,0.2751286327838897,0.1876673847436905,0.1605435162782669,0.7928666466825347,0.5939286621105955,0.4358244271308797,0.6296744171649115,0.6459318978021348
gZbGLa253Ak_001881_ood,ood,anomaly,0.3113983273506164,0.4367386400699615,0.2998796105384826,0.2333049476146698,0.2756700813770294,0.92301973041902,0.8612726767065587,1.0556541446562069,2.392631736516378,1.239108574513046
EY8x-fyQkbk_004680_ood,ood,anomaly,0.447904884815216,0.5314136147499084,0.4007770717144012,0.3047793805599212,0.5546495318412781,1.7581269522328502,1.9511016362233171,2.026389100595529,6.664702771752046,2.8563720403709745
bhA2ckvE-TQ_004788_ood,ood,anomaly,0.3386085927486419,0.5036657452583313,0.3598551154136657,0.2612559199333191,0.2296576052904129,1.5133690710641543,1.5090891957035049,1.435272208964444,1.6880330070329004,1.5614825977238869
Zpo0kwg1XEQ_003224_ood,ood,anomaly,0.257767379283905,0.3528987467288971,0.2433011829853058,0.194997951388359,0.2398716062307357,0.1834863886683197,0.2501491844725467,0.5353850251740058,1.8444421529338264,0.6037151211977395
kld-iYpdjyo_004278_ood,ood,anomaly,0.2913435399532318,0.4339447617530823,0.3088634014129638,0.2238906472921371,0.1986753195524215,0.8983755415276858,0.958309761159867,0.927793173505956,1.2135947454103653,1.0015091831303338
p-fBcE77G4c_003598_ood,ood,anomaly,0.1525088250637054,0.2600961029529571,0.1534403562545776,0.1109436750411987,0.0855551734566688,-0.6351054122029937,-0.7204692052856991,-0.6062039442533221,-0.5186378575039554,-0.64333716237846
88LcRU7uEFE_005162_ood,ood,anomaly,0.1133939176797866,0.196098506450653,0.1225352585315704,0.0809127241373062,0.0540291741490364,-1.1996141981675468,-1.0542860338033573,-1.0140713816184592,-1.0014021194410747,-1.1067516082290445
O9uvBFovKj8_001123_ood,ood,anomaly,0.2055935263633728,0.3182606399059295,0.2046686857938766,0.1453697383403778,0.1540750414133072,-0.1220487673283582,-0.1671340031020297,-0.1386439838197615,0.5306213002892453,-0.0144153757441653
RPNiqsdt6-w_004905_ood,ood,anomaly,0.435453712940216,0.5602256059646606,0.452853262424469,0.3874766230583191,0.341259241104126,2.0122712181237663,2.513594885069257,3.149547420920742,3.397012342433024,2.708856596757378
OWtbKblBOKI_001141_ood,ood,anomaly,0.3359103500843048,0.5047686696052551,0.3639126121997833,0.2648448348045349,0.2101152688264846,1.52309772523432,1.552915645339807,1.4840153045836604,1.3887770961425148,1.5295151277055823
HaC3LrJiTmQ_001088_ood,ood,anomaly,0.0400301739573478,0.0649087876081466,0.0439495332539081,0.0302965473383665,0.0209658239036798,-2.3568099830459373,-1.9031180877923,-1.7015184886472396,-1.5077081598178412,-1.975929650988151
QERvirE3S5s_005530_ood,ood,anomaly,0.1435188204050064,0.2429945766925811,0.1337468922138214,0.0920230969786644,0.1053107157349586,-0.785954230830709,-0.9331852357455472,-0.8631750842125512,-0.2161170811098137,-0.7498463760195475
IIuaTrT3pp0_000498_ood,ood,anomaly,0.4217501878738403,0.5388165712356567,0.3893628418445587,0.3281876146793365,0.4306337535381317,1.8234268104574904,1.8278125254988495,2.344309651765674,4.765623059897161,2.546503880119094
Hd2IzHAfkCI_001091_ood,ood,anomaly,0.2678655683994293,0.4172205030918121,0.2740077972412109,0.1948308199644088,0.1854031533002853,0.7508545177859443,0.581822123263822,0.5331151181767911,1.0103552705091507,0.7233535666408968
WWyeuvpHmfc_004010_ood,ood,anomaly,0.2863216996192932,0.3808044195175171,0.2577494084835052,0.1917037218809127,0.3150292932987213,0.4296362181679445,0.4062095489064173,0.490644219210363,2.9953476316855463,0.9420128552300652
L334aqEJxys_001996_ood,ood,anomaly,0.4490401148796081,0.5565505027770996,0.486246109008789,0.4254405796527862,0.3279232382774353,1.9798539375993351,2.874282763873665,3.665157523910174,3.1927953246314664,2.8698216954101543
3tEZvtQZ18Q_000441_ood,ood,anomaly,0.2846037745475769,0.4273954033851623,0.2869302332401275,0.2151807099580764,0.2089087963104248,0.8406050853983188,0.721401898760517,0.8094985570143481,1.370302128606053,0.921659712442118
nHvTqyRntbY_003567_ood,ood,anomaly,0.0581324845552444,0.1106399670243263,0.0612599737942218,0.0375240109860897,0.023105988278985,-1.953425262620924,-1.7161419321689764,-1.603358191090213,-1.4749353723484782,-1.7614622574698346
fWJbp43k644_005522_ood,ood,anomaly,0.1713985651731491,0.3025248944759369,0.1741250902414322,0.1176038607954979,0.091340385377407,-0.2608503322998269,-0.4970461195504655,-0.5157481706524367,-0.4300476898835162,-0.4195406860335272
bFGmOp9H3MA_005403_ood,ood,anomaly,0.1774863302707672,0.2861100435256958,0.1628233194351196,0.1137987524271011,0.1472132056951522,-0.4056421383698576,-0.6191205203826666,-0.5674275132107665,0.4255445658871459,-0.3474157986730351
eN6y6-4C1Rc_005967_ood,ood,anomaly,0.3882412910461426,0.5038237571716309,0.4151792526245117,0.3520404994487762,0.2819215953350067,1.514762859553406,2.106664656869312,2.6682692565018753,2.4883624853647373,2.149506727548662
pQdl0apLT70_003191_ood,ood,anomaly,0.0907470136880874,0.160373643040657,0.0901543945074081,0.0575506947934627,0.0549093373119831,-1.5147353960644123,-1.404043133104178,-1.3313643994325413,-0.9879239956995274,-1.37506113944014
L334aqEJxys_001734_ood,ood,anomaly,0.2225758135318756,0.398196816444397,0.2331583052873611,0.1481874287128448,0.1107607036828994,0.5830507432564469,0.1405923956373576,-0.1003753270867652,-0.132660268731566,0.1867825235688399
V3--0ubJkNE_002472_ood,ood,anomaly,0.5005326867103577,0.5648584961891174,0.5208773016929626,0.4839492440223694,0.4324456751346588,2.0531369283855723,3.2483464543763687,4.459796996914196,4.793369396617519,3.47988070452796
GDejMONyY4U_004921_ood,ood,anomaly,0.1466914415359497,0.2271268665790558,0.1587981283664703,0.11524348706007,0.0855972617864608,-0.9259198273809036,-0.6625980246040435,-0.5478057498404527,-0.5179933500525047,-0.7122587000764773
hfwb3mZZ0fs_002322_ood,ood,anomaly,0.09445820748806,0.175231859087944,0.0986049994826316,0.0623876377940177,0.0416083522140979,-1.3836743256357589,-1.312765177047608,-1.2656711234310178,-1.1916047796505247,-1.331092715806201
5vKPYV5w6pw_000623_ood,ood,anomaly,0.1842357218265533,0.3285000920295715,0.1854318082332611,0.1263104677200317,0.0967005267739296,-0.0317288021551163,-0.3749182824277874,-0.3974987863482295,-0.347966716655037,-0.26745228202825
OPj7lUQOre8_001011_ood,ood,anomaly,0.264952540397644,0.4005003571510315,0.2658693492412567,0.2029599547386169,0.190480500459671,0.6033697714511287,0.4939158844694984,0.6435215245194662,1.088105756071267,0.6888414241489123
7uTMZ5-aWKA_000490_ood,ood,anomaly,0.4470920860767364,0.5665968656539917,0.4375418722629547,0.3471445143222809,0.4370851218700409,2.068470704805421,2.3482111755685375,2.601774095782118,4.864414220832213,2.8467423952516957
88LcRU7uEFE_005668_ood,ood,anomaly,0.0321098454296588,0.0636998564004898,0.0322493948042392,0.019758990034461,0.0127311404794454,-2.367473700523584,-2.029495397629389,-1.844635052201514,-1.6338076000542656,-2.069765860788882
f482qwPz7ns_004566_ood,ood,anomaly,0.0784778743982315,0.1479471623897552,0.0809439048171043,0.0510016418993473,0.0340187773108482,-1.624346661009339,-1.50352887118754,-1.4203108144042147,-1.307825537344216,-1.520419949299159
8dI7OolIEXY_000419_ood,ood,anomaly,0.3845375180244446,0.4861745834350586,0.3631984293460846,0.3143140971660614,0.3744629323482513,1.35908336244993,1.5452015051892027,2.155885513832485,3.905467454058222,2.1056262216954846
sdqIDbZJfy0_001679_ood,ood,anomaly,0.1975056529045105,0.3275621235370636,0.2104143649339676,0.1469754725694656,0.1050706282258033,-0.0400024168518739,-0.1050729021983626,-0.1168355932961489,-0.2197935916631084,-0.1102365766040002
uFwnmh0GpBo_002228_ood,ood,anomaly,0.3336037099361419,0.514606773853302,0.3723331987857818,0.2617073357105255,0.1857674717903137,1.609877488675244,1.6438693622181637,1.4414031435733614,1.0159341562165427,1.5021871743105786
kVhgFPPG-wo_003212_ood,ood,anomaly,0.4146036505699157,0.4036360085010528,0.3782905042171478,0.4090350270271301,0.4674530029296875,0.631028665433888,1.708216313113879,3.4423443759216457,5.329443974315878,2.4618351733280277
LfKfK4I5RPE_005414_ood,ood,anomaly,0.4106656312942505,0.5871189832687378,0.4444680213928222,0.3474903702735901,0.263585090637207,2.2494918108043787,2.423022947952985,2.6064713623125524,2.207571730072273,2.415179431503835
X8VgGb1fJDU_001233_ood,ood,anomaly,0.3535175323486328,0.4706763327121734,0.3575133383274078,0.2866608202457428,0.2992196083068847,1.2223766862885026,1.4837948378912016,1.7803106201724608,2.75325059831111,1.7381164809422862
mrIFkGZbNjc_000345_ood,ood,anomaly,0.6798587441444397,0.6216536164283752,0.5993401408195496,0.662025511264801,0.8364157676696777,2.554114248273202,4.095851171833701,6.878352140511254,10.979448437738462,5.604448831884713
t_bCDlNOhJc_002052_ood,ood,anomaly,0.3861894011497497,0.49599689245224,0.3873087763786316,0.3255679309368133,0.3358840644359588,1.445723799617881,1.8056258420737077,2.308730235776167,3.3147011309257297,2.1251969315430026
3sGShQb_HwU_000072_ood,ood,anomaly,0.2847357988357544,0.4352126121520996,0.298475056886673,0.2228093892335891,0.1824461370706558,0.9095589722914986,0.8461015987914436,0.9131079923779348,0.9650738586908244,0.9232238721560622
GdyJqgxlSxs_005638_ood,ood,anomaly,0.1859113872051239,0.3000235855579376,0.1980478465557098,0.1384611427783966,0.1071129590272903,-0.2829138305840358,-0.2386480159816837,-0.2324735524096858,-0.1885189502983662,-0.2475998115821468
PEwiwzyTjX0_005330_ood,ood,anomaly,0.3329561948776245,0.4778233766555786,0.3295858204364776,0.2467384934425354,0.2776771783828735,1.285419196011219,1.182139896228285,1.2381027767049673,2.4233668353536073,1.4945157300431149
uO2zGO5ydBc_000850_ood,ood,anomaly,0.2152112126350402,0.3646312355995178,0.2176775485277176,0.1452163010835647,0.1333198100328445,0.286976104074402,-0.0266207020488013,-0.1407279025385852,0.2127920742923578,0.099530305123838
4OGV0AbV91U_002109_ood,ood,anomaly,0.1716381013393402,0.2870526909828186,0.1838044077157974,0.1252454668283462,0.0904498621821403,-0.3973272515507282,-0.3924964077046186,-0.4119631696397706,-0.4436844589802134,-0.416702777748916
GJr8wKk8-YA_004465_ood,ood,anomaly,0.139380469918251,0.2326532006263733,0.1472862660884857,0.1001861840486526,0.0773962438106536,-0.8771732447842671,-0.7869416973020298,-0.7523075524157802,-0.6435772641923841,-0.7988755448408368
qzMjfBx1KI0_003981_ood,ood,anomaly,0.2185321301221847,0.333040177822113,0.217920571565628,0.1579049527645111,0.1652627736330032,0.0083183005330329,-0.0239957247554409,0.0316038981189705,0.7019413981896501,0.1388749243483051
dZG1VKsgs60_004470_ood,ood,anomaly,0.1066829487681388,0.180550068616867,0.1103816032409668,0.0796466618776321,0.0561534576117992,-1.3367635638453632,-1.1855619385220104,-1.0312664937895846,-0.9688725197275572,-1.1862599120270574
LfKfK4I5RPE_000822_ood,ood,anomaly,0.1122360825538635,0.1618884652853012,0.1132657527923584,0.0959285348653793,0.0778615549206733,-1.501373480726773,-1.1544092249844171,-0.8101331093599781,-0.6364518572415118,-1.1204690770702612
ha-IeID24As_002203_ood,ood,anomaly,0.0724904313683509,0.132904827594757,0.0692885443568229,0.044788260012865,0.0429800897836685,-1.7570318025972906,-1.6294225182147353,-1.5046982903626274,-1.1705990735701834,-1.5913562694729555
uFwnmh0GpBo_003026_ood,ood,anomaly,0.2595994174480438,0.3266226649284363,0.2327228635549545,0.1883158087730407,0.2907363474369049,-0.0482891755366483,0.135889036359254,0.444631042946124,2.623344639335708,0.6254202205420517
JHfjuFrnpjA_001164_ood,ood,anomaly,0.1189859956502914,0.2140168249607086,0.1192624568939209,0.077602133154869,0.0650625526905059,-1.041560633948561,-1.0896367151970692,-1.059034402086645,-0.8324456718985592,-1.0404993814649803
ujVRDgGVzlQ_002028_ood,ood,anomaly,0.3653025925159454,0.4706099927425384,0.3393722772598266,0.2942118942737579,0.3570162057876587,1.2217915159420156,1.2878468578588689,1.8828660544981104,3.6383020586315937,1.8777401562113285
ruiSuGHJf6Q_001231_ood,ood,anomaly,0.1867293268442154,0.2897223532199859,0.1779637783765792,0.1310737878084182,0.1481574177742004,-0.3737787455004351,-0.4555830990990145,-0.3328054250218569,0.4400034841598322,-0.2379092595665578
L334aqEJxys_002136_ood,ood,anomaly,0.278096079826355,0.4215437471866607,0.2939618825912475,0.222152978181839,0.174725666642189,0.7889889073379575,0.7973532161346633,0.9041929002653916,0.8468486702729655,0.8445597026325665
Hkui6PJboFg_000800_ood,ood,anomaly,0.0249555315822362,0.0511026643216609,0.0246282815933227,0.0146102244034409,0.009480950422585,-2.4785907735956325,-2.111813721442623,-1.914563368831863,-1.6835784443864137,-2.154526700294476
0RJPQ_97dcs_005223_ood,ood,anomaly,0.1999461054801941,0.3232044279575348,0.1996037513017654,0.1405519992113113,0.1364242285490036,-0.0784406954068247,-0.2218421416738608,-0.2040764411120613,0.260330688344622,-0.0813232784876405
OPj7lUQOre8_004286_ood,ood,anomaly,0.2403159141540527,0.3888994753360748,0.2592612504959106,0.1821600794792175,0.1309428960084915,0.5010409330666481,0.422539486133091,0.3610265796635531,0.1763938896239671,0.3969586290231939
DSBGS6aRzgc_005564_ood,ood,anomaly,0.3000326752662658,0.4212656021118164,0.3074360489845276,0.2539787888526916,0.2174503356218338,0.7865354505348301,0.9428924256410458,1.3364373497312316,1.50110051761956,1.104453842732567
kjVywUi1WK4_004128_ood,ood,anomaly,0.2478592842817306,0.3441552817821502,0.2190540134906768,0.1784241944551468,0.2498036473989486,0.10636219882419,-0.0117530199395597,0.3102873987453421,1.9965335895069585,0.486328818584243
UbDCiQVuzPY_004082_ood,ood,anomaly,0.1497447788715362,0.2693445384502411,0.1571481227874755,0.1020992398262023,0.0703871995210647,-0.5535269876998906,-0.6804203150997129,-0.7263252530199715,-0.7509082344283942,-0.6760842406695392
eW9vWga9F5M_000342_ood,ood,anomaly,0.4513039886951446,0.5567066073417664,0.4637141823768616,0.3852886259555816,0.3995065689086914,1.9812309017839256,2.6309075007997293,3.119830986895331,4.28896593105639,2.896642974044546
Hd2IzHAfkCI_004644_ood,ood,anomaly,0.1324706822633743,0.2071869969367981,0.1419305652379989,0.0994466170668602,0.08131854981184,-1.1018050515023603,-0.8447905055608654,-0.7623520325452601,-0.5835141669602574,-0.8807393566505093
pQdl0apLT70_000173_ood,ood,anomaly,0.2825292646884918,0.4211202263832092,0.2980424165725708,0.2274173647165298,0.1835370808839798,0.7852531230639567,0.8414284986175861,0.9756915301980708,0.9817797108896704,0.8970819260926932
gZbGLa253Ak_000221_ood,ood,anomaly,0.352731704711914,0.4652905464172363,0.369106650352478,0.3127329051494598,0.2637966871261596,1.1748698446415662,1.6090182779498794,2.134410445065684,2.210811951637366,1.7288063763514765
a_VxrUq9PmA_000576_ood,ood,anomaly,0.5522079467773438,0.658049464225769,0.5821251273155212,0.490392804145813,0.4782644808292389,2.8751540525339405,3.909905757186936,4.54731065452257,5.495002410630466,4.092104115236392
CyeT8rEQOpQ_000546_ood,ood,anomaly,0.3317998051643371,0.4782906174659729,0.3473381698131561,0.2728945016860962,0.2286759465932846,1.289540624893619,1.3738892645937704,1.593342412244439,1.6730006608170405,1.4808153857495543
u33fdjUY_Iw_001182_ood,ood,anomaly,0.4928636252880096,0.598301887512207,0.5216628909111023,0.4334471225738525,0.4180425405502319,2.3481337605502786,3.2568318797798876,3.773898940517998,4.572811165635496,3.3890213854875504
4wKjxDXnmYs_001421_ood,ood,anomaly,0.3088589310646057,0.3989140391349792,0.2815546691417694,0.2422099411487579,0.3127570748329162,0.5893772075684657,0.6633385405763619,1.1765979304232723,2.960552672138024,1.2090230393198709
0RJPQ_97dcs_003475_ood,ood,anomaly,0.224019855260849,0.3093071579933166,0.2127040922641754,0.1844660490751266,0.1896020621061325,-0.2010254708435087,-0.0803407521048473,0.3923452652667937,1.074654044699168,0.2038908293881308
PYL3JcSsS6o_002428_ood,ood,anomaly,0.147850289940834,0.2565978467464447,0.1469269841909408,0.1104731187224388,0.0774032101035118,-0.6659627642296464,-0.7908224274216099,-0.6125948374515691,-0.643470587883814,-0.6985292263977266
UbDCiQVuzPY_000504_ood,ood,anomaly,0.7210840582847595,0.6404569745063782,0.6277000904083252,0.6853964924812317,0.9307827353477478,2.7199745527346058,4.402176960332925,7.195766738802205,12.424509673000184,6.0928663531085245
0z7J7rOpTic_002166_ood,ood,anomaly,0.0410556644201278,0.0824883952736854,0.0411929078400135,0.0243480447679758,0.0161933023482561,-2.2017441130230035,-1.93289336827596,-1.7823084878487203,-1.580790786756976,-1.963780137508039
Vtpe3HAIEm4_003608_ood,ood,anomaly,0.1576974689960479,0.280680239200592,0.1693801879882812,0.1089819222688674,0.0717475414276123,-0.4535372534227967,-0.548297477367529,-0.6328476252528143,-0.7300770325341026,-0.5818646263700774
DSBGS6aRzgc_000371_ood,ood,anomaly,0.3222163319587707,0.4384497106075287,0.3027476966381073,0.2309380173683166,0.3167299330234527,0.93811270897841,0.8922518832527833,1.0235075177614528,3.0213898856842047,1.3672750446900397
WWyeuvpHmfc_005861_ood,ood,anomaly,0.2578043043613434,0.4113284945487976,0.2752218842506408,0.1937346756458282,0.1509321928024292,0.6988824005301013,0.594935903995558,0.5182277582782449,0.4824941981090682,0.604152591600805
Y4rb2_HaBdQ_005046_ood,ood,anomaly,0.148826465010643,0.2750685214996338,0.1548262238502502,0.1002841293811798,0.0651269853115081,-0.5030369865327684,-0.7054999620340134,-0.7509773011058036,-0.8314590016135266,-0.6869639777678734
GdyJqgxlSxs_002184_ood,ood,anomaly,0.2577754855155945,0.3512855172157287,0.2425507158041,0.1908828169107437,0.2463829219341278,0.1692564443620818,0.2420431245408804,0.479495041564452,1.9441513005841171,0.6038111598980095
PfJ2CudpCgE_001352_ood,ood,anomaly,0.2628295421600342,0.3846556544303894,0.2687114179134369,0.2178674042224884,0.1800836771726608,0.4636071180759056,0.5246140676326695,0.8459880810429496,0.9288970131011756,0.663689171015157
mrIFkGZbNjc_000652_ood,ood,anomaly,0.2995631396770477,0.4008054137229919,0.2902563214302063,0.2365760505199432,0.2706148028373718,0.606060608677831,0.7573281469456369,1.100080855072446,2.3152191923724237,1.0988910128695435
TNZv-NBcV5U_001353_ood,ood,anomaly,0.0394132062792778,0.0788372233510017,0.0402478463947773,0.0237927362322807,0.0147750126197934,-2.233950301099892,-1.9431013092839644,-1.7898504491447775,-1.602509355843175,-1.9832391847123203
JkYzYrJpSoQ_005112_ood,ood,anomaly,0.2824669480323791,0.4369313716888428,0.3025975525379181,0.2209058403968811,0.1694330424070358,0.9247197738290523,0.8906301240273308,0.8872548121568969,0.7658016015452929,0.8963436285843726
5vKPYV5w6pw_005653_ood,ood,anomaly,0.0811388045549392,0.1378603875637054,0.0825896561145782,0.0613691955804824,0.0427359752357006,-1.7133198931704283,-1.4857525326826282,-1.2795031668141423,-1.1743372510162926,-1.488894539768859
ha-IeID24As_001247_ood,ood,anomaly,0.2285074293613433,0.3731420338153839,0.2416763305664062,0.1676822900772094,0.1315291225910186,0.3620479916296616,0.2325985821043646,0.1643954812675379,0.1853709006515954,0.2570574301570484
J-j5eIHg8I0_004588_ood,ood,anomaly,0.222317025065422,0.3120098710060119,0.202457308769226,0.1773078292608261,0.1974931061267852,-0.1771854311390129,-0.1910198639927439,0.295125407623969,1.1954912624308016,0.1837165233710885
Tsl84N96WM8_002022_ood,ood,anomaly,0.5390399694442749,0.5329931974411011,0.4997968077659607,0.4807853102684021,0.6425846815109253,1.772060105289679,3.020648626355626,4.4168258117408215,8.011272224296562,3.936096308318102
Nc9SDBksPPA_001351_ood,ood,anomaly,0.1954212039709091,0.3438482284545898,0.2058802396059036,0.1369878947734832,0.0949684754014015,0.1036537486535454,-0.1540475843262608,-0.2524825721137356,-0.3744899838268808,-0.1349321162862921
JV0D-YkWHD8_002833_ood,ood,anomaly,0.4453798532485962,0.5615507960319519,0.452649861574173,0.3888904452323913,0.3784283101558685,2.0239604295464475,2.5113978809577615,3.1687493445919,3.9661901189265385,2.8264566914040117
krPRThe7R4g_001080_ood,ood,anomaly,0.1264476925134658,0.2356428653001785,0.1316329389810562,0.0835659876465797,0.0549489930272102,-0.8508020673074671,-0.9560187880002936,-0.9780358997036476,-0.9873167393868444,-0.95209681711749
VxWJchENocA_001910_ood,ood,anomaly,0.194509282708168,0.3005069196224212,0.1903010755777359,0.1341972947120666,0.1530318111181259,-0.27865044663106,-0.3223236135254102,-0.2903832999129827,0.514646095234866,-0.1457361169831279
yB6fjM1UUC0_000241_ood,ood,anomaly,0.1478115618228912,0.2676480710506439,0.1520545482635498,0.1006771847605705,0.0708664655685424,-0.5684911551767202,-0.7354378047266562,-0.7456389922774311,-0.7435691325834584,-0.6989880583499318
W6YrlYyWguc_001646_ood,ood,anomaly,0.0313266664743423,0.0577147752046585,0.0282701756805181,0.0214912928640842,0.0178304221481084,-2.4202667912709277,-2.0724763427072137,-1.821107661473197,-1.5557212267355431,-2.0790445850874613
nADqn-DZ-Dc_000640_ood,ood,anomaly,0.0350853390991687,0.0722276270389556,0.0329610779881477,0.0208121314644813,0.0143405236303806,-2.292252102944819,-2.021808257291216,-1.830331739009065,-1.6091627771747838,-2.0345136553712937
kld-iYpdjyo_002293_ood,ood,anomaly,0.3702712059020996,0.3948608040809631,0.3421063721179962,0.3574558794498443,0.3866616785526275,0.5536245086450111,1.317378777887103,2.741818614644503,4.09226942187049,1.936605877057624
2TmFM9p1KF8_003954_ood,ood,anomaly,0.2555760145187378,0.3823936879634857,0.2650711238384247,0.2012719362974167,0.1735672950744629,0.4436548071468794,0.4852939711915069,0.6205955852762909,0.8291102826810185,0.5777528946139192
K1r3m5OrmB4_004010_ood,ood,anomaly,0.3012414574623108,0.3785216510295868,0.2412436753511428,0.2057993412017822,0.3794011771678924,0.4095004171662104,0.2279253209778246,0.682084848209306,3.981087836218215,1.1187749077433085
K1r3m5OrmB4_004978_ood,ood,anomaly,0.2509103715419769,0.3845570981502533,0.2457822114229202,0.1911390870809555,0.1821630597114563,0.4627377747085056,0.2769476450996427,0.4829755926110012,0.9607390355167348,0.5224766201901879
nvVk7L3GrJQ_003117_ood,ood,anomaly,0.3715969920158386,0.477544903755188,0.359086662530899,0.2886270582675934,0.3611293435096741,1.2829628475307275,1.5007888658844708,1.807015217898607,3.701287402164662,1.9523131477200455
hdOtS-BpUPY_004293_ood,ood,anomaly,0.0974790602922439,0.1714778691530227,0.0948771014809608,0.0642149522900581,0.0593463256955146,-1.4167874488857746,-1.3530315143071938,-1.24085332518196,-0.9199794588333928,-1.2953031173672536
Vtpe3HAIEm4_001304_ood,ood,anomaly,0.1746155619621276,0.3046256303787231,0.1836632490158081,0.1176778078079223,0.0924955382943153,-0.2423202008741679,-0.3940211124627279,-0.5147438541872382,-0.4123585901688965,-0.3814272688231751
QERvirE3S5s_000052_ood,ood,anomaly,0.2012701332569122,0.3251762986183166,0.1972050368785858,0.1409552842378616,0.1417439728975296,-0.0610472560648178,-0.2477514996847004,-0.1985991976230622,0.341793053075708,-0.0656368397491748
V3--0ubJkNE_004713_ood,ood,anomaly,0.1044769510626792,0.2017482072114944,0.106862224638462,0.0662662386894226,0.0430311299860477,-1.1497794248030382,-1.2235759844237797,-1.2129936370326144,-1.1698174842099138,-1.2123955025882027
D_pyFV4nKd4_004430_ood,ood,anomaly,0.2583392858505249,0.4072780907154083,0.2623445093631744,0.1935212314128875,0.170213297009468,0.6631546751838777,0.4558428494097173,0.5153288506616163,0.7777498044742648,0.6104907927351199
Hx8FMhmdOQU_005700_ood,ood,anomaly,0.0365145318210125,0.0662556737661361,0.0351348407566547,0.023754259571433,0.0209133569151163,-2.3449293951577386,-1.9983286812084469,-1.7903730225760532,-1.5085115978552135,-2.0175812733843883
Z9K13eBUwJM_004933_ood,ood,anomaly,0.3132646083831787,0.3809106647968292,0.2665496170520782,0.2501305937767029,0.3554674685001373,0.4305733845135087,0.501263696315504,1.2841728220728277,3.6145859186212825,1.2612193667493046
3u_CIo9IaWo_001784_ood,ood,anomaly,0.5685031414031982,0.6307210922241211,0.5589318871498108,0.5355669856071472,0.5487925410270691,2.634096466871602,3.6593874140787017,5.160846925374183,6.575013438830265,4.285161675451206
t_bCDlNOhJc_004165_ood,ood,anomaly,0.2782852053642273,0.4262258112430572,0.2978899180889129,0.2217911481857299,0.1672339737415313,0.8302883692043026,0.8397813088683516,0.8992786811403579,0.7321268002839,0.8468003702498782
Y4rb2_HaBdQ_001779_ood,ood,anomaly,0.1436410248279571,0.2218811959028244,0.1372075676918029,0.1093364134430885,0.1061389371752739,-0.9721907398346644,-0.8958052629351522,-0.628033078844982,-0.2034343518978799,-0.7483985573046432
PYL3JcSsS6o_002738_ood,ood,anomaly,0.502618670463562,0.6317391991615295,0.527155339717865,0.4387100040912628,0.4128701984882355,2.643076965243878,3.316157750802913,3.84537712995436,4.493606003138348,3.5045944280082804
cfrLchAShxQ_001886_ood,ood,anomaly,0.314550518989563,0.4647258222103119,0.3174125552177429,0.2259797304868698,0.2500840723514557,1.1698885360631386,1.0506521777799087,0.956166201446532,2.000827795819178,1.276454211746431
gXezhrOijmQ_001059_ood,ood,anomaly,0.0484629571437835,0.1003269329667091,0.0475459247827529,0.0281715299934148,0.0178074389696121,-2.044394277922412,-1.864272198190954,-1.7303795587350863,-1.5560731729845887,-1.8760221270110689
OWtbKblBOKI_001796_ood,ood,anomaly,0.1921724826097488,0.3130513727664947,0.1950943917036056,0.1339786052703857,0.1265655606985092,-0.1679985721548803,-0.2705493204440074,-0.2933534456950012,0.1093628328268781,-0.1734213908364857
O9uvBFovKj8_000792_ood,ood,anomaly,0.3770095109939575,0.4309474229812622,0.2976532578468323,0.2765838205814361,0.502853512763977,0.8719366725126015,0.8372250583702738,1.6434491520636576,5.871539431325263,2.0164380466564533
PEwiwzyTjX0_003618_ood,ood,anomaly,0.1903841942548751,0.3242271244525909,0.1874409019947052,0.1235467195510864,0.1263220310211181,-0.0694197135514586,-0.3532173541974068,-0.4350348233121541,0.105633611626996,-0.1946081636661094
1u69z-wsDIc_002769_ood,ood,anomaly,0.2745249271392822,0.4470239877700805,0.2936051189899444,0.2068177759647369,0.1506529152393341,1.013744530423165,0.7934996870183686,0.6959167904018547,0.4782175620123797,0.8022504181624713
gZbGLa253Ak_001961_ood,ood,anomaly,0.227737471461296,0.3494510650634765,0.2250749766826629,0.1704017370939254,0.1660220921039581,0.1530751435949402,0.0532815208143462,0.2013298390675253,0.7135690017313724,0.2479353425070239
pOJpwWmEcFg_000281_ood,ood,anomaly,0.4643674790859222,0.5039768218994141,0.3669709265232086,0.3743892908096313,0.6121329069137573,1.5161130100024431,1.5859495738264962,2.9718009125500555,7.544957791417723,3.05141287036304
xpOyD-qrQUw_001971_ood,ood,anomaly,0.2460866570472717,0.3748253285884857,0.2734550535678863,0.1895868480205536,0.1464794129133224,0.3768959662524268,0.5758517444717481,0.4618937504219103,0.4143078425947906,0.4653275911112067
Z9K13eBUwJM_005606_ood,ood,anomaly,0.3260533511638641,0.4244219660758972,0.3068329393863678,0.2647715210914612,0.3081869781017303,0.8143770459510169,0.9363780267832684,1.4830195893174072,2.8905698191320583,1.4127341866788927
JmwUVoOrgk8_001359_ood,ood,anomaly,0.6365203857421875,0.6447539329528809,0.60421222448349,0.6289981007575989,0.668117105960846,2.7578770823380108,4.148476260793006,6.429788079736444,8.402255613110095,5.090996987401741
OPj7lUQOre8_001531_ood,ood,anomaly,0.4252302646636963,0.4886766970157623,0.3439459800720215,0.2941402792930603,0.5741581320762634,1.381153958487667,1.3372490303105864,1.8818934106831493,6.963442072668954,2.587734141544988
3u_CIo9IaWo_000439_ood,ood,anomaly,0.4922325015068054,0.5509489178657532,0.4533425569534302,0.4147837162017822,0.5498547554016113,1.9304435836078744,2.51887992734069,3.520420595664995,6.591279351087033,3.3815441371213666
T89zSiaMNgM_002115_ood,ood,anomaly,0.2137386202812194,0.3734368681907654,0.2235341072082519,0.1496805995702743,0.1083028763532638,0.3646486610985723,0.0366380477628233,-0.0800957237829238,-0.1702974958716793,0.0820837453528634
Z9K13eBUwJM_004618_ood,ood,anomaly,0.3166344761848449,0.4543478190898895,0.3168802857398987,0.2464911639690399,0.2488187104463577,1.0783464428841385,1.0449029479731238,1.2347436543494243,1.981451042675302,1.3011439255516837
Vtpe3HAIEm4_005234_ood,ood,anomaly,0.4119325280189514,0.4321857690811157,0.3218388855457306,0.3046799600124359,0.5890254974365234,0.8828598523136911,1.098462528205055,2.025038813551537,7.191109167217096,2.430189009255477
TNZv-NBcV5U_002495_ood,ood,anomaly,0.1576064825057983,0.2956277728080749,0.1620219051837921,0.1016867160797119,0.0710895583033561,-0.3216883323524447,-0.6277768775346404,-0.7319279728230096,-0.7401528665861488,-0.5829425901639079
kVhgFPPG-wo_004360_ood,ood,anomaly,0.3176760077476501,0.396967351436615,0.2837055623531341,0.2752505242824554,0.3147806525230407,0.5722059016239347,0.6865710945301844,1.625340896136164,2.9915401431619437,1.313483486202457
EY8x-fyQkbk_002021_ood,ood,anomaly,0.1103812605142593,0.1425948143005371,0.1005688533186912,0.0855014696717262,0.1128598824143409,-1.671558551565189,-1.291552901160267,-0.9517490166745636,-0.100515103051977,-1.1424441087173518
W6YrlYyWguc_005597_ood,ood,anomaly,0.2855399250984192,0.379778653383255,0.2695387303829193,0.2129855453968048,0.2798568308353424,0.4205881596972644,0.5335501605462389,0.7796847776549821,2.4567443120587105,0.9327507699893908
uO2zGO5ydBc_003462_ood,ood,anomaly,0.2929108142852783,0.4522790312767029,0.3188856542110443,0.2279601693153381,0.1725184023380279,1.060098118561549,1.0665636380329642,0.9830636684102264,0.81304836747208,1.0200774890437918
xpOyD-qrQUw_003003_ood,ood,anomaly,0.4265172481536865,0.5120466351509094,0.4016748964786529,0.3210276961326599,0.4713197946548462,1.5872950657441507,1.960799357228872,2.247066722671558,5.388656969756402,2.6029816975465616
uFwnmh0GpBo_002118_ood,ood,anomaly,0.275919497013092,0.3660302758216858,0.2852871119976043,0.2471854388713836,0.2051751911640167,0.2993167315431724,0.7036539684040064,1.2441729969683808,1.313128647274599,0.8187726054433535
qzMjfBx1KI0_000994_ood,ood,anomaly,0.228001981973648,0.3987036943435669,0.2446038424968719,0.1589185148477554,0.109781876206398,0.5875218022200812,0.264219667947046,0.0453696616749203,-0.1476492598701459,0.2510691347284941
xVfPBzDnI2Q_002819_ood,ood,anomaly,0.2582588195800781,0.4019294679164886,0.2697623074054718,0.1999670416116714,0.1613764315843582,0.6159756445980681,0.53596509458938,0.6028730678238936,0.6424290245312809,0.6095374674015646
Z9K13eBUwJM_002323_ood,ood,anomaly,0.2681927680969238,0.4248181879520416,0.2993070483207702,0.2053674310445785,0.1432783305644989,0.8178720323645586,0.855088230847211,0.6762188305279341,0.365288994930362,0.7272300699138973
EJ4VM9wLNXQ_001061_ood,ood,anomaly,0.084796205163002,0.1586659699678421,0.0795893445611,0.0503703579306602,0.0505591556429863,-1.5297984063311243,-1.5181599528540055,-1.4288846412997438,-1.054539243077814,-1.4455634317745747
Y4rb2_HaBdQ_002441_ood,ood,anomaly,0.3840038180351257,0.441491037607193,0.3592654764652252,0.3431912958621979,0.3920674622058868,0.9649395885197364,1.5027202980704013,2.5480831857666906,4.175049324581635,2.0993032031498147
TlBhM9Xbr2o_004364_ood,ood,anomaly,0.398781955242157,0.4708010256290436,0.3809275329113006,0.3325074315071106,0.4108918607234955,1.2234765752057095,1.7366997873705166,2.402979542874671,4.463311300612429,2.2743874030760014
kjVywUi1WK4_002933_ood,ood,anomaly,0.2405610680580139,0.3593867719173431,0.241106778383255,0.1730416715145111,0.1887090653181076,0.2407158382509337,0.2264466486868139,0.237184291042163,1.0609793969560053,0.3998630935394255
Nc9SDBksPPA_000075_ood,ood,anomaly,0.2295085042715072,0.3423973321914673,0.2100413739681244,0.1498793512582779,0.2157159447669983,0.0908557104018073,-0.1091017087855304,-0.0773963639818489,1.4745414254628066,0.2689176800151181
bhA2ckvE-TQ_002807_ood,ood,anomaly,0.2325699925422668,0.353716492652893,0.2241375148296356,0.168083906173706,0.184342011809349,0.1906995464119199,0.0431556656742443,0.1698500580675495,0.9941057875448248,0.3051887077475115
D_pyFV4nKd4_001555_ood,ood,anomaly,0.1595614403486251,0.2948828339576721,0.1669082343578338,0.1062564626336097,0.0701982304453849,-0.3282592748415671,-0.5749979178111894,-0.6698636438475033,-0.7538019576521784,-0.5597811981017272
ha-IeID24As_001647_ood,ood,anomaly,0.311661422252655,0.4516472220420837,0.3544765710830688,0.2620373368263244,0.1784845739603042,1.0545250676426254,1.450993646982917,1.44588507655841,0.904409609084526,1.2422255952703147
lKMwX4nA64k_001689_ood,ood,anomaly,0.1859737932682037,0.3227876722812652,0.1877886652946472,0.1320536285638809,0.1012651547789573,-0.0821168059752319,-0.3494610405011376,-0.3194976500121521,-0.278067607403607,-0.2468604548234565
oZaUkhs_H-s_001527_ood,ood,anomaly,0.4605521857738495,0.5141129493713379,0.4505055844783783,0.4464795291423797,0.431110680103302,1.6055215710466328,2.4882367899948177,3.9508994719636017,4.7729263367571875,3.006211126214248
UOjQsfDXjO0_004067_ood,ood,anomaly,0.5297966003417969,0.5340894460678101,0.488723486661911,0.4990856349468231,0.5972878932952881,1.7817298743935313,2.901041791093633,4.665372937452052,7.31763297379547,3.826585355668415
QERvirE3S5s_004820_ood,ood,anomaly,0.1478122025728225,0.2502959966659546,0.1378419697284698,0.0909763574600219,0.1121344715356826,-0.7215500039495008,-0.8889528634448366,-0.8773914494027122,-0.1116234724971242,-0.6989804670556098
f482qwPz7ns_004903_ood,ood,anomaly,0.3078827559947967,0.4449169933795929,0.3275928795337677,0.2661738991737366,0.1928472369909286,0.9951591942478374,1.1606134407053674,1.5020660842640778,1.124348090646069,1.1974577906900177
ZIts2XH28SA_000652_ood,ood,anomaly,0.2551729381084442,0.3976082503795624,0.2752174437046051,0.2039035409688949,0.143962487578392,0.5778591308697576,0.5948879400962747,0.6563369061871389,0.375765635262624,0.5729774408597212
sdqIDbZJfy0_001298_ood,ood,anomaly,0.3152789175510406,0.4545809328556061,0.3337858319282532,0.2559779584407806,0.2167709469795227,1.080402688369413,1.2275056973167733,1.363589209802585,1.4906968963648208,1.2850839245158463
PYL3JcSsS6o_005457_ood,ood,anomaly,0.4095690846443176,0.5027477741241455,0.409817487001419,0.3580269515514374,0.3676841557025909,1.5052718486865757,2.048750340868837,2.749574669901391,3.8016626207127313,2.402188078791675
JmwUVoOrgk8_002081_ood,ood,anomaly,0.1541845202445984,0.2776339948177337,0.1594391614198684,0.1031788066029548,0.0764861106872558,-0.4804075081245769,-0.6556740011701669,-0.7116630421526656,-0.6575143242453954,-0.6234843388489
Hd2IzHAfkCI_000799_ood,ood,anomaly,0.1411912888288498,0.2627745866775512,0.1465058028697967,0.0930292308330535,0.0624555423855781,-0.6114790937436434,-0.7953717549828858,-0.8495102076607134,-0.8723673693343716,-0.7774218409178181
fWJbp43k644_004275_ood,ood,anomaly,0.2883617877960205,0.3970247805118561,0.2646113932132721,0.2074073106050491,0.2844037413597107,0.572712470922084,0.4803282590414809,0.7039235959056707,2.526372109800219,0.9661828301868024
UjkeNSr2dXQ_004135_ood,ood,anomaly,0.0635454729199409,0.1273978054523468,0.0655032694339752,0.0376656390726566,0.0236151684075593,-1.8056080391092344,-1.670308603776981,-1.601434659434095,-1.4671381898843934,-1.6973317974689808
JkYzYrJpSoQ_003719_ood,ood,anomaly,0.3930741846561432,0.5215383172035217,0.375989705324173,0.3066880106925964,0.3680806756019592,1.6710191148510385,1.683364575177518,2.0523112927892897,3.8077346133780225,2.20676450633236
Izf9l3VWQuo_003768_ood,ood,anomaly,0.5897067785263062,0.6999326944351196,0.6414502263069153,0.557428777217865,0.460015207529068,3.244596855544569,4.550697013512925,5.45776436062324,5.2155474480874435,4.53637208101289
9Q0FCoNxL8I_004705_ood,ood,anomaly,0.0713273882865905,0.1414971649646759,0.0711116567254066,0.043817114084959,0.0288836229592561,-1.6812406760177767,-1.609730440410404,-1.5178879759703272,-1.386461236605916,-1.6051354396482618
yhtzAKqRyXw_001494_ood,ood,anomaly,0.1381805539131164,0.2350434213876724,0.1253801733255386,0.0890769809484481,0.1032216623425483,-0.8560896308066758,-1.0235571086778934,-0.9031879629012816,-0.2481071953419747,-0.8130915675231585
kVhgFPPG-wo_006087_ood,ood,anomaly,0.2216050028800964,0.336949735879898,0.2124931216239929,0.1520477682352066,0.1849293261766433,0.0428036561319531,-0.0826195201788804,-0.0479458587897427,1.0030994560495137,0.175280829961224
OPj7lUQOre8_004026_ood,ood,anomaly,0.267230212688446,0.3776972591876983,0.2379765510559082,0.1823731064796447,0.2708739638328552,0.4022286372360564,0.1926359625560166,0.3639198206079335,2.3191877792358113,0.7158261804238354
Y4rb2_HaBdQ_000052_ood,ood,anomaly,0.3650707602500915,0.3792312145233154,0.3092889189720154,0.323038250207901,0.4487247467041015,0.4157593213798252,0.9629059259516524,2.274373201942793,5.042654245435647,1.874993520000319
fb5i7JlmJdg_000361_ood,ood,anomaly,0.2459045052528381,0.3793453276157379,0.2597026824951172,0.1917157471179962,0.152854323387146,0.4167658879821161,0.4273075483894241,0.4908075407997674,0.5119281882586816,0.4631695450228031
xVfPBzDnI2Q_002520_ood,ood,anomaly,0.4448654055595398,0.5066272616386414,0.3975849151611328,0.3836925327777862,0.491556853055954,1.539491958607326,1.91662203074546,3.098153536976853,5.698551303872686,2.820361764771482
UjkeNSr2dXQ_005158_ood,ood,anomaly,0.1654674112796783,0.2710214555263519,0.165012702345848,0.1167776584625244,0.1090578511357307,-0.5387352693458358,-0.5954722256508227,-0.5269692947977703,-0.1587364081458881,-0.4898101198281559
ieP36TLihGM_002713_ood,ood,anomaly,0.1243447661399841,0.2439967840909958,0.1290870755910873,0.076144553720951,0.0481506362557411,-0.7771139788105663,-0.983517553747472,-1.0788306180097045,-1.091421407319414,-0.9770112685430418
4wKjxDXnmYs_005595_ood,ood,anomaly,0.1968894451856613,0.3438479006290436,0.2108823210000991,0.1353971660137176,0.097430370748043,0.1036508569761823,-0.1000183441677847,-0.274087164817609,-0.336790462286256,-0.1175371067000209
sUbP4j8rAic_004829_ood,ood,anomaly,0.2150358855724334,0.3727559149265289,0.2338760942220688,0.1512811183929443,0.1022304370999336,0.3586421214548701,0.1483454863370454,-0.0583581666623975,-0.2632860360821151,0.0974531151470582
l1XbmdmGr0Q_004924_ood,ood,anomaly,0.3095336854457855,0.456436276435852,0.3290544152259826,0.259895384311676,0.1927486360073089,1.0967682678485429,1.1764000016770657,1.4167940002916837,1.122838193033659,1.217017201866917
LfKfK4I5RPE_001162_ood,ood,anomaly,0.3124505877494812,0.427115648984909,0.3054854273796081,0.2647362351417541,0.2524650394916534,0.8381374330881333,0.9218230757354636,1.4825403507502342,2.037288046703463,1.2515752452082942
RPNiqsdt6-w_003187_ood,ood,anomaly,0.2655978500843048,0.3666902184486389,0.2619083821773529,0.2239836007356643,0.209809198975563,0.3051379409558439,0.4511320863082347,0.9290556271301202,1.384090184103993,0.696486740240569
QeuzUfHIWYU_004226_ood,ood,anomaly,0.1486693620681762,0.2155694663524627,0.1325935870409011,0.1118122190237045,0.1347021758556366,-1.0278651241950676,-0.94564249048675,-0.5944077540654972,0.2339605330509598,-0.6888252572107768
vdLn-qswnRo_005642_ood,ood,anomaly,0.1818307638168335,0.3096788823604584,0.1889122873544693,0.1311312913894653,0.097600556910038,-0.1977465715929549,-0.3373244035027997,-0.3320244361575328,-0.3341843657725277,-0.2959450577474741
6E2N9ld0eHg_001573_ood,ood,anomaly,0.2132717967033386,0.3485501110553741,0.2208036631345749,0.1547338515520095,0.128999575972557,0.1451280255605077,0.0071455611417195,-0.0114646323883622,0.1466354209486095,0.0765530460844162
Tsl84N96WM8_005523_ood,ood,anomaly,0.2963169515132904,0.4414257407188415,0.3210361301898956,0.2385422736406326,0.1842636615037918,0.9643636189648604,1.0897916853116862,1.1267852504174405,0.9929059928272722,1.0604317504131848
jFFhYwgepmY_002201_ood,ood,anomaly,0.3617593646049499,0.4488206505775451,0.3449461758136749,0.3140973150730133,0.3391732275485992,1.0295924996542123,1.3480524962425855,2.1529412728378814,3.3650687778627835,1.8357617109403228
y1vGuUK0db4_003670_ood,ood,anomaly,0.2024222314357757,0.3415503203868866,0.2131106555461883,0.1484456658363342,0.1065822467207908,0.0833844047335659,-0.0759493191247715,-0.0968680617281942,-0.1966458595343933,-0.0519873394734053
vZSr9dhRxlE_003450_ood,ood,anomaly,0.2095714062452316,0.3437370359897613,0.2218920886516571,0.1547022014856338,0.1179543063044548,0.102672944267767,0.0189020279047931,-0.0118944899545248,-0.0225031179184797,0.0327126152035943
u33fdjUY_Iw_004621_ood,ood,anomaly,0.1374685913324356,0.2513078451156616,0.1419515162706375,0.0918580293655395,0.0647569894790649,-0.7126247103268931,-0.8445642060897467,-0.8654169614202591,-0.8371248256600939,-0.8215265547661089
Nc9SDBksPPA_004823_ood,ood,anomaly,0.2773340344429016,0.4446503818035126,0.3112386167049408,0.2110453397035598,0.1424017697572708,0.9928074719119558,0.9839652967909398,0.7533337398008153,0.3518660348200373,0.8355313586403416
Hx8FMhmdOQU_000905_ood,ood,anomaly,0.1308306157588958,0.2302420884370803,0.1385427266359329,0.0915375724434852,0.0630000829696655,-0.8984411374738482,-0.8813837416608589,-0.8697692692776591,-0.8640287047735271,-0.9001700689073785
xVfPBzDnI2Q_002101_ood,ood,anomaly,0.2499909102916717,0.3815385997295379,0.2635044157505035,0.2004742175340652,0.154446393251419,0.436112261063589,0.4683714061891165,0.6097613127023882,0.536307889135983,0.5115832893787634
sUbP4j8rAic_000700_ood,ood,anomaly,0.1965494155883789,0.3441594243049621,0.2093909233808517,0.1388381868600845,0.093809112906456,0.1063987391108754,-0.1161274543145335,-0.2273527021287911,-0.3922435456958759,-0.1215656124012052
hdOtS-BpUPY_000820_ood,ood,anomaly,0.0757586136460304,0.1340888142585754,0.0801562070846557,0.0530525334179401,0.0357369035482406,-1.746588115479036,-1.512037071395585,-1.3924564893553897,-1.2815155086972023,-1.5526364314254235
pQdl0apLT70_002193_ood,ood,anomaly,0.0987718403339386,0.1926999390125274,0.1011517420411109,0.061933796852827,0.0393018908798694,-1.2295922173959075,-1.2852569150921829,-1.2718349955723705,-1.2269241074485102,-1.2799868866333175
T7TkJVmGyts_001628_ood,ood,anomaly,0.130376935005188,0.2345141619443893,0.1346790790557861,0.0879281535744667,0.0643863454461097,-0.8607581124703155,-0.9231163578549302,-0.9187908413615832,-0.8428005757375131,-0.9055450583713448
RPNiqsdt6-w_002780_ood,ood,anomaly,0.3883253335952759,0.4835792183876037,0.3611880838871002,0.3156968355178833,0.3928371369838714,1.33619021564213,1.5234870569335206,2.1746652704212446,4.186835516432353,2.1505024228970417
y4Evv5By6sg_000075_ood,ood,anomaly,0.187024712562561,0.3182753026485443,0.1999601572751999,0.1360069513320922,0.09385646879673,-0.121919430486277,-0.2179924754219374,-0.2658053233286637,-0.391518374982224,-0.2344096728837683
HzVbo46kkBA_005295_ood,ood,anomaly,0.18826824426651,0.3142891526222229,0.1935442090034485,0.1323580741882324,0.1128815785050392,-0.1570803870692365,-0.2872933889218803,-0.3153628007022296,-0.1001828662492455,-0.2196769125623139
fHUJcUaW2mE_003544_ood,ood,anomaly,0.4282855987548828,0.5076645016670227,0.4000881016254425,0.3496019542217254,0.4557877779006958,1.548641225785732,1.9436598280109296,2.6351499857921596,5.150811928539991,2.623932257543537
Z9K13eBUwJM_000061_ood,ood,anomaly,0.4747884571552276,0.6149647831916809,0.5051281452178955,0.4078507423400879,0.3712101876735687,2.495113514865507,3.078234276979128,3.4262599315109266,3.855657490325752,3.1748755627275806
gDjeTHGWX9c_000257_ood,ood,anomaly,0.2135347723960876,0.3415571451187134,0.2354781180620193,0.1629400253295898,0.1141638532280922,0.0834446041986807,0.1656495091961559,0.0999880845084852,-0.0805471235647801,0.0796686545078571
dZG1VKsgs60_000936_ood,ood,anomaly,0.5164798498153687,0.6261060833930969,0.5395548939704895,0.4649140536785126,0.4353442788124084,2.5933884844659914,3.4500896966825847,4.201269242326839,4.837756324736184,3.6688149561334193
fdvMUP8qvzw_005325_ood,ood,anomaly,0.2129925191402435,0.357095867395401,0.2181102037429809,0.1475075632333755,0.1292564570903778,0.2205082710746309,-0.0219474409222622,-0.10960896713205,0.150569095565557,0.0732443010100658
uO2zGO5ydBc_002909_ood,ood,anomaly,0.1216814294457435,0.2228452861309051,0.1262772381305694,0.0832627862691879,0.0543403998017311,-0.9636867110279806,-1.0138675962591297,-0.9821538501874048,-0.9966362555249804,-1.0085651895624856
DyzL2sahobA_004719_ood,ood,anomaly,0.0621560290455818,0.1259402781724929,0.0637979730963707,0.036082487553358,0.0228033810853958,-1.8184645681076468,-1.6887281091998076,-1.6229363413223414,-1.4795692599865642,-1.7137932543952816
pWZSG2cUdEo_001889_ood,ood,anomaly,0.0254519823938608,0.0479407459497451,0.0284448359161615,0.0155335301533341,0.0098888194188475,-2.5064813632271497,-2.0705897760814356,-1.9020234279116233,-1.6773326606120027,-2.148644991934464
uFwnmh0GpBo_001232_ood,ood,anomaly,0.2493700683116912,0.3090890049934387,0.1928614974021911,0.166652649641037,0.3288771212100982,-0.2029497506890987,-0.2946675970077616,0.1504113484489288,3.2074023347207525,0.504227854805199
EY8x-fyQkbk_002450_ood,ood,anomaly,0.2548477351665497,0.3995799124240875,0.2792151272296905,0.2000368684530258,0.140559047460556,0.5952507300534426,0.6380683256663819,0.6038214259006547,0.3236480404958026,0.5691245941783306
eN6y6-4C1Rc_003883_ood,ood,anomaly,0.2236862182617187,0.3721202611923218,0.238921120762825,0.1668616235256195,0.1168418899178505,0.3530351590468653,0.2028385921255096,0.1532495417200537,-0.0395377841507971,0.1999380600884446
lKMwX4nA64k_004695_ood,ood,anomaly,0.1134953796863555,0.1889955997467041,0.1140772253274917,0.0843427702784538,0.0665659308433532,-1.2622673829652182,-1.1456442247719854,-0.9674859726478524,-0.8094241258631887,-1.1055495356001226
WWyeuvpHmfc_004370_ood,ood,anomaly,0.2854479253292084,0.4171034395694732,0.3117257356643677,0.2304433137178421,0.182519257068634,0.7498219260873815,0.9892268399707774,1.016788665906913,0.9661935606077195,0.931660801358026
3tEZvtQZ18Q_004250_ood,ood,anomaly,0.0750981792807579,0.1273547261953354,0.0756851211190223,0.0549315102398395,0.0424213446676731,-1.8059880318027868,-1.5603308432016014,-1.3669370356534667,-1.1791552551174307,-1.5604609373714424
cfrLchAShxQ_001208_ood,ood,anomaly,0.308549165725708,0.4023411273956299,0.2945790290832519,0.2432783395051956,0.2939981818199157,0.6196068027274595,0.8040192324190363,1.1911084566173955,2.673293795684706,1.2053530898691402
bhA2ckvE-TQ_000522_ood,ood,anomaly,0.2163656055927276,0.338408499956131,0.2140396982431411,0.1697615981101989,0.1432525962591171,0.0556710946404184,-0.0659144022500904,0.1926357471726127,0.3648949200963534,0.1132069928257872
dZG1VKsgs60_004008_ood,ood,anomaly,0.0571951679885387,0.1093385815620422,0.0560108684003353,0.0384883172810077,0.0249429047107696,-1.9649044988350448,-1.772839365415973,-1.5902613984311336,-1.446806284455744,-1.7725671294073573
gZbGLa253Ak_000621_ood,ood,anomaly,0.5593662261962891,0.6038051843643188,0.5563383102416992,0.5290621519088745,0.548259437084198,2.3966771370921824,3.631373277843244,5.072501076470111,6.566849905963168,4.176911936909465
lmykriTbncM_002565_ood,ood,anomaly,0.126308798789978,0.1642977148294448,0.1224327608942985,0.0953561514616012,0.123148538172245,-1.4801220180222137,-1.055393146827601,-0.8179069741582136,0.0570372477814241,-0.9537423625682429
gXezhrOijmQ_005158_ood,ood,anomaly,0.0357428081333637,0.0771187096834182,0.0341925807297229,0.0195496082305908,0.0121103422716259,-2.2491089338794237,-2.0085063631122053,-1.847478785656666,-1.6433140136554774,-2.026724281229233
90gyBengKDs_003275_ood,ood,anomaly,0.3585463762283325,0.4394881725311279,0.3315418362617492,0.3301022946834564,0.3330532014369964,0.947272754226989,1.2032675110048088,2.3703140107070166,3.2713515300771268,1.7976957834549196
HaC3LrJiTmQ_001752_ood,ood,anomaly,0.0516251623630523,0.0828606560826301,0.0489569902420043,0.0407464914023876,0.0339365191757679,-2.198460481936765,-1.8490307839537343,-1.5595918503718975,-1.3090851734776454,-1.8385578537361753
ujVRDgGVzlQ_003210_ood,ood,anomaly,0.2664820551872253,0.3771427273750305,0.2969068884849548,0.2272804826498031,0.1645981520414352,0.3973372335356604,0.8291632604262015,0.9738324569387616,0.6917639078906151,0.7069623733225129
D_pyFV4nKd4_001665_ood,ood,anomaly,0.6111873388290405,0.6172972917556763,0.5622469782829285,0.6059982776641846,0.6592069268226624,2.5156880621872264,3.6951948791843856,6.117414391171475,8.26581216485019,4.79086333805583
X8VgGb1fJDU_003186_ood,ood,anomaly,0.3355887234210968,0.4498373568058014,0.3445982933044433,0.2784904837608337,0.2694288194179535,1.0385606426777536,1.3442948949248583,1.6693446299453971,2.2970579786846934,1.5257046510390164
Vtpe3HAIEm4_004397_ood,ood,anomaly,0.0451585724949836,0.0729890614748001,0.0386137813329696,0.0319027192890644,0.0371287241578102,-2.285535656508355,-1.9607514206478924,-1.679704153177296,-1.260202266798949,-1.9151708731878352
kVhgFPPG-wo_002705_ood,ood,anomaly,0.113610953092575,0.2066446095705032,0.1157793328166008,0.0772359371185302,0.0547839365899562,-1.1065893317004245,-1.1272591632231403,-1.0640079188891185,-0.9898442833460808,-1.1041802779543717
O9uvBFovKj8_004982_ood,ood,anomaly,0.0978461056947708,0.150818258523941,0.0881659537553787,0.0604995638132095,0.0919006466865539,-1.5990213506589983,-1.4255209809170837,-1.291314130826039,-0.4214682905514625,-1.2909545415124135
UjkeNSr2dXQ_004540_ood,ood,anomaly,0.3252326250076294,0.413621187210083,0.3397913575172424,0.300199806690216,0.2473181337118148,0.7191057404920241,1.2923734910919598,1.9641913012504904,1.958472395347976,1.4030106213600868
pWZSG2cUdEo_001679_ood,ood,anomaly,0.381779283285141,0.4772929251194,0.3623437285423279,0.317596822977066,0.3698835968971252,1.2807401991571663,1.5359695812458216,2.200470081547032,3.8353431265895552,2.0729479946784957
t4Cvbdtebk0_001385_ood,ood,anomaly,0.4674918055534363,0.4940776824951172,0.4323882162570953,0.4450133144855499,0.4984880685806274,1.4287948688123704,2.29254472472712,3.930985976163145,5.8046904658527465,3.08842837456425
vZSr9dhRxlE_004758_ood,ood,anomaly,0.2979229092597961,0.4392204284667969,0.3309747278690338,0.2465594410896301,0.1749370843172073,0.9449110424602156,1.1971419738271325,1.2356709647864104,0.8500861536226516,1.0794583586536624
lmykriTbncM_001067_ood,ood,anomaly,0.3411726355552673,0.4104706943035126,0.3024020493030548,0.278091698884964,0.3737260401248932,0.6913159323886217,0.8885184248373806,1.6639285055642057,3.894183268365477,1.591860132935896
fWJbp43k644_003287_ood,ood,anomaly,0.11812075227499,0.203532263636589,0.1179038137197494,0.0823047682642936,0.0687421709299087,-1.134042653710609,-1.104311897898448,-0.9951652380004776,-0.7760989034354389,-1.0507503651974903
UbDCiQVuzPY_000075_ood,ood,anomaly,0.3697532415390014,0.4969507753849029,0.370701402425766,0.2890000343322754,0.3223606944084167,1.4541377921066527,1.626243755900096,1.8120808181250945,3.1076149197467435,1.9304692865771824
t4Cvbdtebk0_003096_ood,ood,anomaly,0.4176865816116333,0.5309044122695923,0.4235217571258545,0.3721324503421783,0.3441876471042633,1.7536353886479104,2.1967749816931468,2.941149477603895,3.441855639786211,2.4983602446076416
GDejMONyY4U_000423_ood,ood,anomaly,0.491843044757843,0.6303107142448425,0.4920253753662109,0.4381003379821777,0.4069356322288513,2.630476612571905,2.9367066521229224,3.837096907514627,4.402728741099111,3.3769300425069595
UbDCiQVuzPY_003172_ood,ood,anomaly,0.2604346871376037,0.3933101892471313,0.2810019850730896,0.2113052159547805,0.1561213880777359,0.5399468747152197,0.6573688055950165,0.7568632670860705,0.5619574374083387,0.6353160905878112
y4Evv5By6sg_001238_ood,ood,anomaly,0.1904298067092895,0.3147620260715484,0.1916726976633072,0.1335842460393905,0.1217002496123313,-0.1529092739121353,-0.30750824103787,-0.2987094628741456,0.0348593002760633,-0.194067769435366
xjbbH74SwTg_005290_ood,ood,anomaly,0.2510896623134613,0.3983789086341858,0.274135559797287,0.1890935450792312,0.1427506506443023,0.5846569385920423,0.5832021315606696,0.4551939223956268,0.3572085212639469,0.5246007702667324
xVfPBzDnI2Q_001529_ood,ood,anomaly,0.1850153505802154,0.3024514615535736,0.1932276040315628,0.1380379199981689,0.1063444092869758,-0.2614980680292716,-0.2907131505597515,-0.2382215818796302,-0.2002879142104813,-0.2582156187964703
WWyeuvpHmfc_003816_ood,ood,anomaly,0.228649765253067,0.3020902574062347,0.1932665556669235,0.1556169986724853,0.2636252641677856,-0.26468417072443,-0.2902924202485833,0.0005298913281069,2.208186915800406,0.2587437567470713
kld-iYpdjyo_001523_ood,ood,anomaly,0.4638581275939941,0.5805997848510742,0.4883072674274444,0.430406779050827,0.3561187088489532,2.1919873889924624,2.896546060775516,3.732606304616638,3.6245584991340176,3.0453783210016354
0RJPQ_97dcs_000199_ood,ood,anomaly,0.4535300135612488,0.5457902550697327,0.4415532350540161,0.3768826425075531,0.4498938620090484,1.8849401486143864,2.391539315700869,3.005664541135641,5.060557154136639,2.92301583668871
RPNiqsdt6-w_005405_ood,ood,anomaly,0.3654320836067199,0.5278668999671936,0.4054799675941467,0.3016112148761749,0.2267701923847198,1.726842157715906,2.001899268429369,1.983360439175078,1.643817445561795,1.8792743038314388
yhtzAKqRyXw_000209_ood,ood,anomaly,0.1452631652355194,0.2426487356424331,0.149293377995491,0.1030111312866211,0.0860994309186935,-0.7890048190094184,-0.7652621757783765,-0.7139403360619154,-0.5103035284508392,-0.7291802247470828
Y4rb2_HaBdQ_002708_ood,ood,anomaly,0.1174742132425308,0.2112910449504852,0.120656169950962,0.0788699239492416,0.0590797401964664,-1.0656041425875495,-1.0745827303582265,-1.0418158137019249,-0.9240617386823298,-1.058410245981742
6E2N9ld0eHg_003898_ood,ood,anomaly,0.4746777713298797,0.5759432911872864,0.4797994792461395,0.4384757876396179,0.4044925272464752,2.1509134779604775,2.804650448801154,3.8421961030122938,4.36531696036085,3.173564210768757
ujVRDgGVzlQ_003547_ood,ood,anomaly,0.1321609318256378,0.2062963098287582,0.1148125603795051,0.0932354778051376,0.114299401640892,-1.1096616074593608,-1.1377016122890535,-0.8467090501403447,-0.0784714421938742,-0.8844091295595117
nvVk7L3GrJQ_003279_ood,ood,anomaly,0.1654430776834488,0.2536496222019195,0.1515044718980789,0.1204762756824493,0.1361419409513473,-0.6919684073997129,-0.7413793729886237,-0.4767362691399047,0.256007958955246,-0.4900984124706914
f482qwPz7ns_000644_ood,ood,anomaly,0.4836009442806244,0.5230987668037415,0.4557698667049408,0.4549166858196258,0.5006185173988342,1.6847834991017376,2.5450981535485964,4.065489299092601,5.837314476951657,3.27928163475781
yhtzAKqRyXw_005208_ood,ood,anomaly,0.3759772777557373,0.5085064768791199,0.403866559267044,0.3167860209941864,0.2747500836849212,1.5560681047744782,1.984472277721087,2.189458118321958,2.378543618246739,2.004208648044224
jFFhYwgepmY_004462_ood,ood,anomaly,0.2521141767501831,0.3705583214759826,0.2414090186357498,0.1824782043695449,0.2140111476182937,0.3392576308081493,0.2297112519390818,0.3653472148707148,1.4484355079559308,0.5367387202636318
Tsl84N96WM8_002262_ood,ood,anomaly,0.2410143166780471,0.3750019073486328,0.2427103817462921,0.1786021441221237,0.1677428632974624,0.3784535288323618,0.2437677325302337,0.3127042344586741,0.7399195331479497,0.4052329632932673
T89zSiaMNgM_005373_ood,ood,anomaly,0.186545580625534,0.311749517917633,0.189983919262886,0.1348530650138855,0.109595850110054,-0.1794819487252258,-0.3257493304125219,-0.2814769101899596,-0.1504979166320208,-0.2400861956199047
sdqIDbZJfy0_000291_ood,ood,anomaly,0.2512632012367248,0.3956800699234009,0.2771436274051666,0.1946380138397216,0.1375910639762878,0.5608510732563889,0.6156933276031124,0.5304965084552363,0.2781986847991723,0.5266567752360991
y1vGuUK0db4_000564_ood,ood,anomaly,0.3749767243862152,0.4798598885536194,0.3889993727207184,0.3312668800354004,0.2997806966304779,1.3033828215533747,1.8238865676755824,2.386130907235218,2.761842661889422,1.9923545771466495
bFGmOp9H3MA_002756_ood,ood,anomaly,0.2455878257751464,0.4002512991428375,0.2678243815898895,0.1808988749980926,0.133376732468605,0.6011728852940795,0.5150328763689995,0.3438974437478746,0.2136637395302918,0.4594176802100773
9Q0FCoNxL8I_004971_ood,ood,anomaly,0.293265700340271,0.3591932654380798,0.2424343377351761,0.2113708108663559,0.3600644171237945,0.2390089599671333,0.2407860840932046,0.7577541489157559,3.684979960307551,1.0242820068482272
Eq7_uD2yN5Y_004239_ood,ood,anomaly,0.2160333842039108,0.3652436733245849,0.2201590090990066,0.1458204835653305,0.1329103857278823,0.2923782831491124,0.000182426206077,-0.1325221563626696,0.2065224737485193,0.1092709949903035
P5MjgFmqouA_001697_ood,ood,anomaly,0.2622725069522857,0.4105231165885925,0.2841367721557617,0.1989334672689438,0.155496671795845,0.6917783378870356,0.6912287432465551,0.5888355063812414,0.5523910255143263,0.657089688122756
JV0D-YkWHD8_004103_ood,ood,anomaly,0.154211938381195,0.2832942306995392,0.1651754379272461,0.1020188629627227,0.0663592293858528,-0.4304798067647927,-0.5937144614089434,-0.7274168969521196,-0.8125893887815111,-0.6231595020685781
u33fdjUY_Iw_001746_ood,ood,anomaly,0.4514089226722717,0.5539268851280212,0.461158812046051,0.4119347929954529,0.3786152005195617,1.956711580778746,2.6033060472413325,3.4817277480380824,3.9690520103962146,2.897886180896193
e3hXj7S3QyA_000706_ood,ood,anomaly,0.1174927279353141,0.2068010121583938,0.1260925084352493,0.0823146477341651,0.054762739688158,-1.1052097387182307,-1.015862926659877,-0.995031059296916,-0.9901688759641326,-1.0581908928841606
h4OXsRSWLLc_000022_ood,ood,anomaly,0.7003794312477112,0.6724778413772583,0.6530809998512268,0.670729398727417,0.8052294850349426,3.002423608179404,4.676325088614555,6.9965645902552795,10.501886328705638,5.847567976948711
Eq7_uD2yN5Y_003939_ood,ood,anomaly,0.2751292884349823,0.4514156877994537,0.2982665300369262,0.2005225718021392,0.1503124237060547,1.0524827547846485,0.8438492269572844,0.6104180395395812,0.4730035435079867,0.8094105975843849
T7TkJVmGyts_003933_ood,ood,anomaly,0.2028545439243316,0.3381179869174957,0.2006906121969223,0.1488933116197586,0.1237162873148918,0.053108542736755,-0.2101025749424134,-0.0907883295506508,0.0657313098836509,-0.0468655108480156
PEwiwzyTjX0_004681_ood,ood,anomaly,0.1936453431844711,0.3122952580451965,0.2099764943122863,0.1473324745893478,0.1049771532416343,-0.1746680945541257,-0.1098024967636596,-0.1119869456642599,-0.221224993767181,-0.1559716533143993
L334aqEJxys_001874_ood,ood,anomaly,0.2294000089168548,0.3884495794773102,0.2436552345752716,0.1606887280941009,0.1248065009713172,0.4970725002047587,0.2539734202006881,0.069411935350749,0.0824259810362495,0.2676322796903745
jFFhYwgepmY_005142_ood,ood,anomaly,0.2265663892030716,0.3692314326763153,0.23245170712471,0.159773901104927,0.1448085308074951,0.32755343523913,0.1329601804019728,0.0569871493058137,0.3887212732768,0.2340609280692275
fHUJcUaW2mE_001521_ood,ood,anomaly,0.567328691482544,0.589654266834259,0.5451198220252991,0.530289888381958,0.6042506098747253,2.2718549920153595,3.51019844155164,5.0891756643191215,7.424254518056419,4.271247362582782
3Sqeb-l1RPA_000983_ood,ood,anomaly,0.413424015045166,0.517424464225769,0.3946282267570495,0.3225490748882293,0.4190942049026489,1.6347317184950798,1.8846857995511077,2.267729433495524,4.588915523183245,2.447859423938109
ujVRDgGVzlQ_005768_ood,ood,anomaly,0.2443037331104278,0.3548434376716614,0.2382638454437255,0.1897220611572265,0.1943856030702591,0.2006400816689092,0.1957391302680766,0.463730156992231,1.147905414162767,0.4442043733038204
QERvirE3S5s_004710_ood,ood,anomaly,0.3543180823326111,0.4541583657264709,0.3519868850708008,0.3139925003051758,0.2971345484256744,1.076675316247742,1.4241016728474858,2.151517723816982,2.7213216375563745,1.74760100876079
OWtbKblBOKI_000176_ood,ood,anomaly,0.3604092299938202,0.4897260665893554,0.3483074009418487,0.289337694644928,0.3142657876014709,1.3904102177285258,1.3843582708522395,1.8166667750221055,2.9836559082663734,1.8197659710936371
gXezhrOijmQ_004127_ood,ood,anomaly,0.249083936214447,0.4052776098251343,0.2555691003799438,0.1794895678758621,0.1559994965791702,0.6455088712719569,0.3826592743580087,0.3247568415656744,0.5600908872391507,0.5008379005357687
r6_ZhT7rmhM_003846_ood,ood,anomaly,0.1759227812290191,0.3073500692844391,0.1773991882801056,0.1189180612564086,0.1000238433480262,-0.2182885218243936,-0.4616814352734054,-0.497899266170819,-0.2970760705752241,-0.3659399691543846
J-j5eIHg8I0_005010_ood,ood,anomaly,0.3991825580596924,0.4606588780879974,0.3025704622268677,0.2500055432319641,0.5834953188896179,1.1340149124499332,0.8903375120511624,1.2824744394479504,7.106424379321063,2.2791335509032793
IOoVklIZLMw_003545_ood,ood,anomaly,0.572348415851593,0.6301099061965942,0.5311957597732544,0.487042099237442,0.641045868396759,2.6287053287468245,3.3597997486654583,4.50180282399407,7.987708055241348,4.330718621557613
y1vGuUK0db4_005626_ood,ood,anomaly,0.1732842922210693,0.2554334104061126,0.1774132847785949,0.1419336348772049,0.1183568611741066,-0.6762340022251265,-0.4615291740360822,-0.1853116607285255,-0.0163387104831984,-0.3971995068416605
y1vGuUK0db4_002278_ood,ood,anomaly,0.3430356383323669,0.4920903742313385,0.366666316986084,0.2949954569339752,0.2183903604745865,1.411265257754514,1.5826593790977643,1.8935080649779197,1.5154953160147957,1.6139320859918975
uO2zGO5ydBc_004544_ood,ood,anomaly,0.4301623106002807,0.4789099097251892,0.3448146879673004,0.348168283700943,0.5487563014030457,1.295003266313205,1.3466322497751986,2.615678490426967,6.574458493841089,2.6461666289896995
Q7VBPeGwJWw_002331_ood,ood,anomaly,0.2341069877147674,0.3707951307296753,0.2386481314897537,0.1708823293447494,0.1561023890972137,0.3413464733837047,0.1998899389883229,0.2078570359714276,0.5616665020213312,0.3233982808687871
RASKiMoxhOE_001671_ood,ood,anomaly,0.482299268245697,0.5454736351966858,0.4476344883441925,0.3864130079746246,0.5496758818626404,1.882147314040677,2.4572250710067975,3.1351018590763067,6.588540222941443,3.2638600086119984
2SAby_5t94M_002446_ood,ood,anomaly,0.3488487601280212,0.4677983522415161,0.3505695760250091,0.3104373812675476,0.2665896415710449,1.1969906507135268,1.40879281943644,2.10323362864977,2.2535810508196596,1.682803132755583
t4Cvbdtebk0_000195_ood,ood,anomaly,0.3830288052558899,0.5207129716873169,0.4170452654361725,0.3364142179489136,0.257942795753479,1.6637389227685546,2.1268201174455847,2.456039833221472,2.121170081115976,2.087751724774781
vdLn-qswnRo_001232_ood,ood,anomaly,0.2457333654165268,0.3661768436431885,0.2354391366243362,0.1718712449073791,0.2094462662935257,0.3006095742044584,0.1652284569796231,0.2212880611025033,1.3785325195660072,0.4611419632717142
UKBuDqU8qTM_003310_ood,ood,anomaly,0.0868487507104873,0.1617434173822403,0.0865669399499893,0.0569109506905078,0.0421736761927604,-1.5026529165202824,-1.442792491334398,-1.3400531282269348,-1.1829478545947572,-1.4212458679328654
RASKiMoxhOE_001897_ood,ood,anomaly,0.3762864172458648,0.4704429805278778,0.34802907705307,0.3274492621421814,0.3592243790626526,1.220318337765146,1.3813519966548395,2.334281665700056,3.672116280694131,2.0078711827423597
4wKjxDXnmYs_001351_ood,ood,anomaly,0.2471123188734054,0.4016194939613342,0.2557891309261322,0.1700829118490219,0.160957783460617,0.6132414322109114,0.3850359016627961,0.1969996919462352,0.6360181777093583,0.4774791348211954
UKBuDqU8qTM_000701_ood,ood,anomaly,0.2099289298057556,0.3423360884189605,0.2112977504730224,0.1421642005443573,0.1439176946878433,0.0903154924943357,-0.0955311443418226,-0.1821802171686199,0.3750797123031402,0.036948380893963
5vKPYV5w6pw_000874_ood,ood,anomaly,0.2588982582092285,0.4172333180904388,0.2792046964168548,0.1977351307868957,0.141419842839241,0.7509675560828847,0.6379556587888694,0.5725602165444897,0.3368295812810661,0.6171132260522169
OWtbKblBOKI_005256_ood,ood,anomaly,0.226373940706253,0.3471387922763824,0.2116268277168274,0.1530775427818298,0.1936526000499725,0.1326790916304828,-0.0919766653089822,-0.0339599045407679,1.1366807846551257,0.2317808916464739
CyeT8rEQOpQ_000660_ood,ood,anomaly,0.2008494287729263,0.3179331123828888,0.2037219554185867,0.1454285234212875,0.136314108967781,-0.1249378158943467,-0.1773599708104357,-0.1378455901763942,0.258644404023069,-0.0706211423681127
UOjQsfDXjO0_000761_ood,ood,anomaly,0.1034020483493805,0.1731238663196563,0.107496827840805,0.0720193684101104,0.0609681494534015,-1.4022684682830584,-1.2167214120722551,-1.1348571077060656,-0.8951441303215762,-1.225130428439808
Eq7_uD2yN5Y_001004_ood,ood,anomaly,0.2692301273345947,0.3868351578712463,0.2769503593444824,0.2234114557504654,0.1897236108779907,0.4828320407081076,0.6136057713154864,0.9212850004303126,1.076515346622158,0.7395201988807093
QERvirE3S5s_001573_ood,ood,anomaly,0.3403097987174988,0.4728101789951324,0.3264389336109161,0.2444764226675033,0.3175136744976043,1.2411988771278848,1.148149264998832,1.2073803059745676,3.0333914838136167,1.5816376606925295
nADqn-DZ-Dc_000430_ood,ood,anomaly,0.2220323830842971,0.3523925840854645,0.2224126458168029,0.164378747344017,0.1489455252885818,0.1790216388189333,0.0245247489033987,0.1195281870840975,0.4520719403821006,0.1803442232745007
YBEYOS3A3Ic_005749_ood,ood,anomaly,0.3979480862617492,0.5144355893135071,0.3928792178630829,0.3119397759437561,0.3725377917289734,1.6083675073319283,1.8657941394351625,2.1236385058864995,3.8759873706159222,2.2645081279527135
t4Cvbdtebk0_002644_ood,ood,anomaly,0.1021682098507881,0.1715381890535354,0.1092739924788475,0.0735260024666786,0.0543346628546714,-1.4162553802508735,-1.197525631863366,-1.1143946530316828,-0.9967241066026264,-1.2397483483669145
bFGmOp9H3MA_000355_ood,ood,anomaly,0.2010635435581207,0.344604879617691,0.2163771986961364,0.1450944393873214,0.0981776565313339,0.1103280028884766,-0.0406662378575672,-0.142382975597004,-0.3253471178229708,-0.0680844142722136
W6YrlYyWguc_003326_ood,ood,anomaly,0.2709196805953979,0.4247817993164062,0.2961413264274597,0.2125375866889953,0.1502179652452469,0.8175510561771994,0.8208941554275071,0.7736007954732531,0.4715570812191749,0.7595372062177136
fHUJcUaW2mE_003831_ood,ood,anomaly,0.2097817957401275,0.3640376627445221,0.2212660610675811,0.1495679169893264,0.1042555719614029,0.2817403278879777,0.0121400838218514,-0.0816261300519092,-0.232274719765691,0.035205207867384
WWyeuvpHmfc_001537_ood,ood,anomaly,0.3056226968765259,0.4489534199237823,0.3345387279987335,0.2549605667591095,0.1840380579233169,1.0307636289864672,1.2356379925356316,1.3497714342906544,0.9894512777219536,1.1706817067381068
kjVywUi1WK4_003060_ood,ood,anomaly,0.1835318505764007,0.2956050336360931,0.1716811954975128,0.1245954036712646,0.1422457545995712,-0.3218889096095739,-0.5234434860936173,-0.4207920473817003,0.3494769418773237,-0.2757914071126602
EY8x-fyQkbk_005676_ood,ood,anomaly,0.5558639764785767,0.6324731111526489,0.5140361785888672,0.4845906496047973,0.5923560857772827,2.64955064222168,3.174453077996331,4.468508291207001,7.242111167390133,4.135418981391659
O9uvBFovKj8_002250_ood,ood,anomaly,0.2040051221847534,0.3483039438724518,0.2202896773815155,0.142729252576828,0.1046976223587989,0.1429566387402107,0.0015938202759459,-0.1745059238970101,-0.2255055090023631,-0.033234017828546
HzVbo46kkBA_004563_ood,ood,anomaly,0.1755316853523254,0.3073000907897949,0.1876273602247238,0.1250457465648651,0.0821535512804985,-0.2187293711824612,-0.3512033532855286,-0.4146756842157031,-0.5707276137474703,-0.3705734833589196
krPRThe7R4g_002937_ood,ood,anomaly,0.2110199779272079,0.3095961809158325,0.2018155753612518,0.1567948013544082,0.1758733391761779,-0.1984760629278611,-0.1979514522026817,0.0165262999378462,0.8644232213097194,0.0498745897083295
fHUJcUaW2mE_001204_ood,ood,anomaly,0.2591823935508728,0.4092536568641662,0.2826281785964966,0.1979701220989227,0.1468775868415832,0.6805807116161651,0.6749338937045924,0.575751767306444,0.4204051637525974,0.6204795237300375
0z7J7rOpTic_006272_ood,ood,anomaly,0.3922427296638489,0.5349076390266418,0.4377046823501587,0.3483454883098602,0.2480131238698959,1.788946975333537,2.349969744573827,2.618085207082715,1.9691149258969871,2.196913830969079
bFGmOp9H3MA_001738_ood,ood,anomaly,0.378740131855011,0.5191477537155151,0.4050272405147552,0.3218000531196594,0.2689855098724365,1.6499324777562032,1.9970092040399583,2.257556542525305,2.290269486321206,2.036941602997028
t4Cvbdtebk0_000445_ood,ood,anomaly,0.364575058221817,0.4593868255615234,0.3792582750320434,0.3438241183757782,0.275831013917923,1.1227944156399143,1.7186695460094958,2.5566779085161295,2.395096130382787,1.8691206828621625
bI9JzQSrEGo_004051_ood,ood,anomaly,0.2045957148075103,0.3158682882785797,0.1929724067449569,0.1466023325920105,0.1629398614168167,-0.1431511772088126,-0.2934696261944388,-0.1219034197153041,0.6663701545742098,-0.0262369629637081
LfKfK4I5RPE_002737_ood,ood,anomaly,0.1859010457992553,0.3252981007099151,0.2009911835193634,0.1302613466978073,0.0870535522699356,-0.0599728664843631,-0.2068559983905473,-0.343839650173615,-0.4956928674076752,-0.2477223315416825
xVfPBzDnI2Q_004775_ood,ood,anomaly,0.1349768042564392,0.2540854513645172,0.1440954506397247,0.0863424316048622,0.0553838498890399,-0.6881240537846967,-0.821406817038493,-0.9403274339984934,-0.9806576847474984,-0.8510480391369312
PEwiwzyTjX0_004472_ood,ood,anomaly,0.2045375108718872,0.3270866572856903,0.2093933224678039,0.1458629071712494,0.1358071863651275,-0.044196400548124,-0.1161015409327056,-0.1319459772238438,0.2508817915284981,-0.0269265349549787
UbDCiQVuzPY_000814_ood,ood,anomaly,0.1607062220573425,0.2906993627548218,0.1697316169738769,0.1087587550282478,0.0736351311206817,-0.3651607583176487,-0.544501569311448,-0.635878586570911,-0.7011719743272993,-0.546218379814619
VxWJchENocA_000308_ood,ood,anomaly,0.0909832864999771,0.1683313101530075,0.0945115461945533,0.0587922073900699,0.0422980673611164,-1.4445425568608137,-1.356980005505963,-1.3145027102088047,-1.1810430264560234,-1.3722618937940556
d2SCftR5sWc_000191_ood,ood,anomaly,0.3196863532066345,0.3931276500225067,0.2951112985610962,0.265411913394928,0.3250945806503296,0.5383367361832201,0.8097684622258218,1.4917171216918983,3.149479495106218,1.337301083869236
DpQBo4gb6Lw_003924_ood,ood,anomaly,0.1197461783885955,0.2241870015859604,0.1245678514242172,0.0789524614810943,0.0512774027884006,-0.951851732778198,-1.032331283193209,-1.0406948245027834,-1.0435405733874157,-1.0314931051888103
PfJ2CudpCgE_004074_ood,ood,anomaly,0.7617529630661011,0.7637112736701965,0.7274823784828186,0.785621166229248,0.7701971530914307,3.8071737381504818,5.479960543022131,8.556975079263442,9.965428857219516,6.57469180619253
HaC3LrJiTmQ_005125_ood,ood,anomaly,0.1628241240978241,0.2803561687469482,0.1633657366037368,0.1133375987410545,0.0942370444536209,-0.4563958079365879,-0.6132616817993307,-0.573690703902305,-0.3856905398574009,-0.5211265039519879
TlBhM9Xbr2o_002234_ood,ood,anomaly,0.0969502925872802,0.1651518642902374,0.0912405997514724,0.0641258284449577,0.0672828778624534,-1.4725877526513735,-1.3923106482907464,-1.2420637668501429,-0.7984453652806452,-1.3015677006008108
K1r3m5OrmB4_003389_ood,ood,anomaly,0.2151792645454406,0.2940391898155212,0.2043337821960449,0.1720006167888641,0.1903434544801712,-0.335700875096892,-0.1707514146335941,0.2230451342613675,1.0860071421463264,0.0991517996580709
ujVRDgGVzlQ_003313_ood,ood,anomaly,0.1874624192714691,0.3189777731895447,0.1969149112701416,0.1292062401771545,0.1047507598996162,-0.1157230916556195,-0.2508852484063715,-0.3581696523804424,-0.224691802657213,-0.2292239361526847
d2SCftR5sWc_003574_ood,ood,anomaly,0.1714807748794555,0.3138352632522583,0.1741400361061096,0.1173601970076561,0.0805875957012176,-0.1610840458190101,-0.4968846840102585,-0.5190575072446668,-0.5947074210830251,-0.4185667053177456
gZbGLa253Ak_001583_ood,ood,anomaly,0.2203884869813919,0.3326466083526611,0.2208181321620941,0.1636443138122558,0.1644448786973953,0.0048467104181603,0.0073018461960974,0.1095534272613694,0.6894168009174783,0.1608681397934251
t4Cvbdtebk0_001663_ood,ood,anomaly,0.4172586798667907,0.4961935579776764,0.4014443755149841,0.3613533079624176,0.4100435078144073,1.4474585431562756,1.9583094192358437,2.7947518096280506,4.4503202939825774,2.493290672333868
ieP36TLihGM_001404_ood,ood,anomaly,0.2581977248191833,0.3837515115737915,0.2569358646869659,0.1824713349342346,0.2096321880817413,0.4556318719071182,0.3974221762711645,0.3652539171597922,1.3813795790355607,0.6088136463149757
UKBuDqU8qTM_000080_ood,ood,anomaly,0.299783855676651,0.4195415079593658,0.2911619246006012,0.2231505513191223,0.265281468629837,0.7713275935201773,0.7671098852512792,0.9177415088455914,2.233548723270396,1.1015059489511407
9Q0FCoNxL8I_001552_ood,ood,anomaly,0.391084223985672,0.4678106307983398,0.3569785952568054,0.3211477100849151,0.4183999598026275,1.1970989571747808,1.4780188899391784,2.2486967004671676,4.578284401865097,2.183188417750082
5vKPYV5w6pw_003173_ood,ood,anomaly,0.4065606594085693,0.5039095282554626,0.4021130204200744,0.3467878699302673,0.3734321594238281,1.515519427503626,1.9655316879897649,2.5969303052978687,3.889683011343873,2.3665457161542425
GR4c34BIcVw_001288_ood,ood,anomaly,0.3817684650421142,0.4985615313053131,0.3920539021492004,0.3251376748085022,0.3113206923007965,1.4683459173927835,1.8568796141810024,2.3028866824026326,2.938557044141856,2.0728198253836503
fTmYppzzloc_000301_ood,ood,anomaly,0.1768735647201538,0.2971722185611725,0.1783119142055511,0.1214740797877311,0.1105360463261604,-0.3080651145330405,-0.4518227615856907,-0.4631845236518538,-0.1361004941136871,-0.3546755476297867
V3--0ubJkNE_005741_ood,ood,anomaly,0.4094577431678772,0.494597852230072,0.411532998085022,0.3687662482261657,0.3629339039325714,1.4333831721491104,2.0672801793552855,2.89543117067765,3.728921015684093,2.4008689589968006
Hfs4AlBmg70_005511_ood,ood,anomaly,0.1265129745006561,0.2107471674680709,0.1307299882173538,0.0915841832756996,0.0729905217885971,-1.0704015667736295,-0.9657718767285116,-0.8691362210352114,-0.7110430126853523,-0.9513233878052106
WWyeuvpHmfc_002770_ood,ood,anomaly,0.2043004631996154,0.3258680701255798,0.213307648897171,0.1576662808656692,0.1203598156571388,-0.0549452910681175,-0.073821524666605,0.0283623592125517,0.0143329530304331,-0.0297349607709421
kjVywUi1WK4_000381_ood,ood,anomaly,0.2750714421272278,0.4024792313575744,0.2793613076210022,0.2167090326547622,0.2017361968755722,0.6208249875368124,0.6396472714783803,0.8302555774549971,1.2604666040109958,0.8087252625945958
xjbbH74SwTg_002787_ood,ood,anomaly,0.0540027469396591,0.090395838022232,0.0489600412547588,0.0389353930950164,0.0377197153866291,-2.1319942919354955,-1.848997828892061,-1.5841894073326426,-1.2511522937399508,-1.8103893851720871
kVhgFPPG-wo_000427_ood,ood,anomaly,0.3576678931713104,0.4307354986667633,0.3508163392543793,0.3291350901126861,0.3199846148490906,0.8700673345369193,1.4114581958530237,2.3571778549139344,3.07122951341692,1.7872879423966943
3tEZvtQZ18Q_004640_ood,ood,anomaly,0.2525219321250915,0.3577559888362884,0.2688001990318298,0.2127802222967147,0.1707513630390167,0.2263310577658639,0.5255730237129832,0.776896167766017,0.7859893228189101,0.541569608120558
Nc9SDBksPPA_003206_ood,ood,anomaly,0.1023864150047302,0.1691783219575882,0.1048352718353271,0.078366070985794,0.0571660213172435,-1.437071251192572,-1.2454698144437295,-1.0486589275835954,-0.9533669186155002,-1.2371631595665598
Nc9SDBksPPA_003735_ood,ood,anomaly,0.4213144481182098,0.4989486336708069,0.375834196805954,0.3294029831886291,0.4810720086097717,1.4717604625996654,1.6816848729864875,2.3608162632587923,5.537994674368439,2.5413414468961637
Eq7_uD2yN5Y_001392_ood,ood,anomaly,0.2132603973150253,0.357048898935318,0.2248999774456024,0.1478815376758575,0.1232111752033233,0.2200939725723562,0.0513912925150497,-0.1045298073684004,0.0579964218200762,0.0764179916621626
5vKPYV5w6pw_003098_ood,ood,anomaly,0.1850191205739975,0.2583196759223938,0.1827701479196548,0.1625388264656067,0.1364478319883346,-0.6507748860767789,-0.4036678114680379,0.0945391743807216,0.260692132778361,-0.2581709537391753
uFwnmh0GpBo_005240_ood,ood,anomaly,0.0497688241302967,0.096483826637268,0.0502645671367645,0.0315998382866382,0.0207270681858062,-2.078293477375744,-1.8349071860941204,-1.6838177524662932,-1.5113642763709685,-1.860550848504133
xjbbH74SwTg_001279_ood,ood,anomaly,0.2869313359260559,0.3727978765964508,0.2451839745044708,0.2001579403877258,0.3295855522155761,0.3590122561574104,0.2704858777689318,0.6054657727580341,3.218250687794532,0.9492355304238452
Q7VBPeGwJWw_002595_ood,ood,anomaly,0.1641892492771148,0.2668913304805755,0.1721215397119522,0.1211159750819206,0.0966280996799469,-0.5751661980509329,-0.5186871733830823,-0.4680481474889663,-0.3490758079872297,-0.5049531631264955
3Sqeb-l1RPA_001528_ood,ood,anomaly,0.2684695720672607,0.3688205182552337,0.2725551426410675,0.2168931066989898,0.2156095057725906,0.3239288491037468,0.5661314900906917,0.8327555918216689,1.4729115027417172,0.7305095090613273
TNZv-NBcV5U_002660_ood,ood,anomaly,0.1897494792938232,0.3136778473854065,0.2005704790353775,0.140792578458786,0.1039570197463035,-0.1624725767130551,-0.211400175465994,-0.2008089974182281,-0.2368465126648064,-0.202127958588847
ieP36TLihGM_004687_ood,ood,anomaly,0.7011205554008484,0.7068131566047668,0.6938354969024658,0.7226890325546265,0.6811445951461792,3.3052879058111633,5.116528742892244,7.702257951859354,8.6017482965959,5.856348456354212
bFGmOp9H3MA_003916_ood,ood,anomaly,0.0753479599952697,0.1429448723793029,0.0788216739892959,0.048117458820343,0.0315078198909759,-1.6684707659003937,-1.526451832657227,-1.459482546431285,-1.3462763567371707,-1.5575016566485322
Hkui6PJboFg_004420_ood,ood,anomaly,0.2288666069507599,0.3888450264930725,0.2417632192373275,0.1647122651338577,0.1201459020376205,0.5005606517445319,0.2335370971940442,0.1240578820209427,0.0110572487573557,0.2613127919792745
bI9JzQSrEGo_002469_ood,ood,anomaly,0.2981485426425934,0.4255489706993103,0.302311897277832,0.2461984753608703,0.2185348272323608,0.8243181069675264,0.887544661110307,1.230768483768175,1.5177075658791317,1.0821315535056433
0z7J7rOpTic_000072_ood,ood,anomaly,0.2313043624162674,0.3443198800086975,0.2275773733854293,0.168648213148117,0.1846719533205032,0.1078140837404742,0.0803107875876609,0.1775142322815755,0.9991582513401984,0.2901941360427873
sUbP4j8rAic_004739_ood,ood,anomaly,0.2607916891574859,0.3532638251781463,0.2491624653339386,0.2000447958707809,0.2406956851482391,0.1867066657323197,0.3134589562844169,0.6039290926733467,1.8570614468221625,0.6395456773176846
bhA2ckvE-TQ_000612_ood,ood,anomaly,0.1949250698089599,0.3163126409053802,0.2013820260763168,0.1463184207677841,0.1156872138381004,-0.139231639982344,-0.2026343704901511,-0.1257593877982155,-0.0572195819576645,-0.1408100731345742
UOjQsfDXjO0_001718_ood,ood,anomaly,0.1456746906042099,0.2358515858650207,0.1361035853624344,0.0980992466211319,0.1126443445682525,-0.8489609889060202,-0.9077297642984008,-0.7806514374705131,-0.1038156794483355,-0.7243046718328615
TNZv-NBcV5U_000156_ood,ood,anomaly,0.4353228807449341,0.5534770488739014,0.4175719916820526,0.3436438739299774,0.4265985786914825,1.9527436736763768,2.1325094728546055,2.554229906105439,4.703831578281597,2.7073065603817095
jFFhYwgepmY_000889_ood,ood,anomaly,0.1823618859052658,0.3083914816379547,0.1775208413600921,0.1161779314279556,0.1273572891950607,-0.209102451479542,-0.460367417576245,-0.5351145290093339,0.1214867379111411,-0.2896525809208243
bFGmOp9H3MA_004273_ood,ood,anomaly,0.2671863436698913,0.4055797159671783,0.2727360129356384,0.2008848339319229,0.1895448416471481,0.6481736834023868,0.56808513374676,0.6153381277180134,1.0737778157688886,0.7153064415753193
ieP36TLihGM_000611_ood,ood,anomaly,0.3620465993881225,0.474057137966156,0.3685524761676788,0.2892816662788391,0.3162950277328491,1.2521980291797092,1.6030324477003175,1.8159058218917985,3.014730089444853,1.839164729297658
Nc9SDBksPPA_001462_ood,ood,anomaly,0.2949828803539276,0.4150221347808838,0.2969741225242615,0.2421594262123108,0.2257758229970932,0.7314631922654554,0.8298894789281117,1.175911858319086,1.6285904578674129,1.0446263225497527
1u69z-wsDIc_001251_ood,ood,anomaly,0.1922138035297393,0.3294058442115783,0.2007156163454055,0.1362413913011551,0.102492406964302,-0.0237393604792713,-0.2098324963417484,-0.2626212606693209,-0.2592744364183748,-0.1729318406235329
mrIFkGZbNjc_002100_ood,ood,anomaly,0.1901894807815551,0.3132300674915313,0.1999454200267791,0.1403917968273162,0.1071906089782714,-0.1664223451119622,-0.2181516576245954,-0.2062522408737466,-0.1873298802578245,-0.1969150344315846
IFhWIS-Gwps_000227_ood,ood,anomaly,0.3007837831974029,0.3751288950443268,0.2834757566452026,0.2386253625154495,0.305905133485794,0.3795736594911132,0.6840888822659,1.127913727719194,2.8556274523217864,1.1133526050961198
90gyBengKDs_000372_ood,ood,anomaly,0.3044993877410888,0.4102860987186432,0.3038349747657776,0.2804609537124634,0.2234154343605041,0.6896876551531589,0.9039959566593304,1.6961067039186206,1.5924453299395622,1.1573732850816751
OWtbKblBOKI_002688_ood,ood,anomaly,0.2028519511222839,0.3175957500934601,0.2023364603519439,0.1572441756725311,0.1342314332723617,-0.1279136147812435,-0.1923251902450683,0.0226295083289842,0.2267519528070955,-0.0468962291087632
nHvTqyRntbY_001604_ood,ood,anomaly,0.1509300768375396,0.2629541754722595,0.1607963591814041,0.1070537939667701,0.0729159787297248,-0.609894980307915,-0.6410144308789577,-0.6590346331835449,-0.7121845062331972,-0.662041405422814
xToi8YVZM8o_003642_ood,ood,anomaly,0.3207173347473144,0.4748717844486236,0.3498465120792389,0.2628935575485229,0.1952574700117111,1.2593838474282355,1.400982751487268,1.4575138975337978,1.1612564961186542,1.3495156529762762
hdOtS-BpUPY_001551_ood,ood,anomaly,0.3236650228500366,0.3859637081623077,0.3090174496173858,0.289043128490448,0.3106357753276825,0.4751451736363985,0.9599736899880456,1.8126661044157455,2.928068766394113,1.3844384315286031
Z9K13eBUwJM_005905_ood,ood,anomaly,0.2190405279397964,0.3685525953769684,0.2304478287696838,0.1561972796916961,0.1209643930196762,0.3215655600584114,0.111315585610349,0.0084110181367312,0.0235909734142182,0.1448981750390899
DpQBo4gb6Lw_002972_ood,ood,anomaly,0.0782833397388458,0.1466691792011261,0.0773022323846817,0.0539341382682323,0.0352278091013431,-1.635619470891663,-1.542863855751802,-1.3804829120881192,-1.2893113790997388,-1.5227247015638934
hfwb3mZZ0fs_003109_ood,ood,anomaly,0.0334936082363128,0.0676228627562522,0.0338458828628063,0.0199645925313234,0.01254110224545,-2.332869720432817,-2.0122511686916997,-1.841842647665956,-1.6367176955243372,-2.053371710396547
X8VgGb1fJDU_000052_ood,ood,anomaly,0.1797547340393066,0.2804543673992157,0.1867703944444656,0.1354879140853881,0.1163062378764152,-0.4555296191263113,-0.360459742036598,-0.2728546636038936,-0.0477403365874463,-0.3205408513531996
ieP36TLihGM_001324_ood,ood,anomaly,0.2416087687015533,0.3980732262134552,0.2519605457782745,0.1829114705324173,0.1334898471832275,0.5819605808903727,0.3436820071298487,0.3712316492368901,0.2153958889599131,0.4122757424657712
pQdl0apLT70_003935_ood,ood,anomaly,0.3489655256271362,0.4666039049625397,0.3517182767391205,0.2788168489933014,0.2987231314182281,1.1864546927993982,1.4212003397988546,1.673777181929438,2.745647943233238,1.6841865137396088
2TmFM9p1KF8_002228_ood,ood,anomaly,0.2118436396121978,0.2652393877506256,0.1791859269142151,0.1580791175365448,0.2448700815439224,-0.5897376231658341,-0.4423822429662287,0.0339693290197769,1.9209848573167856,0.0596329337476376
u33fdjUY_Iw_001511_ood,ood,anomaly,0.2293136864900589,0.3521248400211334,0.2259224206209182,0.1646743416786193,0.1745331287384033,0.1766599270521594,0.0624350608015146,0.1235428219899228,0.8439002968333479,0.2666095734575445
8dI7OolIEXY_004224_ood,ood,anomaly,0.3169922828674316,0.3804428279399872,0.2696458101272583,0.2528599798679352,0.3650204241275787,0.4264466980359023,0.5347067665202466,1.321242168100984,3.760872338531318,1.3053830455348925
fdvMUP8qvzw_000713_ood,ood,anomaly,0.4161818623542785,0.4951781630516052,0.3937541842460632,0.3671197295188904,0.408675342798233,1.4385019668421892,1.8752449590262816,2.873068862941897,4.429369295164225,2.4805330608701577
4wKjxDXnmYs_004962_ood,ood,anomaly,0.0839200317859649,0.1578154563903808,0.0852112397551536,0.0547483414411544,0.0379050970077514,-1.5373006003712046,-1.45743588588105,-1.3694247553651746,-1.2483135059627737,-1.4559439088648929
pOJpwWmEcFg_001728_ood,ood,anomaly,0.2433652132749557,0.3653382360935211,0.2404650896787643,0.1810462027788162,0.1866113543510437,0.2932124006286292,0.2195155433349215,0.3458983861945102,1.0288567074612165,0.4330852456217261
O9uvBFovKj8_001467_ood,ood,anomaly,0.0467670783400535,0.0726539492607116,0.0469973869621753,0.0385367088019847,0.0288802776485681,-2.2884916079733473,-1.8701971480884876,-1.589604165641061,-1.3865124640524908,-1.8961140763117943
p-fBcE77G4c_004988_ood,ood,anomaly,0.2729318141937256,0.4061436057090759,0.2813082933425903,0.2176556289196014,0.1866197884082794,0.6531476313475263,0.660677348929514,0.843111840115309,1.0289858599545851,0.7833759888919052
jv7vz_55H8M_000486_ood,ood,anomaly,0.2784170508384704,0.3871757984161377,0.2526059746742248,0.2089272290468216,0.2649592757225036,0.4858367563686408,0.350653511604963,0.7245664733767735,2.228614915475998,0.8483624114630807
gDjeTHGWX9c_004930_ood,ood,anomaly,0.3052046000957489,0.4412672221660614,0.3109102845191955,0.2466325014829635,0.2220084220170974,0.962965361519684,0.9804188653922076,1.2366632395730848,1.5708994538240126,1.165728298921645
Hd2IzHAfkCI_005643_ood,ood,anomaly,0.2403585910797119,0.3879853785037994,0.2394781708717346,0.1597424894571304,0.1742283105850219,0.4929778850579115,0.2088554862427277,0.056560529838078,0.8392325523026747,0.397464244533435
eA-kbOZ1_sc_003253_ood,ood,anomaly,0.3705329895019531,0.4794584810733795,0.3383551836013794,0.2761516273021698,0.3881666362285614,1.299842094061536,1.2768608715852996,1.6375792891404048,4.11531515547529,1.9397073621427905
Rrcjy5t8b20_004499_ood,ood,anomaly,0.05489943921566,0.097649797797203,0.057678859680891,0.035777423530817,0.0284916702657938,-2.068008701072608,-1.7548228050329366,-1.6270795894500578,-1.3924632906860157,-1.7997658101217138
fWJbp43k644_004611_ood,ood,anomaly,0.1038329899311065,0.1916841864585876,0.1022357270121574,0.0677100494503974,0.0537020042538642,-1.238551948267118,-1.2735484122283922,-1.1933844212937057,-1.0064121408976383,-1.2200248416534352
W6YrlYyWguc_002776_ood,ood,anomaly,0.2237814664840698,0.3656109273433685,0.2255412489175796,0.167677566409111,0.1362961083650589,0.2956177504356168,0.0583178911918408,0.1643313264424569,0.2583687570054197,0.2010665148166088
P5MjgFmqouA_000823_ood,ood,anomaly,0.3064577877521515,0.3860341310501098,0.2831228673458099,0.271799236536026,0.2848748862743377,0.4757663585100501,0.6802772008469672,1.5784669928338413,2.5335868510287476,1.1805754582831258
ruiSuGHJf6Q_000075_ood,ood,anomaly,0.5003095865249634,0.55771803855896,0.4809986352920532,0.4634387195110321,0.4990829527378082,1.9901525150898889,2.8176029549453645,4.181231889261556,5.813800052143005,3.4772375217698137
PEwiwzyTjX0_002082_ood,ood,anomaly,0.2961004674434662,0.4228488504886627,0.3052782118320465,0.238429918885231,0.2178448587656021,0.800500937802179,0.9195848677373356,1.1252592965337922,1.507141933546138,1.0578669521824644
oZaUkhs_H-s_000295_ood,ood,anomaly,0.4433571100234985,0.5369842052459717,0.4731341004371643,0.4001351594924927,0.363175094127655,1.8072639112735716,2.732655348354521,3.321470209270757,3.732614411899063,2.8024922110191737
HaC3LrJiTmQ_003884_ood,ood,anomaly,0.5071827173233032,0.6164355874061584,0.5194492936134338,0.4495303332805633,0.4433157742023468,2.508087156797144,3.2329220369395317,3.9923341794334406,4.959825511216407,3.5586670409275336
hfwb3mZZ0fs_003306_ood,ood,anomaly,0.2144741266965866,0.324589729309082,0.2072124630212783,0.1435901820659637,0.1825041472911834,-0.0662212555075653,-0.1396577707303544,-0.162813150477693,0.965962181405817,0.0907976685267446
YBEYOS3A3Ic_001426_ood,ood,anomaly,0.4516237676143646,0.4470630884170532,0.3618399202823639,0.3817095160484314,0.6158825755119324,1.014089428668714,1.530527771061964,3.071221058073919,7.602377255766582,2.900431559536786
qYonJ4w6SZs_003336_ood,ood,anomaly,0.4409286379814148,0.533306360244751,0.4531034529209137,0.4061291515827179,0.3711756765842438,1.7748224458111903,2.5162972806027373,3.402878027533021,3.855129014752178,2.773720852452477
4wKjxDXnmYs_003089_ood,ood,anomaly,0.3261827230453491,0.4288016855716705,0.3072776794433594,0.2534604370594024,0.3151911795139313,0.8530095926488486,0.9411818205350404,1.329397318988979,2.99782662936746,1.414266921965176
dZG1VKsgs60_002494_ood,ood,anomaly,0.3774057328701019,0.4606389105319977,0.3812497556209564,0.3380962312221527,0.3296380341053009,1.133838783010515,1.7401802281695629,2.4788842128605215,3.219054354016522,2.02113229121557
bI9JzQSrEGo_000346_ood,ood,anomaly,0.1534479111433029,0.2817073166370392,0.1588116437196731,0.1001346409320831,0.0731380209326744,-0.4444776282426618,-0.6624520405213239,-0.7530075888194322,-0.7087843272514036,-0.6322113261106846
h55PiQMnlJY_000073_ood,ood,anomaly,0.4491466879844665,0.5962978005409241,0.5101909637451172,0.4038492739200592,0.2862487435340881,2.3304561481873582,3.1329195602700923,3.3719137113263677,2.5546250163708932,2.8710843218519297
IQwS7BEjUxM_003927_ood,ood,anomaly,0.287924587726593,0.3951985538005829,0.2793634831905365,0.2205301374197006,0.2566061615943908,0.5566037249687926,0.6396707705699758,0.8821521761796524,2.100701920947745,0.9610030958744856
RPNiqsdt6-w_002660_ood,ood,anomaly,0.2112996280193328,0.303933173418045,0.2110801786184311,0.1686906814575195,0.161494493484497,-0.2484282121053557,-0.0978812144540523,0.1780910185638567,0.6442369312538317,0.0531877483258904
t4Cvbdtebk0_004664_ood,ood,anomaly,0.5930857062339783,0.6390985250473022,0.6226892471313477,0.5717008709907532,0.53885418176651,2.7079919674994,4.348053079997338,5.651601789601498,6.422825251979415,4.576403977186158
ieP36TLihGM_002893_ood,ood,anomaly,0.2296634316444397,0.3362537324428558,0.2474375367164611,0.1914057433605194,0.1435567736625671,0.0366643622092864,0.2948273957028425,0.4865972033202697,0.3695528526884836,0.2707531843656695
88LcRU7uEFE_005267_ood,ood,anomaly,0.316152274608612,0.434721976518631,0.3074098825454712,0.2513335645198822,0.271143764257431,0.9052311827972424,0.9426097927311714,1.3005110524477503,2.3233192899159216,1.2954310352194895
hdOtS-BpUPY_001772_ood,ood,anomaly,0.4145862460136413,0.5532000660896301,0.4457927942276001,0.368573397397995,0.290778785943985,1.9503004691839017,2.4373322852078116,2.892811953812641,2.6239945091256645,2.461628972589214
sdqIDbZJfy0_001491_ood,ood,anomaly,0.2337689101696014,0.3572254776954651,0.2311066538095474,0.1744904816150665,0.1722530573606491,0.2216515351522912,0.1184317865467259,0.2568614056574602,0.8089850839925304,0.319392902134028
D_pyFV4nKd4_004800_ood,ood,anomaly,0.2373029589653015,0.3747510015964508,0.2495927810668945,0.1779312342405319,0.1469368636608123,0.3762403441301724,0.3181069478398571,0.3035922254855475,0.4213128821600576,0.3612625977003174
Hx8FMhmdOQU_003882_ood,ood,anomaly,0.4196799695491791,0.5409314036369324,0.4593610763549804,0.378710001707077,0.2997173070907593,1.842081284009784,2.583888071854721,3.0304829465281533,2.7608719645275976,2.5219769377874597
90gyBengKDs_004112_ood,ood,anomaly,0.1316623985767364,0.2385440468788147,0.1375249028205871,0.0838062539696693,0.0667744055390358,-0.8252113798390763,-0.8923776146158549,-0.974772706014,-0.8062317089754103,-0.890315509626072
lKMwX4nA64k_005606_ood,ood,anomaly,0.080706350505352,0.1238756701350212,0.0738618150353431,0.0614556223154068,0.0636322870850563,-1.8366760235438495,-1.580025013390801,-1.2783293561344118,-0.8543476301093416,-1.4940180455406682
UbDCiQVuzPY_002851_ood,ood,anomaly,0.2174719274044037,0.3185046017169952,0.2125843316316604,0.1780879497528076,0.1607108116149902,-0.1198968336103249,-0.0816343288113742,0.3057206680577395,0.6322362458628901,0.1263141569118018
yhtzAKqRyXw_000428_ood,ood,anomaly,0.2109321653842926,0.3507144749164581,0.232783555984497,0.1545198559761047,0.1057107672095298,0.1642194052744644,0.1365445966336945,-0.0143710281076017,-0.2099910086902325,0.0488342293026559
7uTMZ5-aWKA_003263_ood,ood,anomaly,0.2493292391300201,0.3675411939620971,0.2350331991910934,0.1798110157251358,0.2149315327405929,0.3126442096322082,0.1608437840121978,0.3291226077696613,1.462529559025617,0.5037441304692847
L334aqEJxys_000670_ood,ood,anomaly,0.3096953630447387,0.4412995874881744,0.3328182995319366,0.2583150267601013,0.2063485234975814,0.963250848939398,1.21705503966407,1.3953302648693775,1.3310961322222752,1.2189326796204485
gZbGLa253Ak_003759_ood,ood,anomaly,0.10664664208889,0.1699797362089157,0.1097688823938369,0.0851112231612205,0.0617267303168773,-1.4300021515576304,-1.1921801518597823,-0.9570491766558452,-0.8835278219184083,-1.186690055948392
T7TkJVmGyts_002778_ood,ood,anomaly,0.0329820401966571,0.0626707375049591,0.032547503709793,0.0219533741474151,0.0147565472871065,-2.376551332967301,-2.0262754185082494,-1.8148318725549664,-1.6027921193685764,-2.059432520340057
3Sqeb-l1RPA_005471_ood,ood,anomaly,0.4036664366722107,0.4961512386798858,0.4296793043613434,0.3705756962299347,0.3182595074176788,1.4470852538966117,2.2632848147317386,2.9200063139258465,3.0448125802767185,2.3322563693235456
t4Cvbdtebk0_005158_ood,ood,anomaly,0.3726476430892944,0.527769923210144,0.3972415030002594,0.2954986095428467,0.2700805068016052,1.7259867469758032,1.9129127152323817,1.9003416669454611,2.3070374047359463,1.9647607519086212
Eq7_uD2yN5Y_003100_ood,ood,anomaly,0.4154006242752075,0.5540797114372253,0.4079374670982361,0.3180946707725525,0.3814906179904938,1.9580596281897007,2.028443584771334,2.207231635824577,4.013083883250426,2.4712773311317076
Nc9SDBksPPA_002268_ood,ood,anomaly,0.3422358930110931,0.4353719353675842,0.3286958336830139,0.2755863964557647,0.3292893767356872,0.910964327490204,1.1725268363335477,1.629902567294974,3.21371529034187,1.604457091426729
gXezhrOijmQ_000949_ood,ood,anomaly,0.2806977331638336,0.442803144454956,0.3046238720417022,0.2149456292390823,0.1604183316230774,0.9765133957276336,0.9125171135582888,0.8063057919654851,0.6277574381953095,0.8753828291671485
Tsl84N96WM8_003957_ood,ood,anomaly,0.295032262802124,0.3916671574115753,0.2941584587097168,0.2562057077884674,0.2380977272987365,0.5254540506486562,0.7994765039177296,1.3666824033248242,1.817278371541334,1.0452113818377902
YBEYOS3A3Ic_002478_ood,ood,anomaly,0.2478170394897461,0.3597452342510223,0.2460456490516662,0.1819521635770797,0.203525111079216,0.2438777560081416,0.2797931275675638,0.3582027554541965,1.287860623682304,0.4858283227841271
krPRThe7R4g_000515_ood,ood,anomaly,0.485107958316803,0.4937757849693298,0.4396043419837951,0.475040078163147,0.5320116877555847,1.426131896840262,2.3704886363064177,4.338796544424661,6.31804470121052,3.2971360059214723
DpQBo4gb6Lw_002691_ood,ood,anomaly,0.1797205358743667,0.3246966898441314,0.1876681447029113,0.1194635927677154,0.0870536863803863,-0.0652777800477533,-0.350762825794455,-0.490490092207906,-0.4956908137461205,-0.3209460146199609
Eq7_uD2yN5Y_001841_ood,ood,anomaly,0.3303369879722595,0.4561704099178314,0.3221736550331116,0.2628306746482849,0.2801733016967773,1.09442311750667,1.1020784911624804,1.4566598490737197,2.461590496960079,1.4634846373524348
ha-IeID24As_003429_ood,ood,anomaly,0.2374823093414306,0.4035028517246246,0.2575318515300751,0.1699278503656387,0.1189666762948036,0.6298541186647489,0.4038596397468698,0.1948937136818791,-0.0070004832064468,0.3633874539437743
2TmFM9p1KF8_003505_ood,ood,anomaly,0.1377269625663757,0.224164217710495,0.135998249053955,0.0992157980799675,0.0915295481681823,-0.9520527043549676,-0.9088675388085966,-0.7654869165847441,-0.427151000259708,-0.8184654977367547
UjkeNSr2dXQ_001723_ood,ood,anomaly,0.0485281534492969,0.0868740454316139,0.0470097996294498,0.0355839319527149,0.0246448330581188,-2.1630592532528663,-1.8700630745042477,-1.6297075087045898,-1.4513707184009514,-1.875249712813728
eA-kbOZ1_sc_000668_ood,ood,anomaly,0.158159852027893,0.2593959271907806,0.1628187745809555,0.1123459488153457,0.0980787947773933,-0.641281509292106,-0.6191696109507253,-0.5871588659747139,-0.326861008666183,-0.5763865365367031
fdvMUP8qvzw_000969_ood,ood,anomaly,0.6984052658081055,0.6998415589332581,0.6877601146697998,0.7003257870674133,0.7056936621665955,3.24379296923749,5.050906402943087,7.398529986094047,8.977673326147205,5.8241790225985755
ujVRDgGVzlQ_003142_ood,ood,anomaly,0.3999972641468048,0.4872225224971771,0.3831680119037628,0.3380760252475738,0.391522467136383,1.368327003462293,1.7608999888494912,2.4786097840188464,4.166703700389965,2.2887857933637976
QERvirE3S5s_004618_ood,ood,anomaly,0.3506195545196533,0.4555917978286743,0.3311735391616821,0.2715287804603576,0.3441841602325439,1.0893193069599298,1.1992894045125218,1.5747937749308945,3.441802244585771,1.7037826455960228
fb5i7JlmJdg_005442_ood,ood,anomaly,0.3622590899467468,0.3960446417331695,0.270309716463089,0.254071444272995,0.5286105275154114,0.5640668813644634,0.5418778523212403,1.3376957557323628,6.26596201869014,1.8416822143451583
3tEZvtQZ18Q_003265_ood,ood,anomaly,0.4414181709289551,0.5270964503288269,0.4402491152286529,0.3786965608596802,0.4196304976940155,1.7200461901519437,2.3774530588635168,3.03030039872934,4.597127887558435,2.779520601315062
y1vGuUK0db4_004994_ood,ood,anomaly,0.1461058109998703,0.2663205564022064,0.1519857794046402,0.0963124334812164,0.0698044672608375,-0.5802008712207068,-0.7361806013548284,-0.8049191637493113,-0.7598317361632758,-0.7191969665457466
oZaUkhs_H-s_004142_ood,ood,anomaly,0.303081601858139,0.4578540623188019,0.3255984485149383,0.243335410952568,0.1855384856462478,1.1092742466865593,1.1390708899142323,1.19188357642832,1.0124276432031063,1.1405760457878886
Nc9SDBksPPA_003835_ood,ood,anomaly,0.3958796858787536,0.4932774603366852,0.3757051527500152,0.3271311819553375,0.3874050080776214,1.4217362843678418,1.680291022758974,2.329961637636349,4.103652183317892,2.240002723711948
ZIts2XH28SA_002006_ood,ood,anomaly,0.3108883202075958,0.4282839596271515,0.3126413524150848,0.2537111341953277,0.2489168643951416,0.8484428454524559,0.9991167384788312,1.3328021794848008,1.982954094749195,1.2330662573155908
yB6fjM1UUC0_003505_ood,ood,anomaly,0.3302852511405945,0.4137799739837646,0.3187959790229797,0.2799661159515381,0.3085988461971283,0.7205063638550436,1.0655950247917196,1.689386030633715,2.896876841953128,1.4628716844713043
Tsl84N96WM8_001791_ood,ood,anomaly,0.5485771894454956,0.5538875460624695,0.4971002042293548,0.492452472448349,0.6508687138557434,1.956364579495115,2.991521663275708,4.575284182069734,8.138127354939197,4.049088663852552
eN6y6-4C1Rc_006099_ood,ood,anomaly,0.2386378943920135,0.4015500545501709,0.2590610384941101,0.1751632243394851,0.118777222931385,0.6126289223693511,0.4203769258955786,0.2659983075122427,-0.009901622430292,0.3770782649839981
PfJ2CudpCgE_005355_ood,ood,anomaly,0.232644572854042,0.3738267123699188,0.232622891664505,0.1669102758169174,0.1572184115648269,0.3680873912434042,0.1348092048146373,0.1539103161802803,0.5787563889310255,0.3060722990983344
y1vGuUK0db4_001730_ood,ood,anomaly,0.250467836856842,0.4175643920898437,0.2618569433689117,0.1766810715198516,0.1457690149545669,0.7538878873403525,0.4505764776494149,0.2866130540032616,0.4034293691515331,0.517233683939091
8dI7OolIEXY_001461_ood,ood,anomaly,0.0553278401494026,0.0838405266404151,0.0509261637926101,0.0410390309989452,0.0455056354403495,-2.1898172582969875,-1.827761047958862,-1.5556187036021656,-1.1319248614369324,-1.7946903237000378
J-j5eIHg8I0_003855_ood,ood,anomaly,0.088402546942234,0.1684388071298599,0.093815304338932,0.0554919242858886,0.0358641445636749,-1.4435943495653158,-1.364500358627246,-1.3593257335153168,-1.279567040250418,-1.402837244012778
4wKjxDXnmYs_000908_ood,ood,anomaly,0.3802201747894287,0.4741313755512237,0.3589437305927276,0.2900302112102508,0.3977753818035126,1.2528528626626825,1.499245007757184,1.826072236665164,4.262455898592347,2.054476433632221
fHUJcUaW2mE_003090_ood,ood,anomaly,0.3934400677680969,0.4928238093852997,0.366310715675354,0.3281615376472473,0.3864641189575195,1.4177347286561508,1.5788184042906783,2.3439554847502393,4.0892441502148555,2.211099311932381
4OGV0AbV91U_004771_ood,ood,anomaly,0.3391324579715729,0.4841829538345337,0.3637346029281616,0.2858407199382782,0.2227715402841568,1.341515633826826,1.5509929045987136,1.7691723711087393,1.5825852444431374,1.567689098728789
JkYzYrJpSoQ_002520_ood,ood,anomaly,0.4968332052230835,0.5450476408004761,0.458093911409378,0.4157329797744751,0.5684582591056824,1.878389710746569,2.5702009776691277,3.533313084551457,6.876158718351563,3.436051042692573
dZG1VKsgs60_002668_ood,ood,anomaly,0.1323095858097076,0.2438679337501526,0.132091149687767,0.0855707600712776,0.0677084773778915,-0.7782505394543382,-0.9510694930238484,-0.9508079443192632,-0.791928070334771,-0.8826479492766326
h55PiQMnlJY_001034_ood,ood,anomaly,0.3025522828102112,0.4126362204551697,0.3024900257587433,0.2527963817119598,0.2422865480184555,0.7104175644132311,0.8894686894728582,1.320378405345624,1.8814226647454668,1.1343049305103805
Izf9l3VWQuo_000925_ood,ood,anomaly,0.195352017879486,0.3082946240901947,0.2016391009092331,0.1592317670583725,0.1122425943613052,-0.2099568107006033,-0.1998576148175121,0.0496241182454846,-0.1099677649142844,-0.1357517995314218
DyzL2sahobA_000073_ood,ood,anomaly,0.1118733957409858,0.1573012769222259,0.1144710630178451,0.0985355526208877,0.0771857127547264,-1.541836064876119,-1.1413902453824745,-0.7747257173493974,-0.6468011705573422,-1.1247660144695335
qYonJ4w6SZs_004216_ood,ood,anomaly,0.2291399836540222,0.3651963174343109,0.2374263405799865,0.1770245134830474,0.1369128078222274,0.291960567209954,0.1866929457199092,0.2912775347871241,0.2678124055753444,0.2645516265291639
bFGmOp9H3MA_004484_ood,ood,anomaly,0.1219327598810195,0.2143886089324951,0.1234649717807769,0.0878975763916969,0.0619798898696899,-1.038281208938487,-1.0442438740579794,-0.9192061274848256,-0.879651136409622,-1.0055875484998178
UjkeNSr2dXQ_003465_ood,ood,anomaly,0.1622203588485717,0.2578896582126617,0.1601306498050689,0.1235562413930893,0.1073048934340477,-0.6545679781385314,-0.6482049919544938,-0.4349055017562318,-0.185579818335747,-0.5282796217047651
sUbP4j8rAic_004629_ood,ood,anomaly,0.3767595887184143,0.5623114705085754,0.4009545147418976,0.2957249581813812,0.2480474263429641,2.030670172549023,1.953018260762489,1.903415836639442,1.9696402068859191,2.013477088787122
Sihe6aeyLHg_005509_ood,ood,anomaly,0.2454203069210052,0.3617041110992431,0.254232794046402,0.1846377849578857,0.1811065822839737,0.2611565797746467,0.3682253597271902,0.3946777080398765,0.944560974337612,0.4574329980989984
D_pyFV4nKd4_003993_ood,ood,anomaly,0.2816001176834106,0.3865180313587188,0.2845445275306701,0.2274622917175293,0.2278756648302078,0.4800347371784726,0.6956330524412035,0.9763017093703792,1.6607457777624697,0.8860738431577846
O9uvBFovKj8_003988_ood,ood,anomaly,0.495390921831131,0.5794491767883301,0.4926494657993316,0.4662830531597137,0.4431819915771484,2.1818381272057743,2.9434476723571823,4.219862403493752,4.957776869722646,3.418963568797237
Z9K13eBUwJM_005281_ood,ood,anomaly,0.1832820773124694,0.2658977508544922,0.1610136777162552,0.118267074227333,0.187949851155281,-0.5839303463804598,-0.6386670969623242,-0.5067406915441525,1.049353390706603,-0.2787505995647074
qzMjfBx1KI0_001259_ood,ood,anomaly,0.450884073972702,0.5833075046539307,0.4956003427505493,0.3892181813716888,0.3354102373123169,2.215871592496693,2.9753211320054924,3.1732005156418945,3.307445316466094,2.8916680281372154
7uTMZ5-aWKA_001695_ood,ood,anomaly,0.5525890588760376,0.6323957443237305,0.5863438248634338,0.5334675908088684,0.4581492841243744,2.648868206363872,3.9554733929388526,5.132333849676646,5.186974170314135,4.096619346482875
6E2N9ld0eHg_000751_ood,ood,anomaly,0.2635277807712555,0.398039311170578,0.2589063346385956,0.1867895424365997,0.210375964641571,0.581661423723121,0.4187059151493849,0.4239019511044077,1.3927691860214804,0.6719615633262184
L334aqEJxys_001608_ood,ood,anomaly,0.6427749395370483,0.6636391282081604,0.6433638334274292,0.6542365550994873,0.6098602414131165,2.924459254621271,4.571366556956019,6.772565893480224,7.510155986331682,5.1650979063286195
TNZv-NBcV5U_004778_ood,ood,anomaly,0.4811071157455444,0.4879907965660095,0.405312180519104,0.4155089557170868,0.615616500377655,1.3751037808037516,2.0000869412282385,3.530270486317138,7.598302791240786,3.2497359641701906
xpOyD-qrQUw_003297_ood,ood,anomaly,0.3479159474372864,0.4863813817501068,0.3565567135810852,0.2765912711620331,0.2721345126628876,1.360907485106836,1.473461997601841,1.643550342639497,2.338490828748311,1.6717516205554803
YBEYOS3A3Ic_001633_ood,ood,anomaly,0.2652801871299743,0.3847299814224243,0.266223281621933,0.2102618962526321,0.199905589222908,0.46426274019816,0.4977388325761824,0.7426933483702212,1.2324341237805936,0.6927232236737664
vdLn-qswnRo_001505_ood,ood,anomaly,0.2570224404335022,0.4078862369060516,0.2698666751384735,0.192750945687294,0.157585933804512,0.6685189995731012,0.5370924071752345,0.5048671617879537,0.5843843343311287,0.59488944710976
IOoVklIZLMw_003435_ood,ood,anomaly,0.2555464804172516,0.3656627237796783,0.270598441362381,0.2057044357061386,0.1802203208208084,0.2960746354590644,0.5449964714907887,0.6807958826542726,0.9309894660414508,0.5774029889081588
PYL3JcSsS6o_000862_ood,ood,anomaly,0.3695103526115417,0.5185363292694092,0.386484831571579,0.2963046431541443,0.2767155766487121,1.6445392365933431,1.7967261244663064,1.911288868201999,2.4086416256325793,1.927591656403673
nvVk7L3GrJQ_003349_ood,ood,anomaly,0.1728788316249847,0.284115731716156,0.1699001491069793,0.1255721598863601,0.1119272485375404,-0.4232335261713909,-0.5426811944762092,-0.4075261652703937,-0.114796721877051,-0.4020032072724083
LfKfK4I5RPE_004254_ood,ood,anomaly,0.0705591440200805,0.1322990208864212,0.0728220045566558,0.0452992469072341,0.0318162851035594,-1.7623754909253282,-1.591256372028325,-1.4977582865045915,-1.3415527640214244,-1.6142372249995165
gZbGLa253Ak_000073_ood,ood,anomaly,0.5465549230575562,0.6022729277610779,0.5240728259086609,0.5139382481575012,0.5459356307983398,2.3831614370947523,3.282862435160395,4.867094731337361,6.531264971270692,4.0251298328030245
P5MjgFmqouA_001406_ood,ood,anomaly,0.1305204927921295,0.2305851727724075,0.1334616094827652,0.0915529802441597,0.0664822161197662,-0.8954148656729684,-0.9362666748455164,-0.8695600071668238,-0.8107060670429554,-0.9038442553595912
y1vGuUK0db4_000652_ood,ood,anomaly,0.1798243969678878,0.2923184633255005,0.1739743500947952,0.1272425204515457,0.1257622838020324,-0.350879026698627,-0.4986743168832048,-0.3848400476919551,0.0970620846642376,-0.3197155187727612
8dI7OolIEXY_002729_ood,ood,anomaly,0.186018019914627,0.2801442146301269,0.1867821514606475,0.1511819660663604,0.1259637475013733,-0.4582654087920304,-0.3603327503703737,-0.0597048108456602,0.1001471406895953,-0.2463364789734587
HzVbo46kkBA_000447_ood,ood,anomaly,0.5016902685165405,0.6315189003944397,0.536983072757721,0.4596885740756988,0.378570556640625,2.641133758055544,3.4223105513630823,4.130299029581189,3.968368369282904,3.493595172159794
PYL3JcSsS6o_002598_ood,ood,anomaly,0.461028516292572,0.6084535717964172,0.5163767337799072,0.4101696014404297,0.3091142177581787,2.4376795448293587,3.199734237688697,3.4577536768103685,2.9047688351256853,3.011854459105438
HaC3LrJiTmQ_000587_ood,ood,anomaly,0.1774259507656097,0.2919270098209381,0.1852220743894577,0.1345067769289016,0.0980479344725608,-0.3543319523505164,-0.3771836914292011,-0.2861800457737936,-0.3273335790085293,-0.3481311457566587
gXezhrOijmQ_002530_ood,ood,anomaly,0.0772171765565872,0.1492570787668228,0.0791981592774391,0.0486949458718299,0.0317185148596763,-1.6127921754638257,-1.5223852826660915,-1.4516393660886011,-1.3430499403414218,-1.5353560856917718
mrIFkGZbNjc_000455_ood,ood,anomaly,0.1109225377440452,0.1763568073511123,0.1104560121893882,0.0819394588470459,0.0749378725886344,-1.3737514033227125,-1.184758221303641,-1.000126713124426,-0.6812228200710279,-1.1360313187027729
Hd2IzHAfkCI_003611_ood,ood,anomaly,0.040003303438425,0.0812647119164466,0.0404754392802715,0.0231909230351448,0.0150821404531598,-2.2125379559820124,-1.9406429984929816,-1.7980240167175754,-1.5978062426968278,-1.9762479998599531
Hx8FMhmdOQU_000074_ood,ood,anomaly,0.2336125671863556,0.3497423231601715,0.2434006333351135,0.1927262544631958,0.1485810577869415,0.1556442674926122,0.2512233826732878,0.5045318162196242,0.4464907728285366,0.3175406263192761
zRZ9PJguIfE_004415_ood,ood,anomaly,0.2432064563035965,0.3609570264816284,0.2498537451028823,0.1973401457071304,0.1646749377250671,0.2545667099427807,0.3209257121625392,0.5671956993569753,0.6929397432233568,0.431204370046968
hfwb3mZZ0fs_001134_ood,ood,anomaly,0.2519568502902984,0.3785846829414367,0.2409898489713668,0.1732698529958725,0.2149829715490341,0.4100564078593006,0.225183652989897,0.2402833536178001,1.4633172523243996,0.5348747926948022
J-j5eIHg8I0_001514_ood,ood,anomaly,0.1163571923971176,0.2007442265748977,0.1192811354994773,0.0776659026741981,0.0677374973893165,-1.1586353181689195,-1.0894349610099814,-1.0581683119480407,-0.7914836807926572,-1.0716441670287729
xToi8YVZM8o_003151_ood,ood,anomaly,0.2581272423267364,0.3883225917816162,0.2600021660327911,0.1995506584644317,0.184633582830429,0.4959523695460072,0.4305423753954918,0.59721793130257,0.9985706759507528,0.6079786039394727
JkYzYrJpSoQ_000665_ood,ood,anomaly,0.3493585586547851,0.4714158475399017,0.3544549942016601,0.3020358681678772,0.2695274949073791,1.228899784661246,1.450760587499148,1.9891278972355828,2.298569017220189,1.6888429783688408
GkDXwJXjQx0_001355_ood,ood,anomaly,0.2161558270454406,0.3250799179077148,0.2171059399843216,0.1758300513029098,0.1466073840856552,-0.0618974092097139,-0.0327948469364908,0.2750548640498097,0.416267492087821,0.1107216383728627
PfJ2CudpCgE_003409_ood,ood,anomaly,0.0396662726998329,0.0690835043787956,0.0357778668403625,0.0255701635032892,0.0282335523515939,-2.3199857204994516,-1.9913831303533311,-1.7657101976938927,-1.396415904626196,-1.9802409765382896
eN6y6-4C1Rc_000988_ood,ood,anomaly,0.2752204537391662,0.4032271802425384,0.2910077273845672,0.2283584624528885,0.178288459777832,0.6274224808817281,0.7654443468962784,0.988473114213414,0.9014064713367664,0.8104906798789566
T89zSiaMNgM_002766_ood,ood,anomaly,0.1482065618038177,0.2785246670246124,0.1539321094751358,0.0966535434126854,0.0637159124016761,-0.4725510836074566,-0.7151576058217093,-0.800286355615686,-0.8530670580372792,-0.6943082902125466
vdLn-qswnRo_005566_ood,ood,anomaly,0.1157668232917785,0.2118206024169922,0.1179907843470573,0.0758002623915672,0.0574556402862072,-1.0609330321263064,-1.103372497569016,-1.0835066345192117,-0.948931922394432,-1.0786385737676856
DpQBo4gb6Lw_000074_ood,ood,anomaly,0.0701997801661491,0.1248887926340103,0.073464423418045,0.0489097833633422,0.0335361249744892,-1.827739491811488,-1.584317379995007,-1.448721535834291,-1.3152164941434243,-1.618494793593346
Tsl84N96WM8_003867_ood,ood,anomaly,0.1227301210165023,0.2269323170185089,0.1260940581560135,0.0807735323905944,0.0571205541491508,-0.9276359064563152,-1.015846187580932,-1.0159618239562795,-0.9540631669289146,-0.9961408006111988
sdqIDbZJfy0_002204_ood,ood,anomaly,0.130833700299263,0.1607535928487777,0.1214484125375747,0.1236582323908805,0.1174745559692382,-1.5113839420000097,-1.0660254395821225,-0.4335203039635765,-0.0298496357634781,-0.9001335247695912
UbDCiQVuzPY_002951_ood,ood,anomaly,0.3463916182518005,0.4453937709331512,0.3135801553726196,0.2600308954715729,0.3665615618228912,0.9993647446535412,1.009257079360328,1.4186344544850389,3.7844721043868255,1.6536921079033748
Hd2IzHAfkCI_001472_ood,ood,anomaly,0.0736455023288726,0.1429016143083572,0.073969580233097,0.0468936748802661,0.0308171175420284,-1.6688523358725074,-1.578861003593414,-1.4761034526798138,-1.3568532271625642,-1.577671549122363
sdqIDbZJfy0_002738_ood,ood,anomaly,0.4692898392677307,0.5091225504875183,0.4254478216171264,0.4618774950504303,0.4807114005088806,1.5615023551799492,2.217579081578527,4.160028011238004,5.532472606630746,3.10973060568427
ujVRDgGVzlQ_005062_ood,ood,anomaly,0.4477723240852356,0.5551984906196594,0.4766112565994262,0.420297771692276,0.3389817774295807,1.96792813439236,2.770213334831386,3.5953101217940313,3.3621370619002264,2.854801525154807
hdOtS-BpUPY_000303_ood,ood,anomaly,0.5358715057373047,0.5936866402626038,0.5428573489189148,0.5185245275497437,0.4884174764156341,2.3074236751065857,3.4857606739137967,4.929383602200654,5.65047736870833,3.898557887517266
RPNiqsdt6-w_003937_ood,ood,anomaly,0.4375853538513183,0.529984176158905,0.4223948717117309,0.3830446302890777,0.4149177968502044,1.7455181874085466,2.184603096057415,3.0893540045019168,4.52496130776529,2.734111244093627
LfKfK4I5RPE_000073_ood,ood,anomaly,0.6093553304672241,0.6323038935661316,0.5881220698356628,0.5625563263893127,0.6544390916824341,2.648058010942546,3.974680842217198,5.527404524440065,8.192801301973184,4.769158591794976
u33fdjUY_Iw_004735_ood,ood,anomaly,0.4282919764518738,0.5192580223083496,0.4241082370281219,0.3487986028194427,0.421002984046936,1.6509051328694115,2.203109757357632,2.6242392131429235,4.6181450599157925,2.624007817403308
pQdl0apLT70_004600_ood,ood,anomaly,0.3440929055213928,0.4334052503108978,0.3357916474342346,0.3032058775424957,0.3039688169956207,0.893616629226494,1.2491712159570787,2.0050184605029946,2.8259762304165426,1.6264580747079005
D_pyFV4nKd4_004710_ood,ood,anomaly,0.0547725781798362,0.0939759463071823,0.0556617192924022,0.0380251631140708,0.031427476555109,-2.100414940647105,-1.7766106477116843,-1.5965517587922853,-1.347506671147282,-1.8012687981267548
LfKfK4I5RPE_000632_ood,ood,anomaly,0.3157402873039245,0.47153440117836,0.3391610383987427,0.2559169232845306,0.1963488310575485,1.2299455203478256,1.2855651926365572,1.362760256605314,1.177968737486783,1.2905500095116866
y1vGuUK0db4_003966_ood,ood,anomaly,0.2772772312164306,0.3951382637023926,0.2884835302829742,0.2322023212909698,0.1932847648859024,0.556071919213652,0.7381796063489621,1.0406787489566798,1.1310480473780606,0.8348583815715422
bI9JzQSrEGo_001890_ood,ood,anomaly,0.2525153160095215,0.3827981054782867,0.2699587047100067,0.1943315267562866,0.1629728525876999,0.4472220854945105,0.5380864509402598,0.5263339329275347,0.6668753553168236,0.5414912235931331
ruiSuGHJf6Q_002357_ood,ood,anomaly,0.1601050049066543,0.2702038884162903,0.1664151847362518,0.1170790717005729,0.0867218747735023,-0.545946849810874,-0.5803235201585267,-0.522875630052215,-0.5007719147109595,-0.5533413089318328
kjVywUi1WK4_004617_ood,ood,anomaly,0.2364564538002014,0.3873915672302246,0.2519006431102752,0.1762011647224426,0.1303324401378631,0.4877400058334052,0.3430349773475621,0.2800951666323376,0.1670458504086726,0.351233615191316
xjbbH74SwTg_004246_ood,ood,anomaly,0.3325132727622986,0.4367879331111908,0.3360473215579986,0.2979672253131866,0.2592505812644958,0.9234545335426008,1.2519328420775937,1.9338693428192608,2.14119647586519,1.4892682037070784
IQwS7BEjUxM_003470_ood,ood,anomaly,0.2978492975234985,0.4574351906776428,0.320874273777008,0.2323770225048065,0.1807107627391815,1.1055794716551692,1.088043417278055,1.043051465578947,0.9384997063493318,1.0785862425151878
HbxPs2D_eJw_001347_ood,ood,anomaly,0.1467462480068206,0.2780763804912567,0.1548716127872467,0.0926300659775734,0.0614069439470768,-0.4765053209622888,-0.705009700164151,-0.8549314927612726,-0.8884247778971175,-0.7116093795992902
T7TkJVmGyts_002905_ood,ood,anomaly,0.3168481886386871,0.4547535479068756,0.3244065642356872,0.2337592393159866,0.2544733583927154,1.0819252879412244,1.1261969286789162,1.0618241388273977,2.0680418566793084,1.3036758870209149
xVfPBzDnI2Q_005312_ood,ood,anomaly,0.2458069026470184,0.3375596106052398,0.2327290922403335,0.1892870217561721,0.2236518859863281,0.048183227547276,0.135956314580397,0.4578216392690067,1.596066163446246,0.4620131967015464
gDjeTHGWX9c_005001_ood,ood,anomaly,0.1381285935640335,0.1679223179817199,0.1254362016916275,0.1134077683091163,0.1457480937242508,-1.448150187251656,-1.0229519265929683,-0.5727376910590563,0.4031089979489008,-0.8137071685302147
lKMwX4nA64k_002645_ood,ood,anomaly,0.0858572125434875,0.1557328701019287,0.0841592848300933,0.0551483444869518,0.0483883433043956,-1.555670638022825,-1.468798420954535,-1.3639920863248316,-1.0877813492587276,-1.4329931310847357
TlBhM9Xbr2o_000962_ood,ood,anomaly,0.3299103677272796,0.4332209825515747,0.3351951837539673,0.2735128104686737,0.2777124941349029,0.8919912436683948,1.2427286019955448,1.6017400157521442,2.4239076328965137,1.458430247667307
LfKfK4I5RPE_000522_ood,ood,anomaly,0.1727306544780731,0.2770887613296509,0.1719413250684738,0.1313245594501495,0.1105679273605346,-0.485216893339751,-0.5206337351211358,-0.329399552620276,-0.1356122931250598,-0.4037587382199774
e3hXj7S3QyA_001748_ood,ood,anomaly,0.546236515045166,0.5370047688484192,0.4347604811191559,0.4887534379959106,0.724427342414856,1.8074452983081968,2.318168391727125,4.52504548973962,9.26454611422812,4.021357489149801
ieP36TLihGM_004797_ood,ood,anomaly,0.1290655136108398,0.2215268462896347,0.1344779878854751,0.0942161083221435,0.0660411193966865,-0.9753163801849474,-0.9252884143006908,-0.8333905489296022,-0.8174606739907802,-0.9210821428075544
RASKiMoxhOE_000622_ood,ood,anomaly,0.0640096813440322,0.1196464970707893,0.0674231275916099,0.041474375873804,0.0274947248399257,-1.8739806331323925,-1.6495715406837212,-1.549706037065333,-1.4077297257961086,-1.691832081273874
88LcRU7uEFE_001913_ood,ood,anomaly,0.3490180373191833,0.457263320684433,0.3524031341075897,0.3061045110225677,0.2803011536598205,1.104063444077366,1.4285977250709665,2.0443864516519032,2.463548320976171,1.6848086467906178
dZG1VKsgs60_000213_ood,ood,anomaly,0.3340943157672882,0.4144254624843597,0.3262690305709839,0.315616250038147,0.2800664603710174,0.7262000765839567,1.1463140825168348,2.173570793152973,2.4599544132543243,1.5079996341776112
PfJ2CudpCgE_005947_ood,ood,anomaly,0.1788656860589981,0.2872982621192932,0.1804295629262924,0.1173768565058708,0.1303580552339553,-0.3951611223256373,-0.4289492930657682,-0.5188312451170916,0.1674380997657423,-0.3310738604968856
xpOyD-qrQUw_002464_ood,ood,anomaly,0.3484267592430115,0.4553888142108917,0.3545388877391815,0.2983746230602264,0.2854047417640686,1.0875288329123456,1.451666751099714,1.939402443506123,2.541700639649283,1.677803471006272
y4Evv5By6sg_001148_ood,ood,anomaly,0.2781676650047302,0.41148641705513,0.2943086624145508,0.22615946829319,0.1807162016630172,0.7002754003800717,0.8010989069539107,0.9586073228980658,0.9385829937346308,0.8454078090959738
PfJ2CudpCgE_000181_ood,ood,anomaly,0.2698880434036255,0.4087716341018677,0.27385213971138,0.2215849459171295,0.1753434091806411,0.6763288943726437,0.5801408115459705,0.8964781307634457,0.8563082917660989,0.7473148692746224
Izf9l3VWQuo_001250_ood,ood,anomaly,0.3859720528125763,0.5440235137939453,0.4070044159889221,0.3245335817337036,0.2683266997337341,1.8693561106627068,2.0183653716251513,2.2946821505136277,2.280180988022902,2.122621893892034
t_bCDlNOhJc_005521_ood,ood,anomaly,0.0408373773097991,0.0818125456571579,0.0399243086576461,0.0255310926586389,0.0160815548151731,-2.207705634507749,-1.946595954157212,-1.7662408410735917,-1.5825020002479642,-1.9663662972879004
vdLn-qswnRo_000468_ood,ood,anomaly,0.2101773917675018,0.3334990739822387,0.2169401943683624,0.1627109348773956,0.1275593936443328,0.0123661230825414,-0.034585123620166,0.0968766766825961,0.1245816058750388,0.0398920376739074
fWJbp43k644_004034_ood,ood,anomaly,0.0844662934541702,0.1467283964157104,0.0879053696990013,0.0607170388102531,0.0425143577158451,-1.6350971288078944,-1.4283356409463708,-1.2883604791078822,-1.1777309267364933,-1.4494720656421511
Pbw0A-RCjcw_000326_ood,ood,anomaly,0.0777735114097595,0.1586004048585891,0.0775454044342041,0.0458348356187343,0.0291133914142847,-1.5303767418038436,-1.5402372689316195,-1.4904841513651357,-1.3829427439000732,-1.528764900260608
4wKjxDXnmYs_001994_ood,ood,anomaly,0.2425244450569152,0.3113493025302887,0.2376346886157989,0.2196106612682342,0.2015031278133392,-0.1830121610266508,0.1889433861218822,0.8696642472153934,1.2568975684124304,0.4231242316781726
fHUJcUaW2mE_002702_ood,ood,anomaly,0.1838213503360748,0.2353337407112121,0.1755787879228592,0.1621473133563995,0.1622255891561508,-0.8535287876214547,-0.4813442196895834,0.0892218120015473,0.6554323531304643,-0.2723615544126023
sdqIDbZJfy0_002086_ood,ood,anomaly,0.4137812554836273,0.5673626065254211,0.4368042051792145,0.3403372168540954,0.3106209933757782,2.075225137367252,2.3402433739908477,2.5093203142612963,2.927842407253791,2.452091835335637
Tsl84N96WM8_003386_ood,ood,anomaly,0.1204609721899032,0.2199504077434539,0.121199756860733,0.0788204297423362,0.0618733055889606,-0.9892217994270625,-1.0687112569893398,-1.0424880226972215,-0.8812832839307292,-1.0230245750174565
DSBGS6aRzgc_002550_ood,ood,anomaly,0.2938233911991119,0.4514743983745575,0.3015750348567962,0.2188310474157333,0.2034130841493606,1.0530006279124922,0.8795855509774538,0.8590758677407799,1.286145131729742,1.0308892575766782
oZaUkhs_H-s_004703_ood,ood,anomaly,0.2024958580732345,0.3561186492443084,0.2170064151287078,0.140309065580368,0.0965493097901344,0.2118884437335222,-0.0338698499006439,-0.2073758610278596,-0.3502823341509928,-0.0511150467932023
DSBGS6aRzgc_001418_ood,ood,anomaly,0.3488684296607971,0.4972645342350006,0.3852506279945373,0.2959548532962799,0.217003732919693,1.4569053902233713,1.7833950576136528,1.9065381730475224,1.4942615964556578,1.6830361678371195
T89zSiaMNgM_005313_ood,ood,anomaly,0.2097036242485046,0.2979685962200165,0.2119115889072418,0.1694163382053375,0.1595179736614227,-0.3010404415775939,-0.088900859552889,0.1879465758882464,0.6139700672512199,0.0342790699600083
ZIts2XH28SA_000441_ood,ood,anomaly,0.2411257624626159,0.3683940470218658,0.2503378093242645,0.1844159364700317,0.1613552868366241,0.3201670397334736,0.3261542600425347,0.3916646574537027,0.6421052305593884,0.4065533188802417
ha-IeID24As_005296_ood,ood,anomaly,0.2829205393791199,0.4476433992385864,0.3026037216186523,0.2117775231599807,0.1696575134992599,1.0192082233617927,0.8906967584377448,0.7632779400696398,0.7692389746196984,0.9017175587979698
UOjQsfDXjO0_002597_ood,ood,anomaly,0.1814194768667221,0.307026594877243,0.194558098912239,0.1295574605464935,0.0945357233285904,-0.2211418187429786,-0.276342007474976,-0.3533995286354043,-0.3811168073890395,-0.3008177859940404
uO2zGO5ydBc_004454_ood,ood,anomaly,0.264151930809021,0.4146957993507385,0.2751569151878357,0.2002348154783249,0.166520208120346,0.7285846588898796,0.5942341503013373,0.6065098571195386,0.7211967571171422,0.6793561901634951
ujVRDgGVzlQ_002470_ood,ood,anomaly,0.3037616610527038,0.4132258594036102,0.2907848060131073,0.2358903586864471,0.2751456201076507,0.7156186404712918,0.7630364947711529,1.0907680839968548,2.3846005507272907,1.148633057190258
YBEYOS3A3Ic_001727_ood,ood,anomaly,0.380152940750122,0.4460722506046295,0.3083908855915069,0.2622818350791931,0.5038667917251587,1.0053494652771364,0.953205951608547,1.449205746495135,5.887055985298949,2.0536798773535163
y4Evv5By6sg_000878_ood,ood,anomaly,0.0643074065446853,0.1059431210160255,0.065571941435337,0.0434465557336807,0.0422680266201496,-1.9948551128483911,-1.6695668533412436,-1.522920739854955,-1.1815030466444196,-1.6883047775397195
fdvMUP8qvzw_004293_ood,ood,anomaly,0.2049856781959533,0.3308177590370178,0.20626200735569,0.1504678130149841,0.1323951631784439,-0.0112851689540393,-0.1499239766093,-0.0694041299209541,0.1986327624221357,-0.0216168659305336
Vtpe3HAIEm4_000631_ood,ood,anomaly,0.2692469954490661,0.3762108087539673,0.2593847513198852,0.205026164650917,0.2363662421703338,0.3891169834302486,0.42387346196284,0.6715838973922165,1.7907637753849466,0.7397200441172983
hdOtS-BpUPY_002777_ood,ood,anomaly,0.2001829445362091,0.3027149736881256,0.2128173857927322,0.1541819274425506,0.1310174763202667,-0.259173685188464,-0.0791170288623785,-0.0189606278653439,0.1775359536333538,-0.0785173242558763
PEwiwzyTjX0_003882_ood,ood,anomaly,0.213909775018692,0.3011460304260254,0.193785935640335,0.1548932194709777,0.2058139443397522,-0.2730129901708562,-0.2846824145118682,-0.0093001659711717,1.3229100090780708,0.0841115036456818
HzVbo46kkBA_004225_ood,ood,anomaly,0.1990403532981872,0.312874436378479,0.2184654474258422,0.1579135060310363,0.1069080531597137,-0.1695592892919387,-0.0181103289795482,0.0317200649000323,-0.1916567169703097,-0.0920541909089044
fWJbp43k644_000749_ood,ood,anomaly,0.4039978682994842,0.4888652265071869,0.3904267847537994,0.3307015299797058,0.4059979021549225,1.3828169358514932,1.8393045470051324,2.3784525663405747,4.388369083134934,2.336183010447422
ecRog9N1Qf0_002116_ood,ood,anomaly,0.3358322381973266,0.5040419697761536,0.3584661781787872,0.2628702223300934,0.2179505228996276,1.516687665158517,1.4940867961992936,1.4571969686502717,1.508759990667128,1.5285896959651193
f482qwPz7ns_001405_ood,ood,anomaly,0.3888767957687378,0.5084563493728638,0.4072535634040832,0.3293638229370117,0.3104334473609924,1.555625941017609,2.0210565004708796,2.3602844055921843,2.9249704756609547,2.157035879183007
Sihe6aeyLHg_005275_ood,ood,anomaly,0.2439061850309372,0.4009071588516235,0.2565525770187378,0.1781311184167862,0.1400339007377624,0.6069580801795859,0.3932821513806242,0.3063069662541495,0.3156063582143221,0.4394944165308729
sUbP4j8rAic_003555_ood,ood,anomaly,0.1421734541654586,0.2584869861602783,0.1519268751144409,0.0963053032755851,0.0619746707379817,-0.6492990791023056,-0.7368168473074106,-0.8050160031303895,-0.8797310580718183,-0.7657856225131352
3sGShQb_HwU_005692_ood,ood,anomaly,0.1798495054244995,0.2517111599445343,0.1695721894502639,0.1501991301774978,0.1479155570268631,-0.7090671585303937,-0.546223602057887,-0.073053264466851,0.4362998196370842,-0.3194180459603453
6E2N9ld0eHg_000390_ood,ood,anomaly,0.113615296781063,0.175540804862976,0.1233745962381362,0.0917835533618927,0.0637622401118278,-1.380949182600334,-1.045220052075285,-0.8664284624163424,-0.8523576320622172,-1.1041288160405325
PqbpIHZvjMA_001138_ood,ood,anomaly,0.1637966036796569,0.2488460093736648,0.1622071415185928,0.1261959671974182,0.1179373115301132,-0.73434002436855,-0.6257760747426991,-0.3990538831177188,-0.022763362474465,-0.5096050376707886
GdyJqgxlSxs_003144_ood,ood,anomaly,0.4346995949745178,0.5124267935752869,0.4060432910919189,0.3458172678947449,0.474511057138443,1.5906483599668764,2.007983923625777,2.5837480066022054,5.437525443758057,2.699922172964682
ieP36TLihGM_004344_ood,ood,anomaly,0.2812221348285675,0.4254882633686065,0.2934494018554687,0.2202042192220688,0.1857466697692871,0.8237826208957407,0.791817731489788,0.877725695630163,1.015615610490848,0.8815956856742737
kEcbnTbgi4A_001465_ood,ood,anomaly,0.4287204146385193,0.5483095049858093,0.4319857656955719,0.3745356202125549,0.3600506782531738,1.907161900514312,2.288197714687321,2.9737882954595283,3.684769574090437,2.629083745179304
y4Evv5By6sg_000538_ood,ood,anomaly,0.1054622083902359,0.1775251030921936,0.1060176417231559,0.0803403630852699,0.0579657033085823,-1.3634461223982697,-1.2326986214959734,-1.021844942844967,-0.9411212199917736,-1.2007226517748673
Zpo0kwg1XEQ_000321_ood,ood,anomaly,0.2070558816194534,0.332127958536148,0.2122533321380615,0.1594291776418686,0.1244130954146385,0.000271813949197,-0.0852095707402125,0.0523052637429078,0.0764016789559672,0.0029098998593732
y1vGuUK0db4_002569_ood,ood,anomaly,0.262239396572113,0.4220729470252991,0.2722636759281158,0.1992319375276565,0.1553890705108642,0.7936568632420768,0.5629832556276253,0.5928892008493405,0.5507433043930907,0.6566974124021709
J-j5eIHg8I0_004779_ood,ood,anomaly,0.2743401229381561,0.4031188189983368,0.2840116918087005,0.2107546627521515,0.1994753181934356,0.6264666500731813,0.6898777064324965,0.749385890675044,1.225845292957208,0.8000609476464055
sUbP4j8rAic_005313_ood,ood,anomaly,0.1959827691316604,0.3305161595344543,0.1929201334714889,0.1398459374904632,0.1206488385796547,-0.0139455121285447,-0.2940342482034587,-0.2136658672219955,0.0187588218668102,-0.1282789647084475
fHUJcUaW2mE_000181_ood,ood,anomaly,0.3969722986221313,0.5359950065612793,0.4169044196605682,0.3393643796443939,0.2956252992153168,1.798538406268812,2.1252987926938,2.4961076583928814,2.6982101867818047,2.2529474694078004
t_bCDlNOhJc_001742_ood,ood,anomaly,0.4300975799560547,0.568871021270752,0.4465630948543548,0.3715055882930755,0.3334506452083587,2.088530533556421,2.445652573159433,2.9326357073151272,3.277437670188688,2.6453997317213735
5vKPYV5w6pw_000773_ood,ood,anomaly,0.2234288305044174,0.3433980047702789,0.20199815928936,0.1359043270349502,0.2124148458242416,0.099682424114292,-0.1959792989881653,-0.2671991223202661,1.423991002647327,0.1968886548131672
8dI7OolIEXY_002454_ood,ood,anomaly,0.4386952221393585,0.5107536315917969,0.4274905622005462,0.3858643174171448,0.4306723773479461,1.5758897644626222,2.2396434409652266,3.1276497803092393,4.766214514425098,2.7472604251110093
nvVk7L3GrJQ_000778_ood,ood,anomaly,0.162845566868782,0.2793160080909729,0.1705376654863357,0.1200367212295532,0.0814918801188469,-0.4655708373315053,-0.5357951558753221,-0.4827061083520866,-0.5808599234922872,-0.520872460404769
HzVbo46kkBA_004124_ood,ood,anomaly,0.0468094944953918,0.0868633165955543,0.046761468052864,0.0325204990804195,0.0210926868021488,-2.163153889966584,-1.8727453911906289,-1.671313734200476,-1.5057654815557198,-1.895611550281801
0qfbmt4G8Rw_000435_ood,ood,anomaly,0.5181787610054016,0.590522050857544,0.507824718952179,0.4820424318313598,0.4923259019851684,2.2795095248765485,3.107360918153681,4.433899495220939,5.710327911969479,3.6889428316758823
TNZv-NBcV5U_003333_ood,ood,anomaly,0.2135207951068878,0.3294956982135772,0.2111265808343887,0.158085748553276,0.1553751081228256,-0.0229467780018867,-0.0973800078018038,0.0340593886322726,0.5505294954067185,0.0795030583665844
gZbGLa253Ak_004574_ood,ood,anomaly,0.208836019039154,0.3449370563030243,0.2243850976228714,0.1526359617710113,0.1133859679102897,0.1132580606970771,0.0458298944883468,-0.0399572675895785,-0.0924590451396096,0.0240001043635413
Y4rb2_HaBdQ_002036_ood,ood,anomaly,0.0468832552433013,0.0878394991159439,0.0470128841698169,0.0306603256613016,0.0220203101634979,-2.154543197697147,-1.8700297572990403,-1.6965778081866256,-1.4915605898081994,-1.8947376687260424
K1r3m5OrmB4_002474_ood,ood,anomaly,0.3659868240356445,0.47468101978302,0.3585112988948822,0.2928906679153442,0.3378642797470093,1.2577011540823857,1.4945741609208774,1.8649217273034755,3.3450245847134235,1.88584659929766
p-fBcE77G4c_002340_ood,ood,anomaly,0.0416719391942024,0.0864965096116066,0.0400525294244289,0.0243121217936277,0.0158266052603721,-2.166389414056683,-1.945210996565388,-1.7827963782101273,-1.5864060964338988,-1.95647881297424
kVhgFPPG-wo_004185_ood,ood,anomaly,0.2734154760837555,0.4143597781658172,0.2868721783161163,0.2146166414022445,0.1778132766485214,0.7256206895921969,0.7207748271108184,0.8018376208987494,0.8941298920769594,0.7891061803134859
ZIts2XH28SA_000171_ood,ood,anomaly,0.2404079288244247,0.373028814792633,0.2308164238929748,0.1653257757425308,0.1924607008695602,0.3610493114201805,0.1152969111562791,0.1323903187978077,1.1184289816743425,0.3980487741962868
a_VxrUq9PmA_005362_ood,ood,anomaly,0.1846615672111511,0.3160282373428345,0.1884184628725052,0.1338913142681121,0.1003082767128944,-0.1417403015351399,-0.3426583753896097,-0.2945389944815283,-0.2927204826009631,-0.2624070725130012
mrIFkGZbNjc_002430_ood,ood,anomaly,0.1003034487366676,0.1822350025177002,0.1062931045889854,0.0654594525694847,0.0472262315452098,-1.3219011308357795,-1.229723250213548,-1.223951058537312,-1.1055770111896075,-1.2618411333468718
4wKjxDXnmYs_001752_ood,ood,anomaly,0.1366874575614929,0.2575028836727142,0.1401934325695037,0.0840399414300918,0.0650135576725006,-0.6579796316680496,-0.863553886389129,-0.9715988636028182,-0.8331959429201092,-0.8307810487124608
f482qwPz7ns_005169_ood,ood,anomaly,0.4015660583972931,0.4918982088565826,0.433896392583847,0.3663071691989898,0.3141624331474304,1.4095702090599276,2.308835067593982,2.8620330187409233,2.982073219761058,2.3073721065335557
xpOyD-qrQUw_004004_ood,ood,anomaly,0.197419136762619,0.3065643310546875,0.1952907592058181,0.139658585190773,0.1481628715991974,-0.2252193467054035,-0.2684282859984923,-0.2162104054420356,0.4400869997297499,-0.1112615778793009
t4Cvbdtebk0_003004_ood,ood,anomaly,0.4452377557754516,0.6128916144371033,0.4637995958328247,0.3568029105663299,0.3474570214748382,2.47682654721815,2.631830081573875,2.732950272577996,3.4919202575515427,2.8247731894816437
Hd2IzHAfkCI_002351_ood,ood,anomaly,0.2440771162509918,0.3796239495277405,0.255505621433258,0.1870222091674804,0.1541566550731659,0.4192235508614091,0.3819736159320036,0.4270619304066994,0.5318710674379787,0.4415195266977637
jBbKXYgwpX0_001546_ood,ood,anomaly,0.2121909856796264,0.3379202783107757,0.2180181443691253,0.1575168222188949,0.1353086978197097,0.0513645984067481,-0.0229418065926518,0.0263324762612266,0.2432483315272959,0.0637481214374847
D_pyFV4nKd4_003233_ood,ood,anomaly,0.2659536004066467,0.405042290687561,0.281669408082962,0.2041657716035843,0.1729369461536407,0.6434331726844178,0.6645778762289997,0.6598984096943599,0.8194576170016814,0.7007014974652531
Hkui6PJboFg_005752_ood,ood,anomaly,0.1374575495719909,0.2207017689943313,0.1297947466373443,0.0963144078850746,0.1030192822217941,-0.9825942063495888,-0.9758737499189722,-0.8048923482467137,-0.251206284721292,-0.8216573721868807
eN6y6-4C1Rc_006167_ood,ood,anomaly,0.2461925446987152,0.3935014009475708,0.2558814287185669,0.190385565161705,0.1450017839670181,0.5416335112574755,0.3860328425761003,0.4727415825329743,0.3916805995780461,0.4665820966334744
JmwUVoOrgk8_000467_ood,ood,anomaly,0.1869706511497497,0.2613593637943268,0.1794882863759994,0.1567011475563049,0.1503338366746902,-0.6239624649222706,-0.4391163520925039,0.0152543343995537,0.4733314448029885,-0.235050166274535
2SAby_5t94M_001932_ood,ood,anomaly,0.2538232207298279,0.3564788997173309,0.2715286314487457,0.2110409140586853,0.1762444078922271,0.2150661342763498,0.5550437817219964,0.7532736325987682,0.8701054746487301,0.5569866441814312
eN6y6-4C1Rc_001843_ood,ood,anomaly,0.2363147288560867,0.3491040766239166,0.2378063797950744,0.1850674897432327,0.1732809245586395,0.1500144345454584,0.1907978829257393,0.4005137733108003,0.8247250307065137,0.3495545268121597
kjVywUi1WK4_003940_ood,ood,anomaly,0.0818552523851394,0.1597469598054886,0.083730436861515,0.050058152526617,0.0338854603469371,-1.520263231664559,-1.4734305586707823,-1.4331248805944024,-1.3098670480686885,-1.4804064134656485
bhA2ckvE-TQ_004628_ood,ood,anomaly,0.3736850023269653,0.4327704310417175,0.3536441922187805,0.3414276540279388,0.3668977916240692,0.8880170274517772,1.4420028301574137,2.524130162178751,3.789620862090683,1.9770508808754328
ezY7QrSWeWw_000837_ood,ood,anomaly,0.0904201567173004,0.1656812578439712,0.0932249352335929,0.0588905289769172,0.0438839085400104,-1.4679180880288127,-1.3708771429417763,-1.313167348774749,-1.1567587067487364,-1.3789335822533864
K1r3m5OrmB4_005116_ood,ood,anomaly,0.3720449805259704,0.4608656167984009,0.3627984225749969,0.2977200448513031,0.3667958676815033,1.1358385093473191,1.5408808913892766,1.930512244275236,3.788060079308624,1.9576206982437496
a_VxrUq9PmA_002894_ood,ood,anomaly,0.2615899741649627,0.4066798985004425,0.2751190960407257,0.2061640918254852,0.1583967953920364,0.6578781526346029,0.5938256523940131,0.6870387340400672,0.5968012284639537,0.6490033707934664
ha-IeID24As_004213_ood,ood,anomaly,0.2855446934700012,0.4247024357318878,0.2940370738506317,0.2252208888530731,0.1982183456420898,0.8168510073754502,0.7981653833688475,0.9458599412973564,1.2065970077528507,0.9328072633424904
ZIts2XH28SA_002402_ood,ood,anomaly,0.1465297192335128,0.2562090158462524,0.147366389632225,0.0984494611620903,0.0840940028429031,-0.6693925564626276,-0.7860762547300509,-0.7758949744532133,-0.5410130706109363,-0.7141747074551958
RPNiqsdt6-w_003547_ood,ood,anomaly,0.1462870687246322,0.2685913145542145,0.1516926288604736,0.0949580445885658,0.0699063017964363,-0.5601710107623843,-0.7393470234709788,-0.8233138901970044,-0.7582723224889197,-0.7170495129610499
r6_ZhT7rmhM_002652_ood,ood,anomaly,0.0223704539239406,0.044499684125185,0.0220504235476255,0.0139753287658095,0.0089563764631748,-2.536834216133766,-2.139658072717486,-1.9231862478590287,-1.691611355821668,-2.185153446223888
nHvTqyRntbY_003086_ood,ood,anomaly,0.2893278300762176,0.4143337309360504,0.2655792534351349,0.2189386636018753,0.2584596872329712,0.7253909326816721,0.4907824576531913,0.860537464418195,2.1290853491194937,0.9776280304413176
HzVbo46kkBA_003834_ood,ood,anomaly,0.4377307593822479,0.4983238577842712,0.3679279685020447,0.3764257431030273,0.5082454681396484,1.4662494513041786,1.5962869207909578,2.9994591302629057,5.954107578711591,2.7358339382797077
8dI7OolIEXY_002376_ood,ood,anomaly,0.2667125761508941,0.3823433816432953,0.2719229757785797,0.2085814327001571,0.2040025442838668,0.4432110661114481,0.5593032335027006,0.7198700163709453,1.2951716588193158,0.7096934738614202
xToi8YVZM8o_000951_ood,ood,anomaly,0.6109634637832642,0.6602485775947571,0.5911100506782532,0.5892764329910278,0.6032188534736633,2.894551950048438,4.006955074044088,5.89030550085744,7.408455015157331,4.7882109751278055
nADqn-DZ-Dc_000075_ood,ood,anomaly,0.6384621262550354,0.6895331740379333,0.6378889083862305,0.6134094595909119,0.6130169034004211,3.152864963178613,4.512229966287215,6.218069871245177,7.55849461565206,5.1140017869508
4K_6s1n6BpU_002324_ood,ood,anomaly,0.3887823224067688,0.4908396005630493,0.4041640758514404,0.3651213645935058,0.2950042188167572,1.4002324570933682,1.98768585897311,2.845927931452733,2.6886994519344043,2.155916604624722
GJr8wKk8-YA_000851_ood,ood,anomaly,0.2914208173751831,0.4132656753063202,0.2914005517959595,0.2326996028423309,0.2283174693584442,0.7159698478310885,0.7696873815034028,1.047432612750461,1.6675112234796143,1.0024247285340038
Tsl84N96WM8_000961_ood,ood,anomaly,0.5311888456344604,0.6264584064483643,0.5758455991744995,0.5080598592758179,0.4143914580345154,2.596496248992572,3.842078365492175,4.787256986049811,4.5169013707144305,3.8430800024396614
fb5i7JlmJdg_001324_ood,ood,anomaly,0.238252654671669,0.3759377896785736,0.2376040071249008,0.164780780673027,0.1746880412101745,0.386708741945897,0.1886119845493134,0.1249884305563557,0.8462725041143834,0.3725141316787388
HeK6zbf8I9Y_005063_ood,ood,anomaly,0.0850852727890014,0.1308476328849792,0.0812175199389457,0.0572917014360427,0.0709842219948768,-1.7751778666931126,-1.500573458037703,-1.3348819356345598,-0.74176590364556,-1.4421386987846423
yr0gNIxRluE_001361_ood,ood,anomaly,0.0506419129669666,0.093413196504116,0.0526857040822505,0.0332549102604389,0.023213842883706,-2.105378833441412,-1.8087556345348,-1.6613392779494758,-1.4732837720887506,-1.8502069155516023
OPj7lUQOre8_000075_ood,ood,anomaly,0.0552874132990837,0.1091726347804069,0.0556773208081722,0.033886756747961,0.0224129445850849,-1.966368279060483,-1.7764421302534616,-1.6527578111654715,-1.4855480962818588,-1.7951692814092848
Hd2IzHAfkCI_004321_ood,ood,anomaly,0.4159395098686218,0.4532703757286072,0.3413534760475158,0.3018999099731445,0.567234218120575,1.068842550909052,1.3092464826682442,1.9872813716076767,6.8574147211513505,2.477661786198873
QeuzUfHIWYU_005648_ood,ood,anomaly,0.1774768978357315,0.2945862412452698,0.1676922440528869,0.110634446144104,0.1369946449995041,-0.3308754542163371,-0.5665295533919794,-0.6104037579129327,0.2690655954933381,-0.3475275495871352
3tEZvtQZ18Q_004890_ood,ood,anomaly,0.641436755657196,0.6895859241485596,0.6298490166664124,0.6486347317695618,0.59767746925354,3.153330260354391,4.425388268532703,6.696484342367807,7.323598632429118,5.149243752948139
xjbbH74SwTg_005163_ood,ood,anomaly,0.1051224321126937,0.1735323220491409,0.1075340509414672,0.0824893489480018,0.0569340325891971,-1.398665569727902,-1.2163193522722175,-0.9926583426746488,-0.9569194108293136,-1.2047481562666695
cfrLchAShxQ_001515_ood,ood,anomaly,0.1492831110954284,0.2594087719917297,0.1463004201650619,0.0969845727086067,0.0944387018680572,-0.6411682081154053,-0.7975901658011085,-0.795790458331171,-0.3826025174320208,-0.6815538564999482
OPj7lUQOre8_004116_ood,ood,anomaly,0.3066429197788238,0.4141084253787994,0.2889078855514526,0.2629783451557159,0.2605770528316498,0.7234035616936028,0.7427632168315382,1.4586654462868425,2.161509014124449,1.182768812717216
3Sqeb-l1RPA_005123_ood,ood,anomaly,0.2324143052101135,0.3550063371658325,0.2323102951049804,0.1809676885604858,0.1613729149103164,0.2020769824388542,0.1314327394482668,0.3448320399063216,0.6423751729616072,0.3033441997688109
2TmFM9p1KF8_005473_ood,ood,anomaly,0.2502644658088684,0.3648447692394256,0.2386224567890167,0.1859799176454544,0.2116107642650604,0.2888596375571414,0.1996126175169598,0.4129059759903158,1.4116779325153554,0.514824242429395
eN6y6-4C1Rc_002023_ood,ood,anomaly,0.2462890446186065,0.3822140991687774,0.2458005547523498,0.1820125430822372,0.1751289814710617,0.442070693711151,0.2771457778513824,0.3590228038807941,0.8530247151237275,0.4677253808668262
p8q77QzOdUs_000652_ood,ood,anomaly,0.3966521620750427,0.444129079580307,0.3521834313869476,0.3803213536739349,0.4099748432636261,0.9882091791443236,1.4262246387251865,3.052367634745948,4.449268819266243,2.249154646914078
ZIts2XH28SA_002310_ood,ood,anomaly,0.4531400501728058,0.5785230994224548,0.4628452360630035,0.3782283663749695,0.3929634690284729,2.1736694015333864,2.621521706092202,3.023941582943634,4.1887700656174855,2.918395739655536
88LcRU7uEFE_001137_ood,ood,anomaly,0.2217018008232116,0.3594502210617065,0.2140500843524933,0.1540376245975494,0.1592692881822586,0.2412755092606689,-0.0658022182306234,-0.0209204869381882,0.6101618941737668,0.1764276450291446
Eq7_uD2yN5Y_001731_ood,ood,anomaly,0.3261587619781494,0.4295678436756134,0.3257694840431213,0.2707172036170959,0.2785805463790893,0.8597677055273244,1.1409183048000744,1.5637712878859324,2.437200299590383,1.4139830428658506
qYonJ4w6SZs_000332_ood,ood,anomaly,0.3562824428081512,0.4912945032119751,0.3572367131710052,0.2889738082885742,0.2876247465610504,1.4042450537549929,1.4808069122995675,1.8117246272981415,2.575696040297925,1.770873798653614
2SAby_5t94M_002971_ood,ood,anomaly,0.3711396753787994,0.4820716679096222,0.3628220558166504,0.3175033926963806,0.3221616148948669,1.322892442966011,1.5411361623431843,2.1992011517260153,3.1045663732601487,1.9468950820743391
ieP36TLihGM_002282_ood,ood,anomaly,0.1881953030824661,0.2953706383705139,0.1745928525924682,0.121055893599987,0.1617618352174759,-0.3239564589245418,-0.4919936539047554,-0.4688641482925299,0.6483307914720963,-0.2205410843230092
ieP36TLihGM_000994_ood,ood,anomaly,0.257012665271759,0.3772309720516205,0.2611696422100067,0.2110562622547149,0.1785938441753387,0.3981156205059874,0.4431526961374293,0.7534820851849953,0.9060828868828942,0.5947736357359051
ha-IeID24As_006032_ood,ood,anomaly,0.1387782990932464,0.2321337014436721,0.1455526947975158,0.1026703938841819,0.074756421148777,-0.8817556333264004,-0.8056666104392569,-0.7185680846667494,-0.6840014241554027,-0.8060097726286706
GdyJqgxlSxs_006828_ood,ood,anomaly,0.1841273605823516,0.2719326019287109,0.1793102473020553,0.1430701911449432,0.1421963572502136,-0.5306982464333717,-0.4410394147389615,-0.1698754431466298,0.3487205098711066,-0.268736093477438
bI9JzQSrEGo_003004_ood,ood,anomaly,0.1285708248615265,0.2194771319627761,0.1240952312946319,0.086424209177494,0.0842866823077201,-0.9933964614609284,-1.0374362194133044,-0.939216766238088,-0.5380625294174554,-0.9269429751081772
DSBGS6aRzgc_002793_ood,ood,anomaly,0.2902715802192688,0.4474245607852936,0.3172227144241333,0.2232027351856231,0.1732363402843475,1.0172778972817147,1.0486016406091796,0.9184502476387656,0.8240423023316715,0.9888091242700936
Tsl84N96WM8_004167_ood,ood,anomaly,0.2092070430517196,0.3425028026103973,0.2096009701490402,0.1462988406419754,0.1384255588054657,0.0917860418736025,-0.1138586653067941,-0.1260253166315193,0.2909774797349726,0.0283958168598731
PqbpIHZvjMA_003367_ood,ood,anomaly,0.4201168417930603,0.5366587042808533,0.4399433732032776,0.3643927574157715,0.3394725024700165,1.8043927385312848,2.3741506317309415,2.836032302660312,3.369651637715836,2.5271527881817506
uO2zGO5ydBc_002156_ood,ood,anomaly,0.282321959733963,0.4218055307865143,0.2981603443622589,0.2240923196077346,0.1852296739816665,0.7912980431526665,0.8427022781442068,0.9305322000127588,1.0076987451950083,0.8946258775666894
YBEYOS3A3Ic_003122_ood,ood,anomaly,0.2452649474143982,0.3953879773616791,0.2578639984130859,0.1896908581256866,0.1381168961524963,0.5582745887254282,0.4074472750322341,0.4633063708606184,0.2862508635730467,0.4555923740383237
QeuzUfHIWYU_003673_ood,ood,anomaly,0.1609472632408142,0.2309400588274002,0.1357505321502685,0.1011644899845123,0.1759339720010757,-0.8922844934869993,-0.911543216196838,-0.7390206226646986,0.8653517045173511,-0.5433626408154354
OPj7lUQOre8_005647_ood,ood,anomaly,0.2979627251625061,0.399813175201416,0.3023640215396881,0.2481135874986648,0.2415601462125778,0.5973082899375187,0.8881076735925062,1.2567787117629157,1.8702991210232716,1.0799300781520444
u33fdjUY_Iw_000214_ood,ood,anomaly,0.5778835415840149,0.6011961102485657,0.5894917845726013,0.586020290851593,0.5348259806632996,2.373663065594633,3.9894756127614217,5.846081981117485,6.36114056076473,4.396296105835593
bFGmOp9H3MA_002560_ood,ood,anomaly,0.2912651002407074,0.4336573779582977,0.2891873717308044,0.2311151027679443,0.2111006081104278,0.8958405919988562,0.7457820453381468,1.0259126153679885,1.4038658039588383,1.000579867471846
UOjQsfDXjO0_001011_ood,ood,anomaly,0.220791757106781,0.3735228180885315,0.2350818365812301,0.1596571505069732,0.1149052232503891,0.3654068063273541,0.1613691335667707,0.0554014929824207,-0.0691943683945476,0.1656458885900928
DSBGS6aRzgc_002651_ood,ood,anomaly,0.3007993102073669,0.4348127543926239,0.3177019357681274,0.2602224349975586,0.190460130572319,0.9060319145471972,1.0537778788674714,1.421235861808701,1.0877938276994723,1.1135365615771502
K1r3m5OrmB4_002380_ood,ood,anomaly,0.3899236917495727,0.4713298976421356,0.3587856888771057,0.3100580275058746,0.419521152973175,1.228141639432465,1.4975379436101868,2.098081409290364,4.59545346883698,2.1694389948560167
sUbP4j8rAic_001450_ood,ood,anomaly,0.0817730277776718,0.1555550396442413,0.0849922746419906,0.0515527576208114,0.0349920503795146,-1.5572392415526937,-1.4598010050690622,-1.412825798104712,-1.29292160202172,-1.4813805707231589
QeuzUfHIWYU_000976_ood,ood,anomaly,0.0772693306207656,0.1456418633460998,0.0794267430901527,0.050569012761116,0.033439714461565,-1.6446811991098804,-1.519916268521745,-1.4261865969761551,-1.316692848617097,-1.534738189642246
uO2zGO5ydBc_001091_ood,ood,anomaly,0.4908519387245178,0.5485824346542358,0.5035977959632874,0.4485239386558532,0.4627035558223724,1.9095693533593827,3.061704436521211,3.978665761211447,5.25671469125657,3.3651878990652135
Hx8FMhmdOQU_003992_ood,ood,anomaly,0.1707738041877746,0.2960604727268219,0.1841992735862732,0.1221425309777259,0.0806929096579551,-0.3178715811122627,-0.3882313225800384,-0.4541059075687542,-0.5930947263005397,-0.4269425510816705
L334aqEJxys_003180_ood,ood,anomaly,0.282172828912735,0.4123699069023132,0.2959324419498443,0.22032430768013,0.2000646591186523,0.7080684708749524,0.818637920728976,0.8793566853315318,1.2348699945698447,0.8928590479485004
DpQBo4gb6Lw_001175_ood,ood,anomaly,0.2238391041755676,0.3842814862728119,0.2370142191648483,0.1614721268415451,0.1125886291265487,0.4603066626850055,0.1822414773893877,0.0800517196378896,-0.104668861732271,0.2017493782221999
ha-IeID24As_001058_ood,ood,anomaly,0.289125919342041,0.4117856323719024,0.2954246401786804,0.2272059619426727,0.2220874279737472,0.70291471317375,0.8131529752262998,0.9728203487992227,1.572109288664726,0.9752358900210084
7uTMZ5-aWKA_003948_ood,ood,anomaly,0.0978622958064079,0.1783588677644729,0.1009940057992935,0.0661282315850257,0.0459680706262588,-1.356091666783494,-1.2869606797091953,-1.2148679900688764,-1.124843494117191,-1.290762728924468
fHUJcUaW2mE_002364_ood,ood,anomaly,0.3865948319435119,0.4975071549415588,0.3945790529251098,0.3370486795902252,0.3172443807125091,1.459045494352189,1.8841546556999769,2.464656817897595,3.029267731410492,2.1300002788902934
P5MjgFmqouA_005382_ood,ood,anomaly,0.3663375377655029,0.5205759406089783,0.3968711793422699,0.3161356151103973,0.2317674458026886,1.662530201630573,1.9089127191753208,2.180624585813539,1.720341438806139,1.8900016854181332
Sihe6aeyLHg_002718_ood,ood,anomaly,0.1659950166940689,0.2727023959159851,0.1665403246879577,0.1146529540419578,0.1100843921303749,-0.5239080622241359,-0.5789718395337403,-0.5558261148814312,-0.1430167698628402,-0.4835593068494163
t_bCDlNOhJc_000191_ood,ood,anomaly,0.2704588174819946,0.4276507496833801,0.2915908098220825,0.2127638459205627,0.1498297899961471,0.8428574391847973,0.7717424253492323,0.7766737508803239,0.4656128719395488,0.7540771236406402
UKBuDqU8qTM_000191_ood,ood,anomaly,0.2233684062957763,0.3456100821495056,0.2187856584787368,0.173444464802742,0.1556334495544433,0.1191946743245319,-0.0146516167925941,0.2426548559531568,0.5544855321161563,0.1961727781043583
f482qwPz7ns_003854_ood,ood,anomaly,0.212365835905075,0.321075439453125,0.2147579193115234,0.1649306565523147,0.1486993432044983,-0.0972200368452737,-0.0581566439226199,0.1270239801799274,0.4483021023203476,0.0658196620789542
3Sqeb-l1RPA_005677_ood,ood,anomaly,0.3657534122467041,0.4320712685585022,0.3326765596866607,0.3071761429309845,0.3910895884037018,0.8818498682745165,1.2155240577513562,2.058940894555941,4.16007493725856,1.8830812496634368
ha-IeID24As_002404_ood,ood,anomaly,0.2851902544498443,0.4495421051979065,0.3060462772846222,0.2247015684843063,0.1604710519313812,1.0359562928921984,0.9278810127866336,0.9388067557802446,0.6285647553711753,0.9286080417899074
LfKfK4I5RPE_004409_ood,ood,anomaly,0.2212214022874832,0.3654422760009765,0.2434760779142379,0.1659170687198639,0.1100501865148544,0.2941301138719287,0.2520382861030675,0.140421005277522,-0.143540567651761,0.1707361162460921
UjkeNSr2dXQ_001394_ood,ood,anomaly,0.1991504579782486,0.3444280326366424,0.2133659124374389,0.13741996884346,0.1013878732919693,0.1087680743906988,-0.0731921996793564,-0.2466143282396955,-0.2761883929881605,-0.090749724077489
O9uvBFovKj8_004782_ood,ood,anomaly,0.5744985342025757,0.611937940120697,0.5689032077789307,0.5355258584022522,0.5816271901130676,2.4684143948876995,3.767091154684172,5.160288353395553,7.0778173302244,4.356192180637122
JV0D-YkWHD8_001599_ood,ood,anomaly,0.481300801038742,0.5873454213142395,0.4958831965923309,0.4369098842144012,0.4050647318363189,2.25148917122334,2.9783763358182687,3.8209286773071134,4.3740792496636365,3.252030653556404
d2SCftR5sWc_004173_ood,ood,anomaly,0.2517160177230835,0.3054684102535248,0.1999284774065017,0.158316507935524,0.3431506752967834,-0.2348862241318924,-0.2183346608242122,0.0371934631471507,3.4259762722710807,0.5320215252798177
LfKfK4I5RPE_005001_ood,ood,anomaly,0.2954223752021789,0.4310120940208435,0.3181378543376922,0.2417872697114944,0.190752238035202,0.8725071215925102,1.0584863886314044,1.1708573890559404,1.092266930751622,1.049833244288248
Vtpe3HAIEm4_002972_ood,ood,anomaly,0.3336933851242065,0.4021821022033691,0.2861566543579101,0.26871457695961,0.3777202069759369,0.6182040763263564,0.7130462012188196,1.5365724753873906,3.95534678591434,1.5032496024323074
JV0D-YkWHD8_002950_ood,ood,anomaly,0.2932711541652679,0.3643547594547272,0.2383989244699478,0.1783728152513504,0.391958087682724,0.2845373685378524,0.1971981663318651,0.3095895885343582,4.1733744494909475,1.0243466211208343
dZG1VKsgs60_002768_ood,ood,anomaly,0.6207751035690308,0.6043976545333862,0.5974987745285034,0.6090463995933533,0.6721575260162354,2.4019031867274747,4.075961926993723,6.1588126700340124,8.464127415710934,4.904454523133135
4OGV0AbV91U_003797_ood,ood,anomaly,0.3377794623374939,0.4684657156467438,0.3301902413368225,0.254020482301712,0.2984414100646972,1.2028773171865197,1.1886684589220933,1.337003612193625,2.7413338848593187,1.551659462870243
fb5i7JlmJdg_000281_ood,ood,anomaly,0.3004316687583923,0.4150207936763763,0.2959672212600708,0.2320005595684051,0.258738100528717,0.7314513626762402,0.81901358428914,1.0379385081629668,2.133348750508381,1.1091809240531736
lmykriTbncM_000169_ood,ood,anomaly,0.2565260827541351,0.3909018337726593,0.2458490282297134,0.1843375712633133,0.2050158530473709,0.51870329840347,0.2776693569264519,0.3906003349770312,1.3106886691622377,0.5890088421355509
Hd2IzHAfkCI_003040_ood,ood,anomaly,0.1206787824630737,0.218070238828659,0.1228905245661735,0.0802780389785766,0.0614763163030147,-1.0058063577465448,-1.0504486804316202,-1.0226914020118585,-0.8873624644114639,-1.0204440645729047
TlBhM9Xbr2o_000062_ood,ood,anomaly,0.2248865813016891,0.357121467590332,0.2284825444221496,0.1567646712064743,0.1571776270866394,0.2207340847887509,0.0900878582655209,0.0161170852491551,0.5781318476335855,0.214159379022619
d2SCftR5sWc_002516_ood,ood,anomaly,0.0421149581670761,0.0854763314127922,0.0423529930412769,0.0246663764119148,0.0159641299396753,-2.175388182572302,-1.9203628800643755,-1.777985044603079,-1.5843001520781277,-1.951230139116969
qzMjfBx1KI0_002785_ood,ood,anomaly,0.2739123106002807,0.3697018623352051,0.2605160772800445,0.2164380252361297,0.2489933520555496,0.3317029922558849,0.4360933114978546,0.8265748714494389,1.9841253663895904,0.7949924346230035
T89zSiaMNgM_005466_ood,ood,anomaly,0.2504901885986328,0.4046379923820495,0.2563636600971222,0.166809931397438,0.1741492003202438,0.6398669458558276,0.3912415932761892,0.1525474815048838,0.8380211201696417,0.5174984965317458
r6_ZhT7rmhM_003295_ood,ood,anomaly,0.0753418430685997,0.1426441073417663,0.0743344351649284,0.0481245405972003,0.036264281719923,-1.6711237484416093,-1.5749200771707057,-1.4593863647889511,-1.2734396557692869,-1.5575741270280543
p8q77QzOdUs_001272_ood,ood,anomaly,0.2505867481231689,0.3704945147037506,0.2652074992656708,0.2133433520793914,0.1533016115427017,0.3386948052412906,0.4867670101386429,0.7845443538690605,0.5187776059149772,0.5186424869320114
gXezhrOijmQ_004878_ood,ood,anomaly,0.0823438018560409,0.1492929458618164,0.0871779918670654,0.0566218048334121,0.0362824462354183,-1.612475799672272,-1.4361923046970289,-1.3439801826893722,-1.2731614987208468,-1.4746183163571407
nvVk7L3GrJQ_001750_ood,ood,anomaly,0.3715887069702148,0.4066654145717621,0.3255788087844848,0.3037972450256347,0.4503133594989776,0.6577503930710842,1.1388587542791444,2.013050158888466,5.066981007481744,1.9522149905190345
fWJbp43k644_001672_ood,ood,anomaly,0.2795742452144623,0.3836114704608917,0.2701137661933899,0.2252269387245178,0.2393447607755661,0.4543965999133436,0.5397613245508254,0.9459421080449374,1.83637445760598,0.8620722890099762
Nc9SDBksPPA_003306_ood,ood,anomaly,0.1501011699438095,0.2355159074068069,0.1539086401462555,0.1072953268885612,0.1036847829818725,-0.8519219350864585,-0.7154111062961126,-0.6557542370960046,-0.2410153315298396,-0.671861892150531
UOjQsfDXjO0_001417_ood,ood,anomaly,0.2195131778717041,0.3242685496807098,0.2037344723939895,0.1563518047332763,0.1936978995800018,-0.0690543106846047,-0.1772247705574209,0.0105097106796266,1.137374465891596,0.1504979021233569
p8q77QzOdUs_004110_ood,ood,anomaly,0.5066412687301636,0.5178044438362122,0.4442808926105499,0.4584550261497497,0.6060247421264648,1.6380834354392435,2.421001704170409,4.113545513083024,7.451422178587405,3.5522522206830773
Izf9l3VWQuo_001419_ood,ood,anomaly,0.1198802515864372,0.1944244503974914,0.1158704534173011,0.0810985416173935,0.0881275758147239,-1.2143806800646106,-1.1262749375717278,-1.011547688657041,-0.4792461188417293,-1.0299046709872055
WWyeuvpHmfc_002848_ood,ood,anomaly,0.1658653318881988,0.3097783327102661,0.1721103638410568,0.1071061789989471,0.0744664147496223,-0.1968693418327451,-0.5188078878947032,-0.6583231622448225,-0.6884423531765189,-0.4850957495119968
HzVbo46kkBA_000918_ood,ood,anomaly,0.1855376958847046,0.3223744332790375,0.1891998797655105,0.1259219348430633,0.1046544983983039,-0.0857618967319196,-0.3342180167370963,-0.4027756724970683,-0.2261658752847138,-0.2520271250478687
ujVRDgGVzlQ_004366_ood,ood,anomaly,0.2619510293006897,0.3892310559749603,0.2728395462036133,0.212523266673088,0.1732102632522583,0.5039657332800419,0.5692034329824134,0.7734063071864906,0.8236429792514668,0.6532809768734751
pOJpwWmEcFg_005127_ood,ood,anomaly,0.3343620300292969,0.4201397597789764,0.3067025244235992,0.2638940811157226,0.3467118144035339,0.7766046418289728,0.934969368908996,1.47110257758203,3.4805087448423655,1.5111713828706952
3sGShQb_HwU_001706_ood,ood,anomaly,0.1883120238780975,0.320836067199707,0.196968525648117,0.1376044750213623,0.0978389754891395,-0.0993314870802172,-0.2503061406559574,-0.2441084448196239,-0.3305334118963671,-0.2191582329641689
uFwnmh0GpBo_004369_ood,ood,anomaly,0.3328005671501159,0.4204756319522857,0.3150075376033783,0.2541154623031616,0.3416036665439605,0.7795672967278533,1.0246747367845148,1.338293589654418,3.402286601676373,1.4926719282313268
Hfs4AlBmg70_000258_ood,ood,anomaly,0.5337311029434204,0.5702255368232727,0.4969675242900848,0.4512213766574859,0.6165100336074829,2.1004784186632635,2.990088540593748,4.0153012020504075,7.611985653630169,3.873199433644697
YBEYOS3A3Ic_001201_ood,ood,anomaly,0.4595770537853241,0.5084272027015686,0.4368448853492737,0.4457082152366638,0.4473279416561126,1.5553688446120095,2.3406827748131467,3.940423818790472,5.02126467578292,2.994658235505386
vdLn-qswnRo_003795_ood,ood,anomaly,0.2447637021541595,0.3796988725662231,0.2404370903968811,0.1665982753038406,0.1923205703496933,0.4198844305788696,0.2192131132451418,0.1496728596264574,1.1162831335336294,0.4496538633771877
hfwb3mZZ0fs_001430_ood,ood,anomaly,0.0999988615512847,0.1861463189125061,0.1066260561347007,0.0648099184036254,0.0424131639301776,-1.2874002653310002,-1.2261269234833467,-1.2327727517483582,-1.1792805284723078,-1.2654497345469715
2SAby_5t94M_000819_ood,ood,anomaly,0.3598175942897796,0.5163515210151672,0.383592814207077,0.2976314127445221,0.2416946589946746,1.6252675213638026,1.7654884279125322,1.929308481185058,1.8723589435632777,1.8127565583078071
UOjQsfDXjO0_002157_ood,ood,anomaly,0.2079432904720306,0.3364980518817901,0.2188244760036468,0.1561810970306396,0.1202695146203041,0.0388194504844436,-0.0142323350555648,0.0081912322060094,0.0129501542498372,0.0134234894129316
ZIts2XH28SA_000772_ood,ood,anomaly,0.0835072174668312,0.1495984494686126,0.0857848599553108,0.0582535602152347,0.0403920114040374,-1.6097810192491653,-1.4512400123812683,-1.3218183840796425,-1.2102308624497682,-1.460834732638623
O9uvBFovKj8_005434_ood,ood,anomaly,0.1552118360996246,0.2728823125362396,0.1612723916769027,0.1071394905447959,0.0795531719923019,-0.5223210571110445,-0.6358726364946488,-0.657870739180248,-0.610547769028603,-0.6113131990070548
vdLn-qswnRo_004417_ood,ood,anomaly,0.3628759980201721,0.4697632193565368,0.3638278841972351,0.3088703155517578,0.3090425431728363,1.2143223133118568,1.5520004683890405,2.08195041721476,2.9036712671166645,1.8489910419024151
Sihe6aeyLHg_001139_ood,ood,anomaly,0.3848910629749298,0.4609744846820831,0.3422822058200836,0.3036050796508789,0.4327024817466736,1.1367988091117918,1.3192780195366007,2.0104402515564344,4.797301930311379,2.1098148507443613
V3--0ubJkNE_001913_ood,ood,anomaly,0.346996933221817,0.4209485650062561,0.3246660530567169,0.3006654381752014,0.3417076766490936,0.783738935644476,1.1289997586860654,1.9705153074781088,3.403879330304848,1.660863585995909
fWJbp43k644_002658_ood,ood,anomaly,0.4168599843978882,0.5603899955749512,0.44289031624794,0.3598331212997436,0.304326593875885,2.0137212628817274,2.40598159987116,2.7741052892962172,2.831454943076957,2.488567121847831
2TmFM9p1KF8_000218_ood,ood,anomaly,0.2556966543197632,0.3910861015319824,0.2795957326889038,0.2044789344072342,0.1476258933544159,0.5203286839615692,0.6421793790741346,0.6641516519780136,0.4318641388621653,0.5791821764473384
Nc9SDBksPPA_000391_ood,ood,anomaly,0.2352320104837417,0.3888128697872162,0.250858873128891,0.1699177473783493,0.1313385665416717,0.5002770044831395,0.3317824534323347,0.1947564992610421,0.1824528757660738,0.3367270048239884
0z7J7rOpTic_000261_ood,ood,anomaly,0.5623394250869751,0.5601237416267395,0.4983513057231903,0.5541499257087708,0.6367326378822327,2.01137269510297,3.0050352504699323,5.413232412008128,7.921658648667711,4.212136954900875
xpOyD-qrQUw_003463_ood,ood,anomaly,0.2675689458847046,0.4068515598773956,0.2618418335914612,0.1915187090635299,0.2100636512041092,0.6593923400540834,0.4504132716297044,0.4881314548311358,1.3879866646283272,0.7198393269946467
3sGShQb_HwU_001496_ood,ood,anomaly,0.145778477191925,0.2348189353942871,0.139813020825386,0.107203908264637,0.1012780964374542,-0.8580697726013353,-0.8676628474120126,-0.6569958454615451,-0.277869429063516,-0.7230750586943043
y4Evv5By6sg_002822_ood,ood,anomaly,0.2782403528690338,0.4065046608448028,0.2899999618530273,0.2313964962959289,0.1850602924823761,0.6563324196438821,0.7545591170017413,1.0297343810362654,1.005104970650614,0.8462689796472853
kjVywUi1WK4_001658_ood,ood,anomaly,0.0190863031893968,0.0305305961519479,0.0198937617242336,0.0146235162392258,0.0112973349168896,-2.660052482502882,-2.1629529354783905,-1.9143828448445668,-1.6557637663731877,-2.224062470801155
Sihe6aeyLHg_004230_ood,ood,anomaly,0.3713763952255249,0.4815915524959564,0.3582295477390289,0.2768687307834625,0.3688157498836517,1.31865745002715,1.4915308676065795,1.6473186796837316,3.818990960547463,1.9496996239722768
nvVk7L3GrJQ_004707_ood,ood,anomaly,0.1222084537148475,0.2160080820322036,0.1287824064493179,0.0766853764653205,0.067357949912548,-1.0239961913224618,-0.9868083922869324,-1.0714853964907225,-0.7972957711788891,-1.002321261711156
lmykriTbncM_004427_ood,ood,anomaly,0.200003832578659,0.3220750987529754,0.1993977725505828,0.1541230231523513,0.1244194358587265,-0.0884022610446401,-0.2240669905993703,-0.0197606405579253,0.0764987715106115,-0.0806393558316795
W6YrlYyWguc_004796_ood,ood,anomaly,0.4086716175079345,0.4496537446975708,0.4072032272815704,0.3899788558483124,0.3878506124019623,1.0369410404743815,2.0205128023105403,3.183531668672727,4.110475816112438,2.391555323571422
Hx8FMhmdOQU_004971_ood,ood,anomaly,0.2976068258285522,0.4280655086040497,0.3008904457092285,0.2327035218477249,0.2287677675485611,0.8465159368092622,0.8721910628536216,1.047485838993352,1.674406734428597,1.0757135555100747
pOJpwWmEcFg_001615_ood,ood,anomaly,0.1269043684005737,0.2369496077299118,0.1312115043401718,0.0844767540693283,0.0549795813858509,-0.8392755784564279,-0.9605708517571664,-0.9656662625225442,-0.9868483334137632,-0.9466863427661064
nvVk7L3GrJQ_003544_ood,ood,anomaly,0.1562834084033966,0.2615505754947662,0.1577738374471664,0.101144291460514,0.1046649739146232,-0.6222758283800158,-0.6736617510230972,-0.739294950315798,-0.2260054614987796,-0.5986177302317538
fb5i7JlmJdg_005052_ood,ood,anomaly,0.3113771677017212,0.4497263133525848,0.3438312709331512,0.257872998714447,0.194078043103218,1.0375811526907763,1.3360100165633115,1.389326830386017,1.1431956836625174,1.2388578852586674
xpOyD-qrQUw_004442_ood,ood,anomaly,0.2976380288600921,0.4496602416038513,0.3288034498691559,0.2364027500152588,0.1756856739521026,1.036998348262133,1.1736892366041134,1.0977271622784373,0.8615494642399463,1.07608323388942
0qfbmt4G8Rw_000970_ood,ood,anomaly,0.2673240900039673,0.343834638595581,0.2713208496570587,0.2457063198089599,0.2084345072507858,0.1035338754828365,0.5527994575219457,1.2240842390905713,1.3630392404232812,0.7169383933129838
fWJbp43k644_000533_ood,ood,anomaly,0.0709751844406127,0.1264942437410354,0.073841668665409,0.0492289252579212,0.0343358851969242,-1.8135781591226965,-1.5802426214170826,-1.444387088113526,-1.302969597550458,-1.6093081799415787
kld-iYpdjyo_000558_ood,ood,anomaly,0.0169613920152187,0.0357317999005317,0.0164367463439703,0.0093131894245743,0.0063638282008469,-2.614173803081513,-2.2002933742862303,-1.9865054158678688,-1.7313115929556604,-2.2492373874792984
88LcRU7uEFE_001701_ood,ood,anomaly,0.3560811281204223,0.5217485427856445,0.3691194951534271,0.2652823626995086,0.2681741118431091,1.672873468680382,1.6091570191619022,1.4899576199592135,2.277844377542159,1.7684887199024415
HzVbo46kkBA_001750_ood,ood,anomaly,0.2833284735679626,0.4048630893230438,0.2743226885795593,0.2147953063249588,0.239332839846611,0.6418524766855747,0.5852233753432453,0.8042641709073631,1.8361919099121715,0.9065505651556371
uO2zGO5ydBc_004625_ood,ood,anomaly,0.3108130693435669,0.4275443255901336,0.3123600780963897,0.2587320506572723,0.2446158230304718,0.8419186955606707,0.9960785956503636,1.4009941037802225,1.917091343192478,1.2321747215869885
Hd2IzHAfkCI_004231_ood,ood,anomaly,0.3991900086402893,0.4796194434165954,0.3657112121582031,0.2846706211566925,0.4667588472366333,1.3012619076470595,1.5723429559819837,1.7532805935544171,5.318814222105434,2.2792218217674973
2SAby_5t94M_003123_ood,ood,anomaly,0.2461186945438385,0.3745828866958618,0.2682966589927673,0.1958585083484649,0.1457366943359375,0.3747574394021702,0.5201341106774043,0.5470727390645319,0.4029344367166968,0.4657071558273448
QERvirE3S5s_000840_ood,ood,anomaly,0.1588810384273529,0.2808713614940643,0.1636181622743606,0.1073011383414268,0.0837334766983985,-0.4518514055198225,-0.610535143363526,-0.6556753084468504,-0.5465338833332362,-0.5678422699638495
PfJ2CudpCgE_000495_ood,ood,anomaly,0.2742456495761871,0.4040707945823669,0.2778727114200592,0.2179574519395828,0.1970815956592559,0.6348638182572923,0.6235684204358776,0.8472110703425363,1.1891897160405471,0.7989416730881203
t4Cvbdtebk0_000996_ood,ood,anomaly,0.5512063503265381,0.5724943280220032,0.5196850299835205,0.5660061240196228,0.5466398596763611,2.1204909290574045,3.2354683083713165,5.574258189627221,6.542048976282404,4.080237686417827
DSBGS6aRzgc_001842_ood,ood,anomaly,0.2207415401935577,0.3827060759067535,0.2367339730262756,0.1517467200756073,0.1117793619632721,0.446410312794622,0.1792144402959889,-0.0520345651970828,-0.1170613401110481,0.1650509429652626
88LcRU7uEFE_000073_ood,ood,anomaly,0.2049281299114227,0.3354955911636352,0.2066661119461059,0.1470736712217331,0.1304771304130554,0.0299769639863389,-0.145559100821781,-0.1155019015065939,0.1692615230422685,-0.0222986700857537
4wKjxDXnmYs_001113_ood,ood,anomaly,0.1981651782989502,0.3426701128482818,0.2096233069896698,0.1359345912933349,0.1044327095150947,0.0932618488480759,-0.1136173972362347,-0.2667880862012092,-0.2295621751280126,-0.102422839703416
eWWgJznGg6U_006506_ood,ood,anomaly,0.1103505343198776,0.2062726765871048,0.1152044534683227,0.0716155543923378,0.0483094491064548,-1.1098700711092997,-1.1334686372245648,-1.1403415357259483,-1.0889894727148108,-1.142808137761387
2SAby_5t94M_002329_ood,ood,anomaly,0.2470371127128601,0.4090303480625152,0.2678839266300201,0.1833855807781219,0.1278486251831054,0.6786109535720382,0.5156760432869136,0.3776708103398116,0.1290106692960576,0.4765881287177788
xpOyD-qrQUw_005050_ood,ood,anomaly,0.3558079600334167,0.4862299561500549,0.3612818121910095,0.2876373827457428,0.2880826890468597,1.359571793044616,1.524499449304312,1.793573871328796,2.5827086099555614,1.76525235693675
3u_CIo9IaWo_003276_ood,ood,anomaly,0.4879481792449951,0.5494740605354309,0.5001782178878784,0.4264590740203857,0.4756813049316406,1.917434190028833,3.0247683712082147,3.6789902756273296,5.455445694489961,3.330785565528317
90gyBengKDs_004312_ood,ood,anomaly,0.2898422181606293,0.4298698902130127,0.3097082674503326,0.2278974801301956,0.1918932944536209,0.8624319918982342,0.967435456333022,0.9822122509051194,1.1097401678183136,0.9837222509069344
bI9JzQSrEGo_004441_ood,ood,anomaly,0.2524709701538086,0.3727326691150665,0.2596985399723053,0.1955304443836212,0.1819221973419189,0.3584370752418154,0.4272628035437834,0.542617115629201,0.957050659363342,0.5409658354093071
8dI7OolIEXY_001208_ood,ood,anomaly,0.0882455185055732,0.1652314066886901,0.0929732695221901,0.0576880909502506,0.0370893143117427,-1.4718861265710623,-1.3735954727907898,-1.3294983440234986,-1.2608057580654486,-1.4046976407470384
hfwb3mZZ0fs_000827_ood,ood,anomaly,0.178373783826828,0.3056799173355102,0.1948929131031036,0.1259544938802719,0.0869678109884262,-0.2330205664728553,-0.2727255616595037,-0.4023334696806523,-0.4970058416953897,-0.3369016794942915
88LcRU7uEFE_002033_ood,ood,anomaly,0.2142165303230285,0.3511862754821777,0.2276453524827957,0.1538035273551941,0.1242310106754303,0.1683810547601943,0.0810450537236792,-0.0240998948310409,0.0736133770253577,0.0877457916672681
Sihe6aeyLHg_001779_ood,ood,anomaly,0.3191723227500915,0.5091159343719482,0.3505923449993133,0.2463501840829849,0.1706307232379913,1.5614439958731563,1.4090387551347816,1.2328289262734038,0.7841419401575724,1.331211100405102
7uTMZ5-aWKA_003538_ood,ood,anomaly,0.2522903680801391,0.4022315442562103,0.2726376354694366,0.1937724202871322,0.1405198574066162,0.6186401938487387,0.5670225241391336,0.5187403897354439,0.323047914952409,0.5388261496606602
HzVbo46kkBA_001421_ood,ood,anomaly,0.1159932762384414,0.1999891400337219,0.1209661588072776,0.0865223780274391,0.0564954169094562,-1.1652957712164336,-1.0712344317112346,-0.9378834792108364,-0.9636360250383642,-1.0759556691206411
Hfs4AlBmg70_000145_ood,ood,anomaly,0.2496138662099838,0.3454360365867615,0.2374759018421173,0.1889470368623733,0.2265964597463607,0.1176594565242248,0.187228274340777,0.4532041109123338,1.6411570411091592,0.5071162540241436
bcpfYpmDcp0_000052_ood,ood,anomaly,0.2484731376171112,0.3336875736713409,0.2363292127847671,0.2127854526042938,0.2110902816057205,0.014028837566607,0.1748424825904539,0.7769672035502566,1.4037076720190778,0.493601455087171
OWtbKblBOKI_001918_ood,ood,anomaly,0.2416995614767074,0.3833531439304352,0.2581951916217804,0.1826177090406417,0.1426322013139724,0.4521179581508329,0.4110246093459413,0.3672419072127193,0.355394681741346,0.4133514112171327
8dI7OolIEXY_000795_ood,ood,anomaly,0.1519758701324463,0.2750079333782196,0.1597706526517868,0.1015707105398178,0.0715542361140251,-0.5035714210855123,-0.6520934478028164,-0.7335035100888188,-0.7330371574815093,-0.6496513538377068
Vtpe3HAIEm4_002565_ood,ood,anomaly,0.1748161911964416,0.3023335039615631,0.1774764508008957,0.1276062428951263,0.0918486043810844,-0.2625385461206441,-0.4608468956164015,-0.37990012616066,-0.4222652253272432,-0.3790503109915104
hfwb3mZZ0fs_003020_ood,ood,anomaly,0.0620945021510124,0.1272479146718979,0.061798732727766,0.0359258241951465,0.0234055388718843,-1.806930192863797,-1.7103226074691098,-1.625064075560502,-1.4703482910800074,-1.7145221951919944
V3--0ubJkNE_006217_ood,ood,anomaly,0.3347952663898468,0.4898522794246673,0.3457869589328766,0.2671283185482025,0.2364135384559631,1.391523513513509,1.3571340903808284,1.51502859702902,1.7914880333601306,1.5163041570832478
0qfbmt4G8Rw_002763_ood,ood,anomaly,0.270416259765625,0.3968965113162994,0.2766002118587494,0.2117593437433242,0.1964090168476104,0.571581036433638,0.6098237051900712,0.7630310350645932,1.1788903751558957,0.7535729204642272
RASKiMoxhOE_003858_ood,ood,anomaly,0.1958055347204208,0.3197697699069977,0.2025834172964096,0.1354940980672836,0.1253748834133148,-0.108737062024941,-0.1896577214436159,-0.2727706754259467,0.0911297409847107,-0.1303787520264668
jv7vz_55H8M_002694_ood,ood,anomaly,0.319595456123352,0.501338541507721,0.3619779646396637,0.245613232254982,0.1694521158933639,1.4928413163397731,1.5320188367095018,1.2228199640360429,0.7660936778553853,1.336224179325775
DkjTJcCXipY_003474_ood,ood,anomaly,0.3116671144962311,0.4624477922916412,0.3340653777122497,0.2529194951057434,0.1972357779741287,1.149794532943296,1.23052516963411,1.322050478420784,1.1915507422753382,1.242293034210578
Eq7_uD2yN5Y_004509_ood,ood,anomaly,0.3465313613414764,0.4232264757156372,0.3229438960552215,0.310495376586914,0.3294596970081329,0.803831887245277,1.1103981353033732,2.104021296092098,3.216323440517153,1.655347716232649
GRDP68ucrBM_000061_ood,ood,anomaly,0.0247684083878994,0.048874843865633,0.0254562273621559,0.0148668587207794,0.0098757045343518,-2.498241890039264,-2.1028707880400614,-1.9110778720959192,-1.6775334915982685,-2.156743645117028
PEwiwzyTjX0_002188_ood,ood,anomaly,0.1094924136996269,0.1767215728759765,0.1019618064165115,0.075839027762413,0.0834472551941871,-1.3705338864961951,-1.2765071249082138,-1.082980139953123,-0.5509168534615677,-1.1529747345477042
gXezhrOijmQ_004718_ood,ood,anomaly,0.4800267815589905,0.5432832837104797,0.4659085869789123,0.4390664398670196,0.4718487560749054,1.8628267031757155,2.6546100365854617,3.850218087102484,5.396757067299901,3.2369366888585707
3u_CIo9IaWo_001889_ood,ood,anomaly,0.2567674219608307,0.4203483760356903,0.2851404249668121,0.1910111457109451,0.130569726228714,0.7784448001512594,0.7020695502008152,0.481237948042698,0.1706794622539231,0.5918681119693036
88LcRU7uEFE_003061_ood,ood,anomaly,0.4013265371322632,0.5170708894729614,0.4178569614887237,0.3558773100376129,0.3145010769367218,1.6316129130185657,2.1355875319482487,2.720379164960399,2.98725894337291,2.304534374790673
Tsl84N96WM8_002122_ood,ood,anomaly,0.1146027296781539,0.2131097614765167,0.1212860494852066,0.0733174979686737,0.0506976135075092,-1.0495616423338603,-1.067779180006946,-1.1172264712965296,-1.0524190086603882,-1.0924301901348468
2SAby_5t94M_002238_ood,ood,anomaly,0.1158256903290748,0.1833082288503646,0.1108174100518226,0.0815731585025787,0.0876039490103721,-1.31243443634678,-1.1808546359031942,-1.0051016465949625,-0.4872645262922486,-1.0779411456694985
WWyeuvpHmfc_002251_ood,ood,anomaly,0.2881640493869781,0.3663821220397949,0.2461712062358856,0.2044688314199447,0.3356340229511261,0.3024202899935879,0.2811493148674512,0.6640144375571756,3.310872193048106,0.963840121450454
IQwS7BEjUxM_000821_ood,ood,anomaly,0.3748652338981628,0.5100955367088318,0.4113815128803253,0.3254433274269104,0.2525405883789062,1.5700848535950909,2.0656439343884383,2.307037924585841,2.0384449427129714,1.9910336919344895
RPNiqsdt6-w_000521_ood,ood,anomaly,0.3136096596717834,0.4664299190044403,0.3242616057395935,0.2421841621398925,0.2215629816055297,1.1849200007586118,1.124631180986856,1.1762478110308696,1.5640783310602568,1.2653073670129715
Tsl84N96WM8_003626_ood,ood,anomaly,0.0874402746558189,0.152029737830162,0.0878499299287796,0.0608585402369499,0.0490228831768035,-1.5883351569618434,-1.4289344654003502,-1.286438667691553,-1.0780645066557877,-1.4142377792099994
3tEZvtQZ18Q_001807_ood,ood,anomaly,0.0731319561600685,0.1439872831106186,0.0735791400074958,0.0459513254463672,0.0290100779384374,-1.6592758890835706,-1.583078285771392,-1.488902036711897,-1.3845248048976926,-1.5837557949803218
QERvirE3S5s_002054_ood,ood,anomaly,0.1371107101440429,0.2221848964691162,0.1370029002428054,0.1044404804706573,0.0848145857453346,-0.9695118636370568,-0.8980159480246312,-0.6945275312307094,-0.5299786329817814,-0.8257665574579607
CyeT8rEQOpQ_001523_ood,ood,anomaly,0.4193831384181976,0.5051966309547424,0.3853752017021179,0.3534396290779114,0.4335210621356964,1.5268726785926097,1.7847406220365178,2.687271632357481,4.809837024075945,2.51846022655701
7uTMZ5-aWKA_004379_ood,ood,anomaly,0.1883037686347961,0.3145435750484466,0.1938992887735366,0.139155164361,0.1056170612573623,-0.1548361825553291,-0.2834580474586707,-0.2230476502703082,-0.2114259476558724,-0.2192560370817228
9Q0FCoNxL8I_001441_ood,ood,anomaly,0.1541573107242584,0.2817718982696533,0.1629767417907714,0.1022553518414497,0.0696252360939979,-0.4439079678020341,-0.6174633515671393,-0.7242050068844217,-0.7625763407396802,-0.6238067040450247
HaC3LrJiTmQ_005341_ood,ood,anomaly,0.1859749257564544,0.3216126561164856,0.1971862316131591,0.1305319219827652,0.0945689231157302,-0.092481366285627,-0.2479546219695879,-0.3401648132214555,-0.3806084120617853,-0.2468470376520957
JV0D-YkWHD8_003329_ood,ood,anomaly,0.4751043021678924,0.5759953260421753,0.4825818836688995,0.4382410645484924,0.4035989344120025,2.1513724660220075,2.8347041774249524,3.839008195111069,4.351633185232997,3.178617541203513
jFFhYwgepmY_005473_ood,ood,anomaly,0.3784776926040649,0.5395504832267761,0.4218031466007232,0.3105877339839935,0.2419693768024444,1.829900487435292,2.178211665048809,2.1052756544701947,1.8765657551670851,2.03383235007581
Pbw0A-RCjcw_000441_ood,ood,anomaly,0.336428701877594,0.4394802749156952,0.3516136705875397,0.309191346168518,0.245429590344429,0.9472030910905028,1.4200704519700855,2.0863105167464986,1.9295527333256677,1.5356563082709624
DpQBo4gb6Lw_003738_ood,ood,anomaly,0.128788411617279,0.2469778358936309,0.1315080523490905,0.0817244127392768,0.0549433417618274,-0.7508187735845012,-0.9573677324294844,-1.0030473767148609,-0.9874032784029408,-0.9243651127895532
7uTMZ5-aWKA_001400_ood,ood,anomaly,0.2281755059957504,0.3660182058811188,0.239545539021492,0.1747540235519409,0.1323842257261276,0.2992102652402401,0.2095831533187771,0.260440718706028,0.1984652749130664,0.2531249631561338
HaC3LrJiTmQ_003433_ood,ood,anomaly,0.167801171541214,0.3016182482242584,0.1740896701812744,0.1110914647579193,0.0844052881002426,-0.2688476603684818,-0.4974287040759621,-0.6041967279909848,-0.5362462939563726,-0.4621608604873984
D_pyFV4nKd4_000436_ood,ood,anomaly,0.2571417689323425,0.4248969554901123,0.2758466899394989,0.1934520900249481,0.1343713700771331,0.8185668235711018,0.6016846499585622,0.5143898021178336,0.2288948345477846,0.5963031932710761
LfKfK4I5RPE_004133_ood,ood,anomaly,0.432852566242218,0.5407219529151917,0.4372783899307251,0.3892905414104461,0.364119291305542,1.840233765054209,2.3453652102425697,3.17418327851444,3.747073101987133,2.6780394726415637
qzMjfBx1KI0_004884_ood,ood,anomaly,0.3792586326599121,0.5225922465324402,0.4057095348834991,0.3245654702186584,0.2641672492027282,1.6803155946952273,2.004378905450739,2.2951152461782165,2.21648644669939,2.0430845489796927
3Sqeb-l1RPA_003666_ood,ood,anomaly,0.2650334239006042,0.3986457884311676,0.2548715472221374,0.1868035793304443,0.2198127210140228,0.5870110268457667,0.3751247574006958,0.4240925941492878,1.5372762222861225,0.6897996926508637
Y4rb2_HaBdQ_004942_ood,ood,anomaly,0.2658370733261108,0.4010192155838012,0.2733725011348724,0.193140223622322,0.1958163529634475,0.6079465080784138,0.5749600666125771,0.5101541669943749,1.1698147883736103,0.6993209411488824
UjkeNSr2dXQ_000170_ood,ood,anomaly,0.4124932885169983,0.5134945511817932,0.4188725054264068,0.3604817986488342,0.3571242392063141,1.6000668160198566,2.1465567791428737,2.782915345591041,3.639956397106729,2.4368326275799865
sdqIDbZJfy0_003077_ood,ood,anomaly,0.1120572984218597,0.1608457118272781,0.1146784499287605,0.0927843749523162,0.0799206495285034,-1.5105713806608394,-1.1391501864285007,-0.8528357347450777,-0.6049205081823515,-1.1225872247280384
9Q0FCoNxL8I_004595_ood,ood,anomaly,0.4038927555084228,0.5551344752311707,0.4383124709129333,0.346227765083313,0.2758963406085968,1.9673634686671784,2.356534682573802,2.5893232025686164,2.396096491744855,2.334937685095033
IOoVklIZLMw_004034_ood,ood,anomaly,0.3281773328781128,0.4799356460571289,0.3482176959514618,0.2429640293121338,0.2415919303894043,1.3040510619041248,1.383389335705632,1.186839630985063,1.870785838811888,1.437898091566726
Hx8FMhmdOQU_000483_ood,ood,anomaly,0.1483949869871139,0.2655747234821319,0.1545350402593612,0.1002954468131065,0.0731747671961784,-0.58677970010264,-0.7086451383961183,-0.7508235926211049,-0.7082216239852406,-0.6920759200564714
t4Cvbdtebk0_002882_ood,ood,anomaly,0.2308415174484253,0.3035378754138946,0.1954509615898132,0.1733157038688659,0.2510615587234497,-0.2519150492463273,-0.2666978837125806,0.240906080421511,2.015796250342205,0.2847105734158319
Q7VBPeGwJWw_001409_ood,ood,anomaly,0.1667503714561462,0.2849404215812683,0.1698188334703445,0.1166590079665184,0.0955832302570343,-0.415959117443634,-0.5435595132627606,-0.528580754718002,-0.365076113349507,-0.4746102300932595
PEwiwzyTjX0_000881_ood,ood,anomaly,0.2554770708084106,0.3476630747318268,0.241580381989479,0.1930459588766098,0.2396187782287597,0.1373036723741482,0.2315622077839311,0.5088739038288643,1.8405705445327751,0.5765806575371025
Hd2IzHAfkCI_005223_ood,ood,anomaly,0.2684154808521271,0.3697095513343811,0.2684545516967773,0.2223021984100341,0.2131955921649933,0.3317708152340491,0.5218395652975805,0.9062195451182886,1.4359467356686697,0.7298686625871047
QeuzUfHIWYU_001607_ood,ood,anomaly,0.5370756983757019,0.6286758780479431,0.5883286595344543,0.5184537172317505,0.412844568490982,2.6160560804394306,3.976912290202676,4.928421886967883,4.493213525596659,3.9128245776756487
D_pyFV4nKd4_000211_ood,ood,anomaly,0.2048121094703674,0.3294407427310943,0.2212497442960739,0.1548043340444564,0.1137536540627479,-0.0234315282799289,0.0119638406348862,-0.0105073695409278,-0.0868285897087167,-0.0236732239833576
PqbpIHZvjMA_000454_ood,ood,anomaly,0.1935475021600723,0.3275476694107055,0.1934620589017868,0.1296014338731765,0.1235788241028785,-0.0401299135356328,-0.2881807210586329,-0.3528023018568049,0.0636263067894258,-0.1571308263033111
W6YrlYyWguc_002877_ood,ood,anomaly,0.2123483121395111,0.3630424737930298,0.2207734733819961,0.1546945720911026,0.1108827218413353,0.2729619840513926,0.0068194710076611,-0.0119981091041829,-0.1307917789931308,0.0656120490063143
nvVk7L3GrJQ_005580_ood,ood,anomaly,0.3233683705329895,0.4272281229496002,0.3121602237224579,0.2708466351032257,0.2832385599613189,0.8391295413036063,0.9939198982772228,1.5655291705694037,2.5085294418381827,1.3809238387988962
TlBhM9Xbr2o_001092_ood,ood,anomaly,0.1204047873616218,0.1666785925626754,0.114035315811634,0.0972816422581672,0.1036235839128494,-1.4591208168494845,-1.1460969041905626,-0.7917557876913296,-0.2419524857529263,-1.0236902256045248
Y4rb2_HaBdQ_001571_ood,ood,anomaly,0.1152443066239357,0.2027830630540847,0.1184502691030502,0.0837136134505271,0.0560302883386611,-1.1406511880054588,-1.0984094411382457,-0.9760309096339796,-0.9707586367276756,-1.0848290977461628
gXezhrOijmQ_005245_ood,ood,anomaly,0.0438440963625907,0.0826538577675819,0.0437203757464885,0.0290988553315401,0.0199033021926879,-2.2002846045936706,-1.9055932986149104,-1.7177850254991804,-1.523978778382341,-1.930744148678374
ahKX0rtdMJc_001723_ood,ood,anomaly,0.5821725726127625,0.5629047751426697,0.5228250622749329,0.5618367791175842,0.6811237335205078,2.035903582817604,3.2693849013669753,5.517631943387864,8.601428838131735,4.447110464614828
f482qwPz7ns_005724_ood,ood,anomaly,0.1204308569431305,0.2263307571411132,0.1252578049898147,0.0783920139074325,0.0517428815364837,-0.9329421344185078,-1.0248788521037986,-1.048306581998525,-1.0364125993595996,-1.023381365850625
Tsl84N96WM8_001131_ood,ood,anomaly,0.2432275116443634,0.3878568112850189,0.255491554737091,0.178566962480545,0.1509947478771209,0.4918438217718632,0.3818216766000437,0.3122264125595632,0.4834521171323248,0.4314538235092482
fdvMUP8qvzw_001297_ood,ood,anomaly,0.3198571801185608,0.4541509449481964,0.3205890655517578,0.2476920783519745,0.256996601819992,1.0766098591874211,1.0849627829414974,1.2510539561254157,2.1066808142891937,1.3393249582440283
7uTMZ5-aWKA_002115_ood,ood,anomaly,0.2206916213035583,0.3484475016593933,0.2284947037696838,0.1672526895999908,0.1385716050863266,0.1442229305457038,0.0902191956541645,0.1585608326646767,0.2932139171687387,0.1644595281750011
d2SCftR5sWc_000301_ood,ood,anomaly,0.3010223805904388,0.4377704858779907,0.3134514987468719,0.2442192286252975,0.2086482495069503,0.9321214163608074,1.0078674139025514,1.2038872072966142,1.366312320573259,1.1161793912518396
xjbbH74SwTg_004536_ood,ood,anomaly,0.1320235431194305,0.2241757661104202,0.1305353194475174,0.0907239913940429,0.0826590880751609,-0.9519508384478412,-0.9678745625682604,-0.880818976587522,-0.5629862224223058,-0.8860368442956934
3tEZvtQZ18Q_001444_ood,ood,anomaly,0.36977618932724,0.5013766288757324,0.3869291841983795,0.3095399141311645,0.2812590003013611,1.4931772766734708,1.8015257334483423,2.0910446166465384,2.4782160281736503,1.9307411608389748
QeuzUfHIWYU_004621_ood,ood,anomaly,0.6081489324569702,0.6303290128707886,0.5946229696273804,0.6231935620307922,0.5844501852989197,2.6306380207447453,4.04489934695814,6.350953335436607,7.12104644959509,4.754865773460785
UbDCiQVuzPY_001786_ood,ood,anomaly,0.2161168158054351,0.2459743320941925,0.195076897740364,0.2072425484657287,0.2161734998226165,-0.7596704608742167,-0.2707382788928645,0.7016858675115725,1.4815480623203936,0.1102594521278169
DSBGS6aRzgc_004516_ood,ood,anomaly,0.2755081057548523,0.4287048280239105,0.3015860617160797,0.2144926190376281,0.1572488695383072,0.8521552334277877,0.8797046559622534,0.8001532025733374,0.5792227982887059,0.8138986414046888
2TmFM9p1KF8_005030_ood,ood,anomaly,0.434183120727539,0.5328540802001953,0.4404048919677734,0.3963710069656372,0.3671024739742279,1.7708329825684743,2.3791356582028262,3.2703471113078133,3.7927552059933674,2.693803236657084
pQdl0apLT70_000947_ood,ood,anomaly,0.1751825660467147,0.2928530871868133,0.1901085674762725,0.1287659704685211,0.0890026465058326,-0.3461632266781291,-0.3244029612262469,-0.3641492058879051,-0.4658459771931306,-0.374709679514451
qYonJ4w6SZs_000429_ood,ood,anomaly,0.2465650141239166,0.379274845123291,0.2515465915203094,0.1974941045045852,0.1579445004463195,0.4161441773489437,0.3392107416194208,0.5692867014161066,0.5898751407762574,0.4709949336774642
TlBhM9Xbr2o_002504_ood,ood,anomaly,0.2573451399803161,0.3348940014839172,0.2484465390443802,0.208217978477478,0.2378220111131668,0.0246704731443868,0.3057259846699998,0.7149337377003804,1.8130562715681715,0.5987126347807726
9Q0FCoNxL8I_000221_ood,ood,anomaly,0.3188697397708893,0.4440762102603912,0.3415466547012329,0.2675906121730804,0.2222654819488525,0.9877428304495036,1.311333073239778,1.5213072698786612,1.574835866656367,1.327626244067478
4wKjxDXnmYs_000219_ood,ood,anomaly,0.1449604928493499,0.2480771243572235,0.1509605795145034,0.1029825359582901,0.0778217315673828,-0.7411221907450948,-0.7472541458874946,-0.7143287054919845,-0.6370616806311385,-0.7327661403350789
xpOyD-qrQUw_002352_ood,ood,anomaly,0.1011151522397995,0.180487185716629,0.1020636036992073,0.0687683075666427,0.0531415045261383,-1.3373182401396522,-1.2754075766600317,-1.1790116154732984,-1.0149951911835668,-1.2522244640446332
nvVk7L3GrJQ_003780_ood,ood,anomaly,0.2409026026725769,0.3349044024944305,0.2276780307292938,0.1945957392454147,0.2064322382211685,0.0247622181807407,0.0813980229556579,0.529922353127928,1.3323780734020432,0.4039094299551825
W6YrlYyWguc_003816_ood,ood,anomaly,0.3729219138622284,0.454422116279602,0.3413614332675934,0.3125010728836059,0.3834030926227569,1.079001802126632,1.3093324314005186,2.131261799107886,4.042370009768053,1.9680101789622175
9Q0FCoNxL8I_003976_ood,ood,anomaly,0.0839917883276939,0.1550491154193878,0.0838446468114852,0.0567015148699283,0.0403718836605548,-1.5617018883639977,-1.4721969368383614,-1.3428975953137612,-1.2105390828215326,-1.4550937721716082
GJr8wKk8-YA_003273_ood,ood,anomaly,0.1283346712589264,0.2359708696603775,0.133321076631546,0.085538350045681,0.0585083551704883,-0.8479088126653127,-0.9377846195909754,-0.9512481233241614,-0.932811477831168,-0.9297408084204336
1u69z-wsDIc_002449_ood,ood,anomaly,0.2154769152402877,0.3788910508155823,0.2304867655038833,0.1474582850933075,0.1050715669989585,0.4127588117954582,0.111736154968835,-0.1102782416006466,-0.2197792160322212,0.1026782206835831
LfKfK4I5RPE_002216_ood,ood,anomaly,0.3435243368148803,0.4705488383769989,0.352396011352539,0.2960652410984039,0.2550871670246124,1.221252086673826,1.428520789688893,1.908037412619148,2.077441237433487,1.61972194851769
bFGmOp9H3MA_003301_ood,ood,anomaly,0.3871844112873077,0.4867292642593384,0.3649616241455078,0.3270767331123352,0.3699700534343719,1.363976080549128,1.5642463922585652,2.3292221369081187,3.836667053738898,2.136985328917598
gXezhrOijmQ_001154_ood,ood,anomaly,0.2096693366765976,0.3666049540042877,0.2220551520586013,0.1430462151765823,0.1069709956645965,0.3043858419615496,0.0206633331056782,-0.1702010744196789,-0.1906928651470033,0.033872847442877
y4Evv5By6sg_004266_ood,ood,anomaly,0.2335573136806488,0.3788136839866638,0.2425283342599868,0.1640488654375076,0.1488383561372757,0.4120763759376504,0.2418013736122742,0.1150478731482615,0.4504308366147669,0.3168860095902349
Y4rb2_HaBdQ_001637_ood,ood,anomaly,0.3170682489871979,0.3750022649765014,0.2743757665157318,0.2710111141204834,0.3478838503360748,0.3784566833894852,0.5857966887971022,1.5677630537216196,3.4984563777283406,1.3062830552664606
oZaUkhs_H-s_001257_ood,ood,anomaly,0.2602488994598388,0.3627391457557678,0.2536410391330719,0.2066166698932647,0.217998668551445,0.2702863938507888,0.3618336068132193,0.6931854543788147,1.5094972551654968,0.6331149683176693
UOjQsfDXjO0_003077_ood,ood,anomaly,0.1895473003387451,0.3163990974426269,0.1928021609783172,0.1321494579315185,0.1168384924530983,-0.1384690257976366,-0.295308510588126,-0.3181961368257147,-0.0395898102435324,-0.2045232767602685
PfJ2CudpCgE_005656_ood,ood,anomaly,0.3831961154937744,0.4669699072837829,0.3783377707004547,0.3231429159641266,0.364333838224411,1.1896831191359682,1.7087268550216932,2.2757947271521757,3.750358504106443,2.089733935301662
fHUJcUaW2mE_001714_ood,ood,anomaly,0.2446219772100448,0.3630232810974121,0.2534605860710144,0.2014071494340896,0.160596877336502,0.2727926894857423,0.3598844698322516,0.6224319918466116,0.6304915462793186,0.4479747749980314
1u69z-wsDIc_000565_ood,ood,anomaly,0.2360734045505523,0.380702257156372,0.251078724861145,0.1801424026489257,0.132370263338089,0.4287350663495445,0.3341571493049356,0.3336233622018156,0.1982514659266941,0.3466954335201359
7uTMZ5-aWKA_000860_ood,ood,anomaly,0.0409432128071785,0.0826292932033538,0.0404752790927886,0.0244056154042482,0.0162626598030328,-2.20050128323612,-1.9406447287343151,-1.781526588269215,-1.5797287014559398,-1.9651124096616817
EY8x-fyQkbk_002649_ood,ood,anomaly,0.4380370080471039,0.5106027126312256,0.4385350048542022,0.3734389543533325,0.4295713603496551,1.5745585413563283,2.358938349929192,2.958893852220674,4.749354409424985,2.7394622238825277
Q7VBPeGwJWw_001964_ood,ood,anomaly,0.3875162005424499,0.4828972816467285,0.3815717995166778,0.3340384066104889,0.3515573740005493,1.3301750009663378,1.7436587375364223,2.423772587160318,3.5547098186830017,2.1409162070429577
d2SCftR5sWc_000711_ood,ood,anomaly,0.2022774070501327,0.3255339562892914,0.1993856430053711,0.1517226994037628,0.1324673146009445,-0.0578924360611382,-0.2241980060826483,-0.0523608036135872,0.1997376323389086,-0.0537031485320763
EY8x-fyQkbk_006234_ood,ood,anomaly,0.2708699107170105,0.3713041245937347,0.255789190530777,0.2327803522348404,0.2236059457063675,0.3458361968103217,0.3850365454735248,1.0485293162114016,1.5953626702712334,0.7589475568447375
EY8x-fyQkbk_001227_ood,ood,anomaly,0.1623236536979675,0.275044173002243,0.1575639992952346,0.1052226796746254,0.1114637851715087,-0.5032517592969556,-0.6759282866932863,-0.6839040386262788,-0.1218938339353835,-0.5270558344432449
bcpfYpmDcp0_000156_ood,ood,anomaly,0.1417805254459381,0.2550545334815979,0.1476715207099914,0.0963779687881469,0.0680181011557579,-0.6795759926181577,-0.782780426657444,-0.8040290914442343,-0.7871867362650316,-0.7704408513502672
l1XbmdmGr0Q_000169_ood,ood,anomaly,0.2264093458652496,0.3546161651611328,0.2322688698768615,0.1807381212711334,0.1380142271518707,0.1986353606166588,0.1309852909918594,0.3417141558835784,0.2846786715601247,0.2322003547932385
6E2N9ld0eHg_001263_ood,ood,anomaly,0.2562144696712494,0.4161419868469238,0.2763546407222748,0.1934501677751541,0.1389110833406448,0.7413411621394861,0.6071712049880607,0.5143636949492675,0.2984124191191576,0.5853170015104947
0RJPQ_97dcs_000387_ood,ood,anomaly,0.2266384661197662,0.348283588886261,0.2167825549840927,0.158657044172287,0.1828306764364242,0.1427770918639077,-0.0362878420447452,0.0418184796064361,0.9709623909238376,0.2349148604096728
lKMwX4nA64k_005351_ood,ood,anomaly,0.5371870994567871,0.5723017454147339,0.4979717433452606,0.4902904331684112,0.5881845951080322,2.1187922000461743,3.0009354637499315,4.545920296010545,7.178232252895875,3.9141444036374375
Zpo0kwg1XEQ_000942_ood,ood,anomaly,0.2362353056669235,0.3246921896934509,0.2083768397569656,0.1818283349275589,0.230043888092041,-0.0653174748915621,-0.1270809281463064,0.3565209680837579,1.6939482368661334,0.348613559399595
ZIts2XH28SA_004402_ood,ood,anomaly,0.2883895635604858,0.4100930988788605,0.2865141928195953,0.2278664857149124,0.2290844470262527,0.6879852458252841,0.7169080998745866,0.9817912981096304,1.6792561139146076,0.9665119039686068
GdyJqgxlSxs_001538_ood,ood,anomaly,0.3963428139686584,0.4451816380023956,0.3659364879131317,0.3640879988670349,0.4101651310920715,0.9974935665195368,1.5747762386308912,2.8318932033462043,4.452182736828654,2.2454896406317437
d2SCftR5sWc_002296_ood,ood,anomaly,0.1910102367401123,0.3199945092201233,0.1930871754884719,0.1307078450918197,0.1202514693140983,-0.1067546857523183,-0.2922299686364361,-0.337775501344752,0.0126738226783346,-0.1871911160293202
xjbbH74SwTg_002050_ood,ood,anomaly,0.0917931348085403,0.1454791724681854,0.080968476831913,0.0611974261701107,0.0795274674892425,-1.6461162597215029,-1.5032634602146564,-1.2818360649448153,-0.6109413874933769,-1.3626672039370078
e3hXj7S3QyA_001070_ood,ood,anomaly,0.2521476745605469,0.3889781534671783,0.2679775655269623,0.1978870034217834,0.1537479162216186,0.5017349356339101,0.5166874699416129,0.5746228852423866,0.5256119633865337,0.5371355860691562
PYL3JcSsS6o_004416_ood,ood,anomaly,0.3899255692958832,0.4863304197788238,0.370234340429306,0.331579178571701,0.3715583384037018,1.360457960716677,1.6211988550304464,2.390372411412074,3.8609887957234177,2.1694612391138004
OWtbKblBOKI_003070_ood,ood,anomaly,0.183538943529129,0.2716146111488342,0.1794886291027069,0.1446579098701477,0.138394609093666,-0.5335031734760561,-0.4391126501808136,-0.1483117314353945,0.2905035402849221,-0.2757073732499243
LbKd5Ho0wDM_000503_ood,ood,anomaly,0.3822736740112304,0.4524334967136383,0.3493002355098724,0.3395203053951263,0.3878406584262848,1.0614606243593216,1.3950822261592517,2.4982253747640337,4.1103233887881085,2.07880529614455
UKBuDqU8qTM_003999_ood,ood,anomaly,0.0686489790678024,0.1230706125497818,0.0705612674355506,0.0478473342955112,0.0331167057156562,-1.8437772602294913,-1.6156753886786968,-1.4631512613536068,-1.3216391495192907,-1.6368679326260178
TNZv-NBcV5U_004436_ood,ood,anomaly,0.2133363783359527,0.3550485670566559,0.2271710783243179,0.1530615985393524,0.1180642619729042,0.202449483059237,0.0759222517558643,-0.0341764523730628,-0.0208193436277175,0.0773181779354582
mrIFkGZbNjc_001871_ood,ood,anomaly,0.3500409722328186,0.490386962890625,0.3591333627700805,0.2732972204685211,0.2773464024066925,1.3962398392935282,1.5012932915903627,1.5988119652496744,2.4183015932196685,1.6969278833643038
VxWJchENocA_004081_ood,ood,anomaly,0.2659779489040375,0.359463632106781,0.2600573599338531,0.2148800194263458,0.2295107841491699,0.2413938051528164,0.4311385441302156,0.8054147077546492,1.6857847039990363,0.7009899666495185
hfwb3mZZ0fs_001042_ood,ood,anomaly,0.3290514051914215,0.4409200251102447,0.335105836391449,0.2874603271484375,0.2527194321155548,0.9599028123118788,1.2417635297133085,1.791169178484564,2.041183614489328,1.448253676273334
4OGV0AbV91U_001481_ood,ood,anomaly,0.2291738241910934,0.3640465140342712,0.2378985583782196,0.1747415214776992,0.1400087177753448,0.2818184031767942,0.1917935362175868,0.2602709209197698,0.3152207262111526,0.2649525527944421
h55PiQMnlJY_001243_ood,ood,anomaly,0.2518990933895111,0.3405745923519134,0.2383101284503936,0.1952319741249084,0.2334796637296676,0.0747777213804736,0.1962390492988681,0.5385634211611008,1.7465609922524086,0.5341905169553843
xVfPBzDnI2Q_005155_ood,ood,anomaly,0.1182676553726196,0.225809633731842,0.1218589395284652,0.0762351378798484,0.0491668991744518,-0.9375388499075776,-1.0615911931885915,-1.0776003429886571,-1.075859159376122,-1.049009928567702
J_ggxJD3Uy8_001670_ood,ood,anomaly,0.2275956720113754,0.346349686384201,0.2172310948371887,0.1720542758703231,0.1747476607561111,0.1257185613365559,-0.0314430053590223,0.2237739087885573,0.847185470768041,0.2462553714192261
VxWJchENocA_001130_ood,ood,anomaly,0.2605401277542114,0.4040741324424743,0.2733310163021087,0.2043332457542419,0.1604220867156982,0.6348932607904489,0.5745119743454413,0.6621729714580622,0.6278149407188581,0.6365652998582262
xVfPBzDnI2Q_005805_ood,ood,anomaly,0.246351733803749,0.3112395107746124,0.2243369370698928,0.231423333287239,0.2184071391820907,-0.1839806100636939,0.0453096954196021,1.030098869490436,1.5157522518938291,0.4684680919183568
jFFhYwgepmY_000073_ood,ood,anomaly,0.2280323654413223,0.3402662575244903,0.2094246000051498,0.1570731401443481,0.2053654789924621,0.0720579673801349,-0.1157637012528497,0.0203065774700298,1.3160425648370102,0.251429103312776
Hkui6PJboFg_005596_ood,ood,anomaly,0.1685404330492019,0.2830280661582947,0.1779074072837829,0.1202698796987533,0.0929563716053962,-0.4328275859042693,-0.4561919830956287,-0.4795394504717896,-0.4053017526955114,-0.453402448797953
t4Cvbdtebk0_000685_ood,ood,anomaly,0.3486993908882141,0.4857123792171478,0.3301471769809723,0.2506604492664337,0.3282774984836578,1.355006360247025,1.1882033056706485,1.2913690910641755,3.1982201857222066,1.6810334784697398
r6_ZhT7rmhM_001797_ood,ood,anomaly,0.5037159323692322,0.5218116641044617,0.4424607753753662,0.4333852231502533,0.6172060370445251,1.673430248012754,2.4013419778551923,3.77305824921393,7.622643700733154,3.517594254723405
gXezhrOijmQ_000073_ood,ood,anomaly,0.330015629529953,0.4637155532836914,0.3430564105510711,0.2797006964683532,0.2335898131132125,1.1609771750678282,1.3276404770909485,1.685781217560035,1.748247732943195,1.4596773384369806
HzVbo46kkBA_000670_ood,ood,anomaly,0.5340840816497803,0.6394219994544983,0.5620085597038269,0.4995172917842865,0.4353885650634765,2.7108452644179843,3.692619636269813,4.671235514653845,4.838434489418682,3.877381354107893
bcpfYpmDcp0_000541_ood,ood,anomaly,0.2250582575798034,0.3532134890556335,0.2256829440593719,0.15731181204319,0.1640248149633407,0.1862626618171281,0.0598483902465082,0.0235481163764487,0.682984276556916,0.216193316275932
gDjeTHGWX9c_000512_ood,ood,anomaly,0.1596806943416595,0.2802548408508301,0.1664075553417205,0.1134285554289817,0.0786318108439445,-0.4572895991216977,-0.5804059279317937,-0.5724553693524663,-0.6246567661907203,-0.5583683346490523
W6YrlYyWguc_003736_ood,ood,anomaly,0.4404230713844299,0.5003083348274231,0.3460673689842224,0.2808923721313476,0.6344241499900818,1.4837540887848046,1.360162897953731,1.701966043021986,7.886308287761779,2.7677311446900945
Vtpe3HAIEm4_002007_ood,ood,anomaly,0.1988175958395004,0.3243265748023987,0.2005287855863571,0.1394920945167541,0.1309229135513305,-0.0685424837912484,-0.2118505210706804,-0.2184716100497288,0.1760878940522209,-0.0946933132072962
OPj7lUQOre8_000751_ood,ood,anomaly,0.2026455998420715,0.3273263871669769,0.2135012298822403,0.1555943489074707,0.1141604483127594,-0.0420817957560576,-0.0717305883726533,0.0002222719775579,-0.0805992637498241,-0.049340978964147
yr0gNIxRluE_003508_ood,ood,anomaly,0.3291932344436645,0.4256805777549743,0.315155416727066,0.2859573364257812,0.2899795174598694,0.825478983989128,1.0262720312022782,1.7707562060017663,2.611755142625068,1.4499340004445886
qYonJ4w6SZs_005160_ood,ood,anomaly,0.1980315744876861,0.2784409523010254,0.1845722496509552,0.1429566591978073,0.1861564069986343,-0.4732895128542139,-0.3842026769455528,-0.1714173851412601,1.0218900029116482,-0.1040057128405752
vZSr9dhRxlE_000335_ood,ood,anomaly,0.2280354350805282,0.2373174875974655,0.2202197015285492,0.232301190495491,0.2223033607006073,-0.836030590694957,0.0008379864805187,1.04202154789806,1.5754159119534428,0.2514654709088336
Vtpe3HAIEm4_002771_ood,ood,anomaly,0.1900832206010818,0.3085596263408661,0.1979817450046539,0.1431874334812164,0.1106040850281715,-0.2076192838717795,-0.2393620020797492,-0.1682831082452315,-0.1350586031512778,-0.1981739534970625
ruiSuGHJf6Q_004209_ood,ood,anomaly,0.1293891966342926,0.187797799706459,0.1391481608152389,0.1070288270711898,0.0835820361971855,-1.272832914852384,-0.8748442341846646,-0.6593737228031807,-0.5488529235984494,-0.9172473033824636
bhA2ckvE-TQ_002032_ood,ood,anomaly,0.3197202086448669,0.464643269777298,0.3222839832305908,0.2532602548599243,0.2386934012174606,1.169160359127034,1.1032701848211992,1.3266785305973443,1.8264000516163068,1.3377021866762424
hdOtS-BpUPY_005541_ood,ood,anomaly,0.228668987751007,0.3223744928836822,0.2176863700151443,0.168958380818367,0.2056567072868347,-0.0857613709723994,-0.0265254180609627,0.1817267959537429,1.320502204996742,0.2589714955767532
fHUJcUaW2mE_001020_ood,ood,anomaly,0.186731219291687,0.2650021016597748,0.184599369764328,0.15296670794487,0.1443567276000976,-0.5918306718175542,-0.3839097430640201,-0.0354652155469445,0.3818027156814737,-0.2378868387670465
HaC3LrJiTmQ_003076_ood,ood,anomaly,0.0850795358419418,0.16582091152668,0.0859352573752403,0.0529918223619461,0.0355701521039009,-1.466686233471922,-1.449615516960219,-1.3932810407626108,-1.2840690086566506,-1.4422066673500895
Y4rb2_HaBdQ_002833_ood,ood,anomaly,0.1939470320940017,0.2777899205684662,0.1657517999410629,0.1359780579805374,0.1962683796882629,-0.4790321212185478,-0.5874889726156448,-0.2661977403817656,1.176736768738196,-0.1523973894804816
p-fBcE77G4c_000607_ood,ood,anomaly,0.3367045521736145,0.4309642612934112,0.3253901898860931,0.2637786865234375,0.3266851007938385,0.8720851995771856,1.136821415228353,1.4695353379434404,3.1738354647833256,1.5389244487477725
O9uvBFovKj8_004288_ood,ood,anomaly,0.2510414719581604,0.349419504404068,0.2488989382982254,0.202392578125,0.2034548968076706,0.1527967539287548,0.3106125081004026,0.6358156597881954,1.2867854177657745,0.5240298343169698
JkYzYrJpSoQ_002340_ood,ood,anomaly,0.0322144031524658,0.0643110424280166,0.0322246216237545,0.0193662177771329,0.0129557233303785,-2.3620825623988075,-2.02976298146348,-1.8499695157880056,-1.63036851559523,-2.068527111615877
0z7J7rOpTic_000953_ood,ood,anomaly,0.1974160075187683,0.3473531305789947,0.2051566243171692,0.1343466192483902,0.1028076410293579,0.1345697228667514,-0.1618636075246727,-0.2883552383920219,-0.2544471908402368,-0.1112986516422721
h55PiQMnlJY_001860_ood,ood,anomaly,0.368273913860321,0.4990703165531158,0.3626428544521332,0.2908057868480682,0.3205766677856445,1.4728338006610782,1.5392005453875182,1.8366057708476733,3.080295744629897,1.9129429299449547
4OGV0AbV91U_004538_ood,ood,anomaly,0.0293032079935073,0.0445397309958934,0.0319133512675762,0.024567985907197,0.0161917619407176,-2.5364809714558274,-2.033125122041138,-1.779321342049961,-1.5808143753417865,-2.103017539475264
fb5i7JlmJdg_005553_ood,ood,anomaly,0.0649229511618614,0.1202422752976417,0.0641015619039535,0.0408644005656242,0.0344835594296455,-1.868725403843704,-1.6854489397298047,-1.5579904589139617,-1.3007082309472566,-1.6810121035506145
4K_6s1n6BpU_006074_ood,ood,anomaly,0.2673616409301758,0.3752294778823852,0.2293905168771743,0.1775688678026199,0.2872577905654907,0.3804608786822149,0.0998951880476266,0.2986707206390546,2.5700767659132784,0.7173832784686429
t_bCDlNOhJc_002483_ood,ood,anomaly,0.1754133999347686,0.2823149263858795,0.1860594600439071,0.1339755058288574,0.0993037074804306,-0.4391180356891237,-0.3681387945024916,-0.2933955409745498,-0.30810366266586,-0.3719748715992465
QeuzUfHIWYU_005777_ood,ood,anomaly,0.5791136622428894,0.6928493976593018,0.626715898513794,0.542768120765686,0.4541211724281311,3.182116645629191,4.391546357581566,5.2586496407338394,5.125290848207154,4.410869978601454
sdqIDbZJfy0_005607_ood,ood,anomaly,0.22064009308815,0.3638336360454559,0.229076862335205,0.1641710251569748,0.1254788041114807,0.2799406530487816,0.0965072950408233,0.1167069938297138,0.092721100505483,0.1638490468780692
pQdl0apLT70_002720_ood,ood,anomaly,0.3419180810451507,0.4622818529605865,0.3287085592746734,0.2784784138202667,0.2982034981250763,1.1483308184377976,1.1726642899241126,1.6691807012125393,2.737690689260145,1.600691809442643
pOJpwWmEcFg_002352_ood,ood,anomaly,0.217296615242958,0.329422116279602,0.2067399770021438,0.1584698408842086,0.1745545566082,-0.023595828130133,-0.1447612583763098,0.0392759651979108,0.844228426312967,0.1242371434767498
PEwiwzyTjX0_003560_ood,ood,anomaly,0.2697620391845703,0.3634954690933227,0.2739163935184479,0.2280328571796417,0.213603526353836,0.276957756408356,0.5808348395114481,0.9840508836681092,1.442193517750781,0.7458220324189663
bhA2ckvE-TQ_001256_ood,ood,anomaly,0.380324512720108,0.5450039505958557,0.4102419018745422,0.315326988697052,0.2507252395153045,1.8780043290179305,2.053334595162142,2.1696421702366098,2.010646123530644,2.05571257881473
sdqIDbZJfy0_002337_ood,ood,anomaly,0.2246497422456741,0.338612824678421,0.2292666435241699,0.1837659776210785,0.1469535529613495,0.0574733982772174,0.0985571884008242,0.382837196379835,0.4215684489313901,0.2113534247908551
vZSr9dhRxlE_004142_ood,ood,anomaly,0.4627551436424255,0.5268422365188599,0.4488241374492645,0.4162973761558532,0.4590567648410797,1.717803825796358,2.4700748893397897,3.5409784730523923,5.200870613505274,3.032310702262791
ujVRDgGVzlQ_005856_ood,ood,anomaly,0.2526672780513763,0.3609892427921295,0.2565971314907074,0.2143545448780059,0.1787282079458236,0.2548508829636938,0.3937633999002851,0.7982779388218939,0.908140427576728,0.5432915961397243
T7TkJVmGyts_003025_ood,ood,anomaly,0.5241178274154663,0.5874790549278259,0.5044519305229187,0.4663076400756836,0.5382328033447266,2.252667924068644,3.07093024426267,4.22019633239402,6.413309953439669,3.7593060091283097
JkYzYrJpSoQ_000925_ood,ood,anomaly,0.1873697638511657,0.3024468421936035,0.191136360168457,0.1371663361787796,0.1187295392155647,-0.2615388143921222,-0.3133014109268851,-0.2500590578223967,-0.010631813205524,-0.2303216726201013
